pokemon_id,form,count_poke,avg_weight,avg_height,avg_size,avg_atk,avg_def,avg_sta,avg_level,avg_iv,avg_lat,avg_lon,iv_100,iv100_percentage,iv_0,iv0_percentage,shinies,shiny_odds,little_top_1,little_top1_percentage,great_top_1,great_top1_percentage,ultra_top_1,ultra_top1_percentage
592,2330,33314,12618.9394,33.832789594178884,1.1998701808482164,2.9990,7.5228,7.5558,7.5459,15.5484,50.276681,40.58537443316572,-8.461750112082896,13,0.0390,7,0.0210,60,0.1801,8,0.0240,22,0.0660,20,0.0600
747,0,33262,12599.2424,8.266513985285648,0.40239361602822776,3.0183,8.9043,8.9441,8.9088,19.0279,59.460507,40.58534250188295,-8.461684447196218,16,0.0481,4,0.0120,0,0.0000,3,0.0090,2,0.0060,0,0.0000
676,2629,33109,12541.2879,28.707812110140072,1.1990177468093315,2.9985,7.8735,7.9018,7.9139,16.4094,52.642753,40.58531444599001,-8.46169890804259,7,0.0211,5,0.0151,74,0.2235,0,0.0000,7,0.0211,7,0.0211
50,59,28299,10719.3182,0.8206241540942536,0.2000137927490238,2.9980,7.6815,7.6872,7.6959,15.9832,51.254907,40.5869714740899,-8.46381298857656,9,0.0318,4,0.0141,48,0.1696,9,0.0318,7,0.0247,0,0.0000
574,0,16584,6281.8182,5.951696423272962,0.4013616749475845,3.0192,7.4971,7.4814,7.5488,15.4214,50.060765,40.585437112156875,-8.461790618718162,6,0.0362,4,0.0241,27,0.1628,4,0.0241,16,0.0965,2,0.0121
453,0,16526,6259.8485,23.611257648127502,0.7011276952610325,3.0030,8.8709,8.9332,8.8605,18.8827,59.254777,40.58548899082777,-8.461953368755056,10,0.0605,1,0.0061,34,0.2057,2,0.0121,1,0.0061,1,0.0061
194,1226,16385,6206.4394,8.76086879293301,0.41102399798083405,3.0009,7.7345,7.6761,7.7425,15.9137,51.451282,40.58552313073095,-8.461889483952337,1,0.0061,3,0.0183,29,0.1770,7,0.0427,6,0.0366,0,0.0000
25,598,14164,5365.1515,6.1363663309905565,0.3995547435220693,3.0023,7.4951,7.5623,7.5167,15.6216,50.164723,40.587014936563854,-8.463855719476282,1,0.0071,3,0.0212,32,0.2259,4,0.0282,2,0.0141,5,0.0353
592,2168,8392,3178.7879,33.579139671857526,1.196756261682317,3.0006,7.5897,7.5798,7.5906,15.5044,50.578061,40.58513009643586,-8.461369892808754,3,0.0357,1,0.0119,17,0.2026,1,0.0119,5,0.0596,1,0.0119
359,830,8252,3125.7576,48.19074835738553,1.2003725592635417,3.0039,7.4464,7.5362,7.4560,15.5944,49.863683,40.58528525602739,-8.461554107547252,2,0.0242,5,0.0606,119,1.4421,1,0.0121,3,0.0364,0,0.0000
915,0,2453,929.1667,10.448594944156527,0.5000474889898573,3.0029,8.0408,8.0355,8.1325,16.8349,53.797163,40.585374698240464,-8.461545238611667,0,0.0000,1,0.0408,9,0.3669,1,0.0408,0,0.0000,1,0.0408
684,0,2183,826.8939,3.551939565492124,0.39759772002997334,2.9908,8.8635,9.0866,9.0531,19.5131,60.007201,40.58378675284757,-8.45700548598379,0,0.0000,1,0.0458,1,0.0458,0,0.0000,0,0.0000,0,0.0000
155,1127,1900,719.6970,7.9560764229504795,0.505364436783748,2.9826,7.8105,7.5042,7.6300,15.7474,50.988263,40.57937810582621,-8.453987161001791,2,0.1053,0,0.0000,1,0.0526,0,0.0000,0,0.0000,0,0.0000
41,157,1869,707.9545,7.654208927213284,0.7979069090681276,2.9989,9.2718,9.2178,9.2659,20.3103,61.678732,40.585589321431314,-8.46289660237516,1,0.0535,0,0.0000,2,0.1070,0,0.0000,0,0.0000,0,0.0000
27,51,1860,704.5455,12.206891769234852,0.5988542602747999,2.9903,7.8070,7.8113,7.7731,16.5258,51.980946,40.58661874256888,-8.463815056784911,2,0.1075,1,0.0538,1,0.0538,0,0.0000,2,0.1075,3,0.1613
37,55,1817,688.2576,10.137633692385013,0.6008089752432142,3.0022,7.7936,7.7248,7.6021,16.1970,51.379031,40.58695694694223,-8.463136722288574,2,0.1101,0,0.0000,2,0.1101,0,0.0000,1,0.0550,0,0.0000
237,0,1793,679.1667,49.30208474035311,1.3937502227146001,2.9911,9.1595,9.0017,9.0502,19.8410,60.469738,40.585435234237934,-8.461844409080985,0,0.0000,0,0.0000,6,0.3346,0,0.0000,0,0.0000,0,0.0000
285,0,1649,624.6212,4.597422143873042,0.40939454904417594,3.0049,7.6149,7.6974,7.6604,15.9569,51.050449,40.588128073009756,-8.465899177525865,0,0.0000,0,0.0000,4,0.2426,1,0.0606,0,0.0000,0,0.0000
109,703,1608,609.0909,1.0211329277864292,0.5977710374441016,2.9857,9.3053,9.2519,9.2096,19.9465,61.703943,40.58741435928216,-8.463184861535135,0,0.0000,0,0.0000,0,0.0000,0,0.0000,0,0.0000,0,0.0000
35,0,1597,604.9242,7.6553014609391195,0.5958031412953501,2.9869,9.2405,9.4859,9.1296,19.8460,61.902248,40.58744583621735,-8.464776158530869,1,0.0626,0,0.0000,5,0.3131,1,0.0626,0,0.0000,0,0.0000
304,1469,1464,554.5455,63.016890366981094,0.4141981566377173,3.0185,8.0130,8.0260,8.0683,16.6960,53.571653,40.578459949066776,-8.450927860311365,0,0.0000,0,0.0000,2,0.1366,0,0.0000,0,0.0000,0,0.0000
736,0,1424,539.3939,4.5516381417875635,0.4014581660317939,3.0155,7.5520,7.3897,7.7556,15.4691,50.438554,40.585961075471424,-8.462615232458086,0,0.0000,1,0.0702,2,0.1404,0,0.0000,0,0.0000,0,0.0000
333,0,1408,533.3333,1.2418406074429473,0.41160086339941065,3.0007,8.0874,8.0504,8.3878,17.4063,54.501179,40.58473621687282,-8.460741763805025,2,0.1420,0,0.0000,5,0.3551,0,0.0000,0,0.0000,0,0.0000
708,0,1294,490.1515,7.272236044292656,0.4028163606522624,3.0062,7.7434,7.5448,7.8709,15.9799,51.464923,40.57403404473027,-8.450486986161021,1,0.0773,0,0.0000,6,0.4637,0,0.0000,0,0.0000,1,0.0773
702,0,1292,489.3939,2.264699649736748,0.20048233929165407,3.0116,8.8878,9.0201,9.0348,19.3746,59.872694,40.58441530284259,-8.462665272691872,0,0.0000,0,0.0000,2,0.1548,0,0.0000,0,0.0000,0,0.0000
513,0,1290,488.6364,11.37701120843058,0.600771160090562,2.9961,7.6008,8.1341,7.6938,16.2341,52.063628,40.58203391403989,-8.455794793370558,1,0.0775,0,0.0000,0,0.0000,0,0.0000,0,0.0000,0,0.0000
287,0,1203,455.6818,24.72776066355178,0.7909689894192237,2.9933,7.7864,8.1446,7.6933,16.2153,52.498412,40.5829365836569,-8.45606636927799,0,0.0000,0,0.0000,6,0.4988,0,0.0000,1,0.0831,0,0.0000
216,1265,1188,450.0000,9.077332833783407,0.6131500285416968,3.0059,7.9428,7.8333,7.9588,17.0160,52.744083,40.580495942725705,-8.463575131345094,1,0.0842,0,0.0000,1,0.0842,0,0.0000,3,0.2525,0,0.0000
273,625,1180,446.9697,4.167323879853283,0.5138761449791965,2.9992,7.7593,7.9356,7.6602,16.1314,51.900314,40.58564365601372,-8.462498335642234,0,0.0000,0,0.0000,4,0.3390,1,0.0847,0,0.0000,0,0.0000
170,0,1102,417.4242,12.304441571669539,0.510585670665354,2.9982,7.4946,7.4338,7.6960,15.9846,50.276289,40.58646688883815,-8.463485146298968,0,0.0000,0,0.0000,2,0.1815,0,0.0000,0,0.0000,0,0.0000
585,587,1073,406.4394,20.057836333947865,0.599343586716567,2.9991,8.1827,8.0550,8.3383,17.2815,54.613243,40.58482334949614,-8.460893509030715,1,0.0932,0,0.0000,0,0.0000,0,0.0000,1,0.0932,0,0.0000
263,946,1055,399.6212,18.185984699956833,0.40329705441699304,3.0057,7.9213,8.0209,7.7706,16.6739,52.695014,40.58510349648144,-8.461391165525523,0,0.0000,0,0.0000,15,1.4218,1,0.0948,2,0.1896,0,0.0000
158,1136,1025,388.2576,9.702113821359674,0.6082736608278251,3.0010,7.5278,7.6507,7.5785,15.7502,50.5712,40.58477229817955,-8.46069242634743,0,0.0000,0,0.0000,2,0.1951,0,0.0000,0,0.0000,0,0.0000
921,0,1017,385.2273,2.5368861852318134,0.2983388716873283,2.9951,7.7738,7.6834,7.6598,15.9518,51.370964,40.58460923507711,-8.46073321526542,0,0.0000,0,0.0000,0,0.0000,2,0.1967,0,0.0000,0,0.0000
580,0,1015,384.4697,5.706627593649444,0.5026672036778292,3.0089,7.7901,7.4542,7.4315,15.9773,50.390788,40.58179275050183,-8.454020956005426,0,0.0000,0,0.0000,0,0.0000,1,0.0985,0,0.0000,0,0.0000
16,0,995,376.8939,1.8741965963013807,0.30149241119772946,3.0161,7.7588,8.1869,7.8965,17.0251,52.982774,40.590750883141105,-8.470113721133833,0,0.0000,0,0.0000,0,0.0000,1,0.1005,0,0.0000,1,0.1005
265,0,992,375.7576,3.698471364107999,0.29962315359199904,2.9949,7.4990,7.4607,7.6915,15.7026,50.336129,40.589430075649965,-8.468458665591097,0,0.0000,0,0.0000,0,0.0000,1,0.1008,1,0.1008,0,0.0000
152,1118,963,364.7727,6.670593257753368,0.8967862495389649,3.0000,7.6916,7.8474,7.6739,15.1599,51.584216,40.585594566999426,-8.461874313969592,0,0.0000,1,0.1038,2,0.2077,1,0.1038,2,0.2077,0,0.0000
434,791,961,364.0152,19.24538195754091,0.3961041141301394,3.0010,9.1415,9.2539,8.7981,19.4173,60.430083,40.58213427131403,-8.455823257334224,0,0.0000,0,0.0000,0,0.0000,0,0.0000,0,0.0000,0,0.0000
590,0,946,358.3333,1.0340199535574772,0.20079721187499308,2.9958,9.1638,9.2283,9.2474,19.8805,61.421174,40.585408118634376,-8.461193437054533,0,0.0000,0,0.0000,2,0.2114,0,0.0000,0,0.0000,0,0.0000
427,0,929,351.8939,5.631900503460703,0.39962977103503616,3.0086,8.0786,8.3014,8.2153,17.1873,54.656039,40.588160350745,-8.466435547412791,0,0.0000,0,0.0000,2,0.2153,0,0.0000,0,0.0000,0,0.0000
506,0,915,346.5909,4.206667287670549,0.4015261602773447,3.0044,7.9169,8.1224,8.2066,17.0426,53.879705,40.586280807740216,-8.461865602943872,0,0.0000,1,0.1093,2,0.2186,1,0.1093,0,0.0000,0,0.0000
519,0,875,331.4394,2.1437098151766283,0.300058411654055,2.9977,8.3017,8.3611,8.3246,17.4674,55.527669,40.58582711346007,-8.462449431274452,2,0.2286,0,0.0000,2,0.2286,1,0.1143,1,0.1143,0,0.0000
527,0,845,320.0758,2.1580889364836904,0.3997722278344687,2.9976,7.4237,7.2308,7.3006,15.4059,48.788935,40.5797633875426,-8.456330740622136,0,0.0000,1,0.1183,3,0.3550,1,0.1183,0,0.0000,0,0.0000
13,616,821,310.9848,3.316235707561467,0.3021634879028972,2.9963,9.0938,9.1425,8.9610,19.6370,60.438356,40.587010131586865,-8.464076561399786,0,0.0000,0,0.0000,1,0.1218,0,0.0000,0,0.0000,0,0.0000
316,0,816,309.0909,10.621521102593226,0.4104138701679368,2.9939,9.1654,9.2353,9.2022,19.6777,61.339939,40.58631739116691,-8.463274433479576,0,0.0000,0,0.0000,3,0.3676,0,0.0000,0,0.0000,0,0.0000
554,2063,733,277.6515,38.59144487211613,0.602612482353312,3.0137,7.6767,7.6057,7.5798,15.8513,50.804952,40.57869215853068,-8.451235269140456,1,0.1364,0,0.0000,1,0.1364,0,0.0000,0,0.0000,0,0.0000
767,0,712,269.6970,12.2703086465932,0.4985181058055899,2.9831,7.6110,7.6573,7.5435,15.5604,50.692907,40.5768643428105,-8.456189706310617,0,0.0000,1,0.1404,0,0.0000,0,0.0000,0,0.0000,0,0.0000
261,1367,711,269.3182,14.061965038477114,0.510710907755853,2.9859,7.4037,7.4627,7.4191,15.1477,49.523277,40.582728872926474,-8.456887138159452,0,0.0000,0,0.0000,0,0.0000,0,0.0000,0,0.0000,0,0.0000
777,0,698,264.3939,3.376632812118941,0.29861672598884625,2.9885,7.3295,7.5559,7.5444,15.3324,49.843883,40.57831809508728,-8.4504378408685,0,0.0000,0,0.0000,0,0.0000,0,0.0000,0,0.0000,0,0.0000
431,0,698,264.3939,4.024861468494623,0.5026169566159276,2.9957,7.8997,8.2063,8.1819,17.4398,53.973138,40.58805768613058,-8.465804870368368,0,0.0000,1,0.1433,2,0.2865,0,0.0000,0,0.0000,0,0.0000
753,0,658,249.2424,1.5476672521659307,0.3019128651966801,3.0076,7.8222,7.7979,7.9954,16.2508,52.478997,40.58313897807528,-8.457582502425641,0,0.0000,0,0.0000,1,0.1520,1,0.1520,1,0.1520,1,0.1520
84,0,657,248.8636,39.6009206471999,1.3899096416915122,2.9709,8.2405,8.1979,8.0289,16.5373,54.371705,40.58066081594569,-8.458674419435894,0,0.0000,0,0.0000,0,0.0000,0,0.0000,0,0.0000,0,0.0000
667,0,652,246.9697,13.751299826353327,0.598277939177888,2.9845,8.3144,8.1166,8.5997,17.9954,55.623804,40.5802610546278,-8.452424360711195,0,0.0000,0,0.0000,1,0.1534,0,0.0000,0,0.0000,0,0.0000
396,1658,641,242.8030,2.0239760438663166,0.29892640138937027,2.9969,7.8892,7.9657,7.9626,16.7020,52.927582,40.58541725032861,-8.464670652525818,1,0.1560,0,0.0000,2,0.3120,1,0.1560,1,0.1560,0,0.0000
557,0,608,230.3030,14.888485251970527,0.29930906510057526,2.9967,8.0559,7.8405,8.3158,17.2155,53.804671,40.58337289470573,-8.457720041332923,0,0.0000,1,0.1645,2,0.3289,0,0.0000,0,0.0000,0,0.0000
661,0,597,226.1364,1.747619477515461,0.30013996723319303,3.0067,8.3065,8.3618,7.8794,17.4154,54.550469,40.57902159439215,-8.453025803511435,1,0.1675,0,0.0000,0,0.0000,0,0.0000,0,0.0000,1,0.1675
909,0,589,223.1061,10.195777525284424,0.40168954206081625,2.9949,7.7793,7.7334,7.7504,16.6010,51.69579,40.58544863622275,-8.461860820532594,0,0.0000,0,0.0000,0,0.0000,0,0.0000,0,0.0000,0,0.0000
338,0,582,220.4545,156.06165795819513,1.1822218047133808,3.0052,8.2509,8.4467,8.5086,18.2182,56.013918,40.58540650532518,-8.461822844138872,0,0.0000,0,0.0000,1,0.1718,0,0.0000,0,0.0000,0,0.0000
539,0,572,216.6667,53.044672206070295,1.4106362576868823,3.0088,9.0699,9.3811,9.0559,19.2780,61.126609,40.58017445976096,-8.453106330546284,2,0.3497,0,0.0000,1,0.1748,0,0.0000,0,0.0000,0,0.0000
274,628,556,210.6061,28.775914301975167,0.9901099425854445,3.0000,7.4784,7.8615,8.1565,16.5594,52.214425,40.58629072295561,-8.46271221768562,0,0.0000,0,0.0000,0,0.0000,0,0.0000,0,0.0000,0,0.0000
167,0,556,210.6061,8.617128248909394,0.5072909286982723,3.0000,9.1727,9.1547,9.1978,19.8741,61.167069,40.58900397360161,-8.465672117509921,1,0.1799,0,0.0000,0,0.0000,0,0.0000,0,0.0000,0,0.0000
203,0,554,209.8485,42.54935629070344,1.5003598207375455,3.0108,8.2329,7.5144,7.7960,16.6426,52.318538,40.58207730725275,-8.456143285899142,0,0.0000,0,0.0000,0,0.0000,0,0.0000,0,0.0000,0,0.0000
761,0,544,206.0606,3.2761017577534,0.2999676316427701,3.0055,7.8658,7.4963,7.3382,16.1176,50.445276,40.58578029512285,-8.461503173628998,0,0.0000,0,0.0000,0,0.0000,0,0.0000,0,0.0000,0,0.0000
176,0,543,205.6818,3.2561927419121535,0.6092806572633115,3.0018,8.7753,8.7477,8.9079,19.1694,58.735488,40.582503267924686,-8.452543647057745,0,0.0000,0,0.0000,3,0.5525,0,0.0000,0,0.0000,1,0.1842
912,0,540,204.5455,6.313115216167279,0.5023009552025485,3.0000,7.9815,7.8611,7.6370,14.8704,52.176982,40.58450672743216,-8.46048768608576,1,0.1852,0,0.0000,0,0.0000,0,0.0000,0,0.0000,0,0.0000
906,0,539,204.1667,4.167263160981723,0.3988310217135889,2.9832,7.6642,7.6605,7.6660,16.4805,51.090631,40.58569175205185,-8.462575539517141,0,0.0000,0,0.0000,0,0.0000,0,0.0000,0,0.0000,0,0.0000
220,1277,536,203.0303,6.7202446270211835,0.4120444198078084,2.9981,7.6138,7.7108,7.8190,15.8209,51.430355,40.585669964648616,-8.462271991329096,0,0.0000,1,0.1866,3,0.5597,0,0.0000,1,0.1866,0,0.0000
613,2231,526,199.2424,8.972554218700694,0.5085407598068792,3.0153,7.7300,7.4924,7.2795,15.1027,50.004316,40.585177117211224,-8.461985478969918,0,0.0000,0,0.0000,0,0.0000,0,0.0000,0,0.0000,0,0.0000
163,0,481,182.1970,21.761935490866502,0.7097048207496603,3.0021,7.9439,8.0042,8.3410,16.7900,53.975738,40.592793697705964,-8.471288068499364,0,0.0000,0,0.0000,3,0.6237,0,0.0000,0,0.0000,0,0.0000
179,646,479,181.4394,7.94157629794517,0.6106847290704046,2.9979,7.4029,7.3424,7.1336,15.3173,48.619708,40.5856502846326,-8.462118751512772,0,0.0000,0,0.0000,0,0.0000,0,0.0000,0,0.0000,0,0.0000
133,0,476,180.3030,6.826556554342571,0.30299326689619777,2.9979,7.7731,8.1155,8.0819,16.6155,53.267836,40.58488463620145,-8.462174763209815,0,0.0000,0,0.0000,2,0.4202,0,0.0000,0,0.0000,1,0.2101
29,776,474,179.5455,6.916686433277049,0.39564212411642075,2.9852,9.3207,9.3186,8.7637,19.5464,60.895528,40.587466921077706,-8.464794780636478,0,0.0000,0,0.0000,1,0.2110,0,0.0000,0,0.0000,0,0.0000
38,57,473,179.1667,20.52678773766857,1.1028374740380351,3.0042,8.2072,7.6512,7.8732,15.8922,52.73685,40.586279559133004,-8.462789402787415,1,0.2114,0,0.0000,0,0.0000,0,0.0000,0,0.0000,0,0.0000
32,776,464,175.7576,9.1185225592605,0.49787027045185195,2.9892,9.3987,9.0711,9.0797,19.3707,61.221035,40.58555929576519,-8.461486700299552,1,0.2155,0,0.0000,1,0.2155,0,0.0000,0,0.0000,0,0.0000
307,0,454,171.9697,11.371518474318382,0.6117457849207429,3.0044,9.3128,9.0969,8.9670,19.4670,60.837005,40.58571660692475,-8.462780904447927,0,0.0000,0,0.0000,1,0.2203,0,0.0000,0,0.0000,0,0.0000
74,67,435,164.7727,20.634746939150347,0.40066163386401077,2.9977,8.3816,8.1126,8.6460,17.3770,55.867104,40.58781821034615,-8.465942236833998,0,0.0000,0,0.0000,1,0.2299,0,0.0000,0,0.0000,1,0.2299
52,63,430,162.8788,4.257354553623911,0.39783373502862474,2.9837,8.1698,8.0907,8.0233,16.4209,53.963768,40.586858720486454,-8.463780807908082,1,0.2326,0,0.0000,0,0.0000,0,0.0000,0,0.0000,0,0.0000
58,280,400,151.5152,19.050093402241107,0.6933174877238453,3.0000,8.1475,8.2750,7.9275,17.0325,54.111125,40.586512721375755,-8.46136886095161,0,0.0000,0,0.0000,1,0.2500,0,0.0000,0,0.0000,1,0.2500
524,0,396,150.0000,18.443334934687375,0.40078134751982153,3.0025,8.1237,8.3535,8.0455,17.3308,54.494874,40.58279526143745,-8.459373904802067,0,0.0000,0,0.0000,2,0.5051,0,0.0000,0,0.0000,0,0.0000
108,0,395,149.6212,66.37100255791911,1.1939536844413292,2.9949,8.4051,8.1544,8.0608,17.2000,54.711696,40.584427406919964,-8.45857866335936,0,0.0000,0,0.0000,12,3.0380,1,0.2532,0,0.0000,0,0.0000
353,908,394,149.2424,2.391798866279234,0.6127460599702024,2.9949,7.3553,7.6421,7.4264,15.7538,49.830635,40.58175549314894,-8.456706510557288,0,0.0000,0,0.0000,0,0.0000,0,0.0000,0,0.0000,0,0.0000
454,0,393,148.8636,45.811729261637346,1.2971066649612564,2.9847,9.5802,9.1374,9.3435,20.1807,62.358066,40.58480225391046,-8.460204293158162,0,0.0000,0,0.0000,0,0.0000,0,0.0000,0,0.0000,0,0.0000
919,0,386,146.2121,1.0286482336846265,0.200060617362524,2.9974,7.5984,7.8886,7.5389,15.5155,51.168783,40.58562583189593,-8.459197497819348,0,0.0000,0,0.0000,0,0.0000,0,0.0000,0,0.0000,0,0.0000
100,2728,385,145.8333,13.443273365342773,0.4990708268308019,3.0078,7.8987,8.1091,7.6000,15.5065,52.46213,40.58159402875818,-8.450705243357783,0,0.0000,1,0.2597,0,0.0000,0,0.0000,0,0.0000,0,0.0000
559,0,385,145.8333,12.1395981280754,0.6023536524735391,3.0026,8.9688,8.9532,9.1221,18.5377,60.098026,40.5869249214357,-8.463746334524817,0,0.0000,0,0.0000,1,0.2597,0,0.0000,0,0.0000,0,0.0000
228,229,370,140.1515,11.213740992223894,0.6119360211733225,2.9865,7.4973,8.1486,7.8811,15.5189,52.282352,40.581856749127766,-8.45639391397976,1,0.2703,0,0.0000,1,0.2703,0,0.0000,0,0.0000,0,0.0000
618,2345,355,134.4697,21.152118696369463,0.7023701045567184,2.9830,7.9296,7.9239,7.4704,16.5014,51.831014,40.58591160047395,-8.462347323120175,0,0.0000,0,0.0000,5,1.4085,0,0.0000,0,0.0000,0,0.0000
234,941,338,128.0303,73.91393710029196,1.407045251695362,2.9911,8.1065,8.1450,7.9024,17.0888,53.675296,40.58834900793319,-8.466158562083107,0,0.0000,0,0.0000,1,0.2959,0,0.0000,0,0.0000,0,0.0000
204,1244,310,117.4242,7.554946393351401,0.6136602769936286,2.9968,7.4097,7.3226,7.7645,14.5839,49.992871,40.578292462703835,-8.454178608993502,0,0.0000,0,0.0000,3,0.9677,0,0.0000,0,0.0000,0,0.0000
122,1080,300,113.6364,56.934910481770835,1.3072314657767612,3.0133,9.1533,9.1600,8.9833,20.1867,60.659134,40.58962688683362,-8.466512356697026,0,0.0000,0,0.0000,1,0.3333,0,0.0000,0,0.0000,0,0.0000
48,259,295,111.7424,30.84091588359768,0.996759264752016,2.9831,9.2169,9.3695,9.2102,20.0610,61.770475,40.5854509150679,-8.462368615603289,0,0.0000,0,0.0000,0,0.0000,0,0.0000,0,0.0000,0,0.0000
603,0,289,109.4697,23.00193908904072,1.2073824386978815,2.9965,7.8097,7.4775,7.7716,16.7232,51.24173,40.58490020668672,-8.460866545465995,0,0.0000,0,0.0000,0,0.0000,0,0.0000,0,0.0000,0,0.0000
275,631,285,107.9545,61.172771652679984,1.3070923719726266,3.0000,7.6667,7.8947,7.7614,16.1018,51.828386,40.58445000882484,-8.461515870984536,0,0.0000,0,0.0000,0,0.0000,0,0.0000,0,0.0000,0,0.0000
92,0,284,107.5758,0.10510973726779634,1.319454409496885,3.0000,9.3944,9.0986,9.4894,20.0528,62.183486,40.58786255823193,-8.465455201156301,0,0.0000,0,0.0000,0,0.0000,0,0.0000,0,0.0000,0,0.0000
111,846,281,106.4394,115.11160945552948,0.9955990034490293,3.0036,8.4662,8.1744,8.1922,18.0036,55.18395,40.58565111350302,-8.458183346142222,0,0.0000,0,0.0000,0,0.0000,1,0.3559,0,0.0000,0,0.0000
19,45,278,105.3030,3.5806875923554675,0.29973977102006955,3.0000,8.3921,8.1511,7.9496,17.3273,54.428633,40.58554528098151,-8.462223316671214,0,0.0000,0,0.0000,0,0.0000,0,0.0000,0,0.0000,0,0.0000
171,0,268,101.5152,22.653956097163512,1.1846245279472865,2.9888,7.5261,8.0410,7.4963,15.2761,51.252052,40.587187909122065,-8.464790622367303,0,0.0000,0,0.0000,0,0.0000,0,0.0000,0,0.0000,0,0.0000
195,1229,264,100.0000,76.36485078035652,1.3971449599066614,3.0228,7.9735,7.8674,6.9318,16.2159,50.606288,40.58386268119516,-8.45936549399055,0,0.0000,0,0.0000,0,0.0000,0,0.0000,0,0.0000,0,0.0000
28,53,264,100.0000,29.52933886195674,0.9874241155656903,3.0189,8.0985,7.8561,7.7235,17.5644,52.618144,40.58730059870588,-8.46352001269718,0,0.0000,0,0.0000,0,0.0000,0,0.0000,0,0.0000,0,0.0000
432,0,250,94.6970,44.289774585723876,0.996541750907898,2.9920,7.4360,7.6880,8.3360,16.9600,52.13316,40.585268527169205,-8.46180869721767,0,0.0000,0,0.0000,0,0.0000,0,0.0000,0,0.0000,0,0.0000
159,1139,250,94.6970,26.236698005094105,1.099081874611866,2.9920,7.8480,7.3800,7.4120,15.0000,50.31084,40.58509243919236,-8.461563080318063,0,0.0000,0,0.0000,0,0.0000,0,0.0000,0,0.0000,0,0.0000
156,1130,245,92.8030,19.578262173738636,0.8852016258923735,2.9836,7.5878,7.5184,7.6735,16.1143,50.62151,40.58629699358835,-8.462912401571067,0,0.0000,0,0.0000,0,0.0000,0,0.0000,0,0.0000,0,0.0000
421,94,243,92.0455,9.712553221502422,0.5061377996402513,3.0041,7.9342,7.8148,7.8436,15.9671,52.427943,40.58438860766662,-8.461358736450222,0,0.0000,0,0.0000,0,0.0000,0,0.0000,0,0.0000,0,0.0000
280,292,241,91.2879,6.934059185853143,0.41381003042968967,3.0000,9.3817,9.1245,8.6722,18.6680,60.396763,40.58646346986503,-8.463649954254329,0,0.0000,0,0.0000,1,0.4149,0,0.0000,0,0.0000,0,0.0000
731,0,237,89.7727,1.1702757787100877,0.2928215126322293,2.9916,7.7342,7.9958,8.2363,17.2363,53.258523,40.589835790990655,-8.460258673383771,1,0.4219,0,0.0000,0,0.0000,1,0.4219,0,0.0000,0,0.0000
739,0,235,89.0152,7.121785304485223,0.6008041387694515,3.0000,9.3404,8.4809,8.9234,18.3957,59.432468,40.58452620796061,-8.460368295873817,0,0.0000,0,0.0000,0,0.0000,0,0.0000,1,0.4255,0,0.0000
741,2679,228,86.3636,3.5454443397752025,0.6083141783611817,3.0307,7.8246,8.6316,8.0175,16.5833,54.386404,40.59017347578306,-8.467798700146831,0,0.0000,0,0.0000,0,0.0000,0,0.0000,0,0.0000,0,0.0000
616,0,227,85.9848,7.975543563061349,0.400522048121507,3.0088,7.5419,7.2291,7.5198,14.6344,49.534978,40.583527215065956,-8.458081242924768,0,0.0000,0,0.0000,1,0.4405,0,0.0000,0,0.0000,0,0.0000
30,779,226,85.6061,20.88232070787818,0.8132127250454068,3.0044,9.0265,9.0265,9.3186,20.1327,60.826062,40.58631111294648,-8.463835415507285,0,0.0000,0,0.0000,0,0.0000,0,0.0000,0,0.0000,0,0.0000
33,785,225,85.2273,19.90407317055596,0.9015280834833782,2.9822,8.9422,8.8444,9.1956,20.1156,59.960667,40.58584963289005,-8.46121687211519,0,0.0000,0,0.0000,0,0.0000,0,0.0000,0,0.0000,0,0.0000
36,0,225,85.2273,39.88691443125407,1.2858077390988667,3.0089,9.3778,9.3200,9.4800,19.8444,62.617023,40.58742673424235,-8.464169643170486,0,0.0000,0,0.0000,0,0.0000,0,0.0000,0,0.0000,0,0.0000
605,0,220,83.3333,9.086569184606725,0.49654641205614275,2.9909,7.2500,7.4636,6.9045,15.8409,48.040318,40.58583809959659,-8.461549615383353,0,0.0000,0,0.0000,0,0.0000,0,0.0000,0,0.0000,0,0.0000
520,0,208,78.7879,14.532351391326978,0.5906320015589396,2.9952,8.5913,8.4471,8.4856,16.8942,56.72,40.58585830478447,-8.462875003000475,0,0.0000,0,0.0000,0,0.0000,0,0.0000,0,0.0000,0,0.0000
328,746,208,78.7879,15.18704414826173,0.7083963614243728,3.0192,7.7596,8.1635,8.3365,16.9135,53.910577,40.58381466013394,-8.461489251063817,0,0.0000,0,0.0000,0,0.0000,0,0.0000,0,0.0000,0,0.0000
218,0,207,78.4091,37.04954951742421,0.723525773499899,3.0000,7.6763,7.7536,7.9758,17.2029,52.012657,40.58664325084983,-8.464583679521303,0,0.0000,0,0.0000,0,0.0000,0,0.0000,0,0.0000,0,0.0000
602,0,201,76.1364,0.30790245018899476,0.19903281267732356,2.9900,7.6567,7.7711,8.4726,16.9751,53.112338,40.586216078349416,-8.463337654320854,0,0.0000,0,0.0000,0,0.0000,0,0.0000,0,0.0000,0,0.0000
153,1121,200,75.7576,16.368167136907577,1.2047785893082619,2.9950,7.5850,7.7300,7.5150,16.5900,50.7332,40.586935846878475,-8.463292167690524,0,0.0000,0,0.0000,0,0.0000,0,0.0000,0,0.0000,1,0.5000
305,1472,197,74.6212,119.04225062350838,0.8766884797689863,2.9745,7.7462,7.7817,8.2640,16.9492,52.870965,40.580394479681054,-8.45323265031881,0,0.0000,0,0.0000,0,0.0000,0,0.0000,0,0.0000,0,0.0000
662,0,193,73.1061,15.750556553403536,0.6861590389162303,2.9896,7.7409,7.1710,7.2332,15.7772,49.211244,40.577843195113594,-8.449784805432573,0,0.0000,0,0.0000,0,0.0000,0,0.0000,0,0.0000,0,0.0000
262,1370,187,70.8333,38.53420860882112,0.9832891219439991,2.9786,7.7701,8.2193,7.2727,15.7273,51.693102,40.588394273346466,-8.46637562958289,0,0.0000,0,0.0000,0,0.0000,0,0.0000,0,0.0000,0,0.0000
588,0,185,70.0758,5.910490606282209,0.49486911361281916,3.0000,7.3297,7.0649,7.7135,14.9568,49.129081,40.583713249015005,-8.460412520360038,0,0.0000,0,0.0000,0,0.0000,0,0.0000,0,0.0000,0,0.0000
374,764,180,68.1818,96.36384633382161,0.609209247926871,3.0056,7.1778,7.7667,7.6944,14.6111,50.308223,40.586286335893995,-8.463759590479945,0,0.0000,0,0.0000,0,0.0000,0,0.0000,0,0.0000,0,0.0000
42,160,176,66.6667,55.336361744187094,1.5910618769174272,3.0114,8.8580,9.3182,9.3182,19.5398,61.098125,40.59243040102088,-8.471891111944384,0,0.0000,0,0.0000,0,0.0000,0,0.0000,0,0.0000,0,0.0000
26,49,142,53.7879,31.510221944728368,0.8094385163465021,3.0070,7.4296,6.7606,7.4789,15.9366,48.153592,40.593833605237414,-8.475402356914925,0,0.0000,0,0.0000,0,0.0000,0,0.0000,0,0.0000,0,0.0000
570,0,139,52.6515,12.674908112788547,0.6976451307967089,3.0072,7.2230,7.6835,7.3022,16.0576,49.352302,40.586715457506294,-8.462379015774628,0,0.0000,0,0.0000,0,0.0000,0,0.0000,0,0.0000,0,0.0000
286,0,138,52.2727,42.18603933721349,1.2235311477080633,3.0362,9.6159,8.7174,8.8333,19.5217,60.37029,40.584749545651675,-8.460313682502022,0,0.0000,0,0.0000,0,0.0000,0,0.0000,0,0.0000,0,0.0000
309,1484,138,52.2727,15.647076933280282,0.6120008649169535,3.0000,7.8043,8.2319,6.9710,15.5435,51.127464,40.582891052898205,-8.44727545368697,0,0.0000,0,0.0000,1,0.7246,0,0.0000,0,0.0000,0,0.0000
765,0,136,51.5152,72.22940063476562,1.4479242440532234,2.9706,6.7059,8.1985,7.9191,17.1471,50.718603,40.5905798219257,-8.469972933233228,0,0.0000,0,0.0000,0,0.0000,0,0.0000,0,0.0000,0,0.0000
548,0,135,51.1364,6.691421261540166,0.5060369144987177,3.0222,7.4370,7.7333,7.8667,16.2370,51.19326,40.581489928961616,-8.449354051470603,0,0.0000,0,0.0000,0,0.0000,0,0.0000,0,0.0000,0,0.0000
543,0,135,51.1364,5.477465662493635,0.40175238040400973,2.9776,8.9259,9.2593,9.6667,19.6296,61.893037,40.58758170764222,-8.463781542817761,0,0.0000,0,0.0000,0,0.0000,0,0.0000,0,0.0000,0,0.0000
335,0,135,51.1364,40.373950584610895,1.2855026392794369,2.9776,8.3037,8.3111,7.5259,17.5185,53.646074,40.584365067505175,-8.458764085159114,0,0.0000,0,0.0000,0,0.0000,0,0.0000,0,0.0000,0,0.0000
180,649,133,50.3788,14.269804310977907,0.7984931688559685,3.0150,7.7143,7.2256,8.0451,14.9323,51.07797,40.58595411314941,-8.463069574231328,0,0.0000,0,0.0000,0,0.0000,0,0.0000,0,0.0000,0,0.0000
371,755,132,50.0000,44.030109427191995,0.613528620113026,2.9924,7.4091,8.2121,7.6136,14.6591,51.632727,40.585466980737046,-8.462386027644156,0,0.0000,0,0.0000,0,0.0000,0,0.0000,0,0.0000,0,0.0000
221,1280,131,49.6212,55.322313978471826,1.0711028453047946,3.0000,8.0458,7.9466,8.1985,15.7634,53.757328,40.583502948636394,-8.458414024391747,0,0.0000,0,0.0000,0,0.0000,0,0.0000,0,0.0000,0,0.0000
196,0,128,48.4848,26.194364834576845,0.8762772348709403,2.9922,7.6719,6.8750,7.2266,15.9297,48.385703,40.58551914602676,-8.461342134861905,0,0.0000,0,0.0000,0,0.0000,0,0.0000,0,0.0000,0,0.0000
104,224,128,48.4848,6.557792735286057,0.39934517873916797,3.0000,7.5938,7.3672,7.3438,14.5078,49.56586,40.576027632410536,-8.457719748699418,0,0.0000,0,0.0000,0,0.0000,0,0.0000,0,0.0000,0,0.0000
197,0,126,47.7273,28.63413519707937,0.999761849168747,3.0000,7.9444,7.2698,6.5873,14.0238,48.447937,40.58521657970663,-8.462190568272542,0,0.0000,0,0.0000,0,0.0000,0,0.0000,0,0.0000,0,0.0000
190,1214,125,47.3485,11.11226068687439,0.7646334221363071,2.9360,8.8080,7.8400,7.9920,18.7840,54.75552,40.59423853524874,-8.47353979749638,0,0.0000,0,0.0000,0,0.0000,0,0.0000,0,0.0000,0,0.0000
751,0,125,47.3485,4.216598115921021,0.30126539576053596,3.0080,7.3040,7.5760,7.8080,15.0720,50.41808,40.57397383641343,-8.448957798664138,0,0.0000,0,0.0000,0,0.0000,0,0.0000,0,0.0000,0,0.0000
17,0,118,44.6970,30.193644753817853,1.0863630894956917,3.0172,8.3136,8.7373,7.6017,16.7458,54.783475,40.59491187382022,-8.470296428289942,0,0.0000,0,0.0000,0,0.0000,0,0.0000,0,0.0000,0,0.0000
428,0,114,43.1818,35.6842800943475,1.2286134858926137,3.0351,8.5789,8.8684,8.1667,17.4561,56.920263,40.58814294010441,-8.466606176325861,0,0.0000,0,0.0000,2,1.7544,0,0.0000,0,0.0000,0,0.0000
136,0,112,42.4242,25.79767686554364,0.8981598953583408,3.0000,8.3125,7.7143,7.7411,15.1964,52.817411,40.57815017462254,-8.449942401220389,0,0.0000,0,0.0000,0,0.0000,0,0.0000,0,0.0000,0,0.0000
53,65,110,41.6667,32.937108197343456,0.9899468416467724,2.9633,7.6455,7.9000,7.7000,17.3364,51.656273,40.58690447000744,-8.464155419807048,0,0.0000,0,0.0000,0,0.0000,0,0.0000,0,0.0000,0,0.0000
397,1661,109,41.2879,16.129276514053345,0.6028621756920107,2.9722,8.4128,8.2477,8.5872,16.0092,56.105964,40.58929553550598,-8.46729389583977,0,0.0000,0,0.0000,0,0.0000,0,0.0000,0,0.0000,0,0.0000
278,0,103,39.0152,9.822467111846775,0.6164095332321612,2.9612,8.0097,7.3010,7.4078,15.5631,50.485437,40.57836195009043,-8.458689996519636,0,0.0000,0,0.0000,0,0.0000,0,0.0000,0,0.0000,0,0.0000
123,247,97,36.7424,59.68421330402807,1.526752468851424,3.0103,6.5052,7.7423,7.3505,15.5361,47.995258,40.59222593302044,-8.472042093129687,0,0.0000,0,0.0000,2,2.0619,0,0.0000,0,0.0000,0,0.0000
928,0,92,34.8485,6.499562522639399,0.2982292764860652,2.9565,8.5000,8.6304,7.5435,18.1304,54.830326,40.58601868051567,-8.460945797452835,0,0.0000,0,0.0000,0,0.0000,0,0.0000,0,0.0000,0,0.0000
81,655,91,34.4697,6.433848610189226,0.3057480893201299,3.0444,6.8132,7.5385,7.2088,16.0330,47.912198,40.5867874308967,-8.459183658424854,0,0.0000,0,0.0000,0,0.0000,0,0.0000,0,0.0000,0,0.0000
302,923,86,32.5758,11.589208331218986,0.5100938234218332,3.0000,8.5116,7.3721,7.6279,15.2674,52.248023,40.58009647753204,-8.45223659164457,0,0.0000,0,0.0000,1,1.1628,0,0.0000,0,0.0000,0,0.0000
696,0,84,31.8182,27.223498185475666,0.8073616010092552,3.0119,8.5238,8.6190,8.8333,17.6310,57.725119,40.58939444987474,-8.46555896884399,0,0.0000,0,0.0000,0,0.0000,0,0.0000,0,0.0000,0,0.0000
354,911,82,31.0606,12.418814670748827,1.0755623360959488,3.0000,7.4756,8.4756,7.2439,18.3780,51.544634,40.58389072204838,-8.459247795017957,0,0.0000,0,0.0000,1,1.2195,0,0.0000,0,0.0000,0,0.0000
704,0,80,30.3030,2.914023181796074,0.3011067032814019,2.9625,7.0625,6.8000,7.5375,15.9375,47.55525,40.58493168021475,-8.45967505878867,0,0.0000,0,0.0000,0,0.0000,0,0.0000,0,0.0000,0,0.0000
110,706,73,27.6515,9.50115127759437,1.1944790629491413,2.9589,9.1781,8.6575,9.3288,20.2192,60.365069,40.59183396186419,-8.468970838329287,0,0.0000,0,0.0000,0,0.0000,0,0.0000,0,0.0000,0,0.0000
631,0,73,27.6515,63.133529558573684,1.4368145678141349,3.0137,7.9863,8.0959,8.0959,17.9452,53.729041,40.584058598613204,-8.459068823019141,0,0.0000,0,0.0000,0,0.0000,0,0.0000,0,0.0000,0,0.0000
313,0,73,27.6515,17.397201417243643,0.6920232748332087,2.9315,7.7808,7.5479,8.2055,16.2877,52.298493,40.59053901291016,-8.469006496593378,0,0.0000,0,0.0000,0,0.0000,0,0.0000,0,0.0000,0,0.0000
345,1568,72,27.2727,25.929994053310818,1.0163426854544215,3.0000,7.4306,8.4028,7.4167,17.8056,51.666111,40.58274973662678,-8.459336449982693,0,0.0000,0,0.0000,0,0.0000,0,0.0000,0,0.0000,0,0.0000
343,0,68,25.7576,21.265234295059653,0.503034503144376,3.0441,7.4559,8.0000,8.2647,16.0000,52.711912,40.57638462042584,-8.447621173212129,0,0.0000,0,0.0000,0,0.0000,0,0.0000,0,0.0000,0,0.0000
347,1574,64,24.2424,13.847320539876819,0.7297385414130991,2.9688,6.9688,7.7188,7.3281,17.5469,48.922969,40.58427100867769,-8.459718071189766,0,0.0000,0,0.0000,1,1.5625,0,0.0000,0,0.0000,0,0.0000
143,199,63,23.8636,475.3458690340557,2.12133771086496,3.0159,7.5714,7.5714,7.2857,16.5079,49.841587,40.582432466874096,-8.456898763191809,0,0.0000,0,0.0000,0,0.0000,0,0.0000,0,0.0000,0,0.0000
669,2614,62,23.4848,0.10252773109823417,0.09849876189424032,3.0000,9.8226,8.4516,8.8548,18.6129,60.286936,40.585792337606456,-8.46201689086497,0,0.0000,0,0.0000,0,0.0000,0,0.0000,0,0.0000,0,0.0000
782,0,61,23.1061,29.590213147799172,0.5964596658945087,3.0000,8.2131,7.0984,7.5902,15.6393,50.892623,40.5866455992021,-8.464246193915441,0,0.0000,0,0.0000,0,0.0000,0,0.0000,0,0.0000,0,0.0000
113,0,55,20.8333,34.06528029008345,1.0608052318746393,3.0364,7.6000,8.8545,8.4727,17.6727,55.394545,40.5932951883118,-8.471006288874952,0,0.0000,0,0.0000,0,0.0000,0,0.0000,0,0.0000,0,0.0000
421,95,55,20.8333,10.342675295743076,0.5176445337859065,2.9818,9.3818,9.0000,9.9273,20.0000,62.909091,40.58877303379163,-8.465745553024458,0,0.0000,0,0.0000,0,0.0000,0,0.0000,0,0.0000,0,0.0000
698,0,55,20.8333,25.141571669145065,1.3052061351862818,3.0727,6.9818,7.9091,7.6000,16.4545,49.98,40.59092219900242,-8.468521110827082,0,0.0000,0,0.0000,0,0.0000,0,0.0000,0,0.0000,0,0.0000
93,0,52,19.6970,0.10451836439852537,1.6185364746130426,3.0385,8.0000,9.3846,8.9615,21.8077,58.546347,40.587560884370035,-8.464570249155312,0,0.0000,0,0.0000,0,0.0000,0,0.0000,0,0.0000,0,0.0000
375,767,51,19.3182,211.04238637288412,1.2088062295726707,3.0392,7.0000,9.0588,6.4706,15.6275,50.065098,40.587675831164304,-8.466266106258216,0,0.0000,0,0.0000,0,0.0000,0,0.0000,1,1.9608,0,0.0000
529,0,48,18.1818,8.352035634219646,0.2907956857234242,2.9375,7.3750,8.1042,7.1458,15.5625,50.277917,40.585752005357335,-8.462321015517357,0,0.0000,0,0.0000,0,0.0000,0,0.0000,0,0.0000,0,0.0000
435,794,46,17.4242,37.92248901076939,0.9992181470860606,2.9565,9.5870,8.9565,8.6087,19.1739,60.33913,40.587586669912845,-8.464426019086563,0,0.0000,0,0.0000,0,0.0000,0,0.0000,0,0.0000,0,0.0000
306,1475,46,17.4242,384.5886057978091,2.129747059034264,3.0435,7.4565,7.6087,7.0652,15.1087,49.178696,40.579019294877256,-8.453708286052251,0,0.0000,0,0.0000,0,0.0000,0,0.0000,0,0.0000,0,0.0000
281,295,46,17.4242,20.65533763429393,0.8025666656701461,3.0000,9.4565,8.6304,8.8478,20.4348,59.855,40.58606553853615,-8.463270862939632,0,0.0000,0,0.0000,3,6.5217,0,0.0000,0,0.0000,0,0.0000
372,758,43,16.2879,112.88126501926156,1.0961232116056039,2.9767,7.3023,7.1395,7.8837,14.0000,49.613023,40.58461548252546,-8.46028515951343,1,2.3256,0,0.0000,0,0.0000,0,0.0000,0,0.0000,0,0.0000
242,0,43,16.2879,46.00419563470885,1.5057745922443482,2.9767,7.6744,8.7442,6.8140,14.5116,51.628372,40.585053385021176,-8.461463591064463,0,0.0000,0,0.0000,0,0.0000,0,0.0000,0,0.0000,0,0.0000
200,719,41,15.5303,1.077467431128025,0.7225799411535255,3.0250,9.0732,8.7805,7.8293,15.0732,57.073658,40.58400950301617,-8.45904888188149,1,2.4390,0,0.0000,0,0.0000,0,0.0000,0,0.0000,0,0.0000
544,0,41,15.5303,54.77338581550412,1.1672735243308834,2.9756,9.0000,9.7561,8.5122,20.3659,60.596098,40.58420910984267,-8.460849469337349,0,0.0000,0,0.0000,0,0.0000,0,0.0000,0,0.0000,0,0.0000
154,1124,37,14.0152,104.51969414788323,1.8050103477529573,2.9459,8.0811,7.3784,8.9459,18.0541,54.234324,40.58393186057937,-8.45920498908134,0,0.0000,0,0.0000,0,0.0000,0,0.0000,0,0.0000,0,0.0000
755,0,36,13.6364,1.4980014297697273,0.1981531091862247,2.9722,9.1667,9.5000,9.5833,20.0000,62.7775,40.5862284937759,-8.462989941314143,0,0.0000,0,0.0000,0,0.0000,0,0.0000,0,0.0000,0,0.0000
95,902,35,13.2576,213.64692818777903,8.793897696903773,2.9143,8.2286,8.5714,7.5143,18.2000,54.031714,40.5831725916718,-8.458467235906966,0,0.0000,0,0.0000,0,0.0000,0,0.0000,0,0.0000,0,0.0000
168,0,34,12.8788,35.97285211787504,1.1091955900192254,3.0294,8.7353,9.3529,10.1765,21.2941,62.810294,40.59319710787014,-8.466967686710186,0,0.0000,0,0.0000,0,0.0000,0,0.0000,0,0.0000,0,0.0000
160,1142,33,12.5000,90.54285979993415,2.2983423074086504,2.9394,6.8788,6.7879,6.0000,15.3636,43.703939,40.58477323242974,-8.460583135500105,0,0.0000,0,0.0000,0,0.0000,0,0.0000,0,0.0000,0,0.0000
14,619,33,12.5000,11.178498297026664,0.6278705985257128,3.0606,9.5152,8.6970,9.0606,21.5152,60.606061,40.59462650092944,-8.474203462315646,0,0.0000,0,0.0000,0,0.0000,0,0.0000,0,0.0000,0,0.0000
157,1133,32,12.1212,80.97638696432114,1.6915014423429966,2.9688,7.5938,6.6563,9.3438,17.4375,52.430625,40.58737075312873,-8.464485044572132,0,0.0000,0,0.0000,0,0.0000,0,0.0000,0,0.0000,0,0.0000
398,1664,31,11.7424,24.457896078786543,1.1941031698257691,3.0645,8.5484,8.3548,7.5806,16.7742,54.409355,40.591199944510876,-8.47122363825356,0,0.0000,0,0.0000,0,0.0000,0,0.0000,0,0.0000,0,0.0000
132,59,31,11.7424,,,3.0968,5.7419,6.5806,5.6774,15.4194,40.000645,40.585828975437714,-8.462686847118043,0,0.0000,0,0.0000,0,0.0000,0,0.0000,0,0.0000,0,0.0000
18,0,31,11.7424,39.54037303309287,1.476257912574276,3.0000,8.3871,7.4194,8.3871,14.1935,53.763549,40.5972072854494,-8.475883097480425,0,0.0000,0,0.0000,0,0.0000,0,0.0000,0,0.0000,0,0.0000
308,0,30,11.3636,36.443405342102054,1.377675879001617,3.0000,8.8667,7.5333,8.6000,21.8333,55.554667,40.58836229764558,-8.466822342393593,0,0.0000,0,0.0000,0,0.0000,0,0.0000,0,0.0000,0,0.0000
207,803,30,11.3636,65.04856084187826,1.0947921077410372,3.0667,7.0000,6.8000,9.2000,14.7333,51.111333,40.585347550685796,-8.461542246771671,0,0.0000,0,0.0000,1,3.3333,0,0.0000,0,0.0000,0,0.0000
288,0,30,11.3636,48.467365199121936,1.3902343449921446,3.0000,9.5000,7.8333,7.3667,15.9000,54.889,40.586888999019195,-8.458735925415752,0,0.0000,0,0.0000,0,0.0000,0,0.0000,0,0.0000,0,0.0000
456,0,29,10.9848,7.238237146673532,0.39968520813974934,3.0000,8.3448,9.5172,8.1379,17.2759,57.777586,40.5756085537893,-8.448831424949017,0,0.0000,0,0.0000,0,0.0000,0,0.0000,0,0.0000,0,0.0000
507,0,29,10.9848,15.220202643295814,0.8973114243869125,2.9655,8.5862,9.7241,6.8621,14.4138,55.93931,40.59279413601438,-8.467904879932279,0,0.0000,0,0.0000,0,0.0000,0,0.0000,0,0.0000,0,0.0000
344,0,29,10.9848,115.31221271383352,1.5428858440497826,3.1034,8.6207,8.0000,8.7931,15.8276,56.474828,40.57902010601252,-8.449121914650148,0,0.0000,0,0.0000,0,0.0000,0,0.0000,0,0.0000,0,0.0000
282,298,29,10.9848,50.96785597965635,1.6342446968473237,3.0000,8.9655,7.4138,9.2069,17.6207,56.858965,40.584615240198076,-8.460165791091159,0,0.0000,0,0.0000,0,0.0000,0,0.0000,0,0.0000,0,0.0000
310,1487,28,10.6061,40.32603018624442,1.4937113438333782,3.0000,7.9643,7.8929,7.5357,13.4286,51.983928,40.5891938590051,-8.458589597276726,0,0.0000,0,0.0000,0,0.0000,0,0.0000,0,0.0000,0,0.0000
246,313,28,10.6061,68.12681000573295,0.5981321611574718,3.0357,9.5714,8.5000,8.7500,14.0357,59.6025,40.58971362873102,-8.46588440752937,0,0.0000,0,0.0000,0,0.0000,0,0.0000,0,0.0000,0,0.0000
297,1454,27,10.2273,250.61873428909868,2.2748703426784935,2.9630,8.6296,7.8519,8.2963,19.5556,55.062222,40.59486996115579,-8.471470019459819,0,0.0000,0,0.0000,0,0.0000,0,0.0000,0,0.0000,0,0.0000
622,0,27,10.2273,96.41608174641927,1.0151429750301215,3.0000,7.4074,7.1852,8.5556,18.2963,51.440371,40.58556556142786,-8.462954530784948,0,0.0000,0,0.0000,0,0.0000,0,0.0000,0,0.0000,0,0.0000
971,0,23,8.7121,39.39482000599737,0.6281527514043062,3.0000,8.6087,9.1739,7.7826,18.6957,56.812609,40.58290195463877,-8.460193923733145,0,0.0000,0,0.0000,0,0.0000,0,0.0000,0,0.0000,0,0.0000
714,0,23,8.7121,9.211196108297868,0.5396256622943014,3.1364,8.1739,7.1739,8.1739,14.7826,52.27087,40.583694185007325,-8.460890856137967,0,0.0000,0,0.0000,0,0.0000,0,0.0000,0,0.0000,0,0.0000
20,47,23,8.7121,17.137854285862137,0.6737797389859748,3.0435,8.4348,7.8261,7.2174,17.5652,52.173479,40.59137884827517,-8.464438955018146,0,0.0000,0,0.0000,0,0.0000,0,0.0000,0,0.0000,0,0.0000
49,262,23,8.7121,11.28976879949155,1.4246700950290836,3.0435,8.8261,8.6522,8.5652,19.7391,57.874349,40.594711064463446,-8.46919736635054,0,0.0000,0,0.0000,0,0.0000,0,0.0000,0,0.0000,0,0.0000
296,1451,23,8.7121,98.86063998678456,1.0437540567439536,3.0435,8.9565,10.0870,10.0870,18.4348,64.734782,40.59597574649656,-8.472062258568615,0,0.0000,0,0.0000,0,0.0000,0,0.0000,0,0.0000,0,0.0000
124,0,22,8.3333,43.283515670082785,1.4310732700608004,3.1364,8.0909,7.1818,6.6818,15.3636,48.788182,40.58850030799087,-8.467472622262356,0,0.0000,0,0.0000,0,0.0000,0,0.0000,0,0.0000,0,0.0000
105,79,21,7.9545,41.924640846252444,0.96487326323986,3.0000,8.0952,9.0952,9.1905,16.5238,58.62381,40.59302608613157,-8.475485575617773,0,0.0000,0,0.0000,0,0.0000,0,0.0000,0,0.0000,0,0.0000
217,1268,18,6.8182,123.848695119222,1.7389311591784165,2.8889,8.1111,8.9444,8.5000,13.6111,56.79,40.58715744154106,-8.461168525712129,0,0.0000,0,0.0000,0,0.0000,0,0.0000,0,0.0000,0,0.0000
181,652,15,5.6818,65.8503178914388,1.4507320006688433,3.0000,4.9333,7.0667,9.0000,14.7333,46.666666,40.58904135116416,-8.466133726458265,0,0.0000,0,0.0000,0,0.0000,0,0.0000,0,0.0000,0,0.0000
219,0,14,5.3030,58.959146635872976,0.7961872177464627,3.0000,8.2857,10.0714,7.1429,14.6429,56.665715,40.58410770165394,-8.460648165263411,0,0.0000,0,0.0000,0,0.0000,0,0.0000,0,0.0000,0,0.0000
996,0,14,5.3030,14.482414960861206,0.47296344382422423,2.9286,9.7143,6.3571,9.2857,16.0714,56.348572,40.586656234984346,-8.459987342904808,0,0.0000,0,0.0000,0,0.0000,0,0.0000,0,0.0000,0,0.0000
34,788,14,5.3030,66.75467572893415,1.407217630318232,3.0000,9.7143,7.3571,9.3571,21.2857,58.73,40.58581810727361,-8.455224409619968,0,0.0000,0,0.0000,0,0.0000,0,0.0000,0,0.0000,0,0.0000
376,770,12,4.5455,537.3652216593424,1.582255830367406,3.0000,9.2500,7.4167,7.5000,17.5833,53.703334,40.58744483741367,-8.464673096326374,0,0.0000,0,0.0000,0,0.0000,0,0.0000,0,0.0000,0,0.0000
164,0,12,4.5455,35.73131402333578,1.4823233385880792,3.0833,5.7500,7.4167,8.0833,20.2500,47.220834,40.59496873827094,-8.47061177926964,0,0.0000,0,0.0000,0,0.0000,0,0.0000,0,0.0000,0,0.0000
329,749,11,4.1667,13.765751838684082,1.0292768315835419,3.0000,7.1818,8.3636,7.0909,14.9091,50.302728,40.58245821397008,-8.4502096166745,0,0.0000,0,0.0000,0,0.0000,0,0.0000,0,0.0000,0,0.0000
134,0,10,3.7879,36.841330909729,1.138908594846724,3.3000,10.0000,6.2000,8.2000,14.5000,54.223,40.586440454491324,-8.462616799610089,0,0.0000,0,0.0000,0,0.0000,0,0.0000,0,0.0000,0,0.0000
126,634,10,3.7879,42.04557991027832,1.2868272066116329,3.0000,8.9000,7.5000,9.6000,18.7000,57.777999,40.58967058058467,-8.463785596165343,0,0.0000,0,0.0000,0,0.0000,0,0.0000,0,0.0000,0,0.0000
31,782,10,3.7879,54.215979385375974,1.237936156988143,2.9000,10.7000,10.4000,11.0000,16.7000,71.332001,40.59053412844045,-8.472639694524975,0,0.0000,0,0.0000,0,0.0000,0,0.0000,0,0.0000,0,0.0000
112,849,9,3.4091,120.43033091227214,1.906553573078579,2.8889,7.0000,9.2222,8.2222,21.8889,54.322222,40.58129246547151,-8.44815136329233,0,0.0000,0,0.0000,0,0.0000,0,0.0000,0,0.0000,0,0.0000
317,0,9,3.4091,92.51618787977431,1.750992072953119,3.0000,9.8889,7.7778,8.5556,22.0000,58.272222,40.590030232955684,-8.470125072497943,0,0.0000,0,0.0000,0,0.0000,0,0.0000,0,0.0000,0,0.0000
82,658,9,3.4091,58.465841929117836,0.9737343059645754,3.0000,8.8889,8.0000,8.7778,10.3333,57.036667,40.59373637912495,-8.470477159486974,0,0.0000,0,0.0000,0,0.0000,0,0.0000,0,0.0000,0,0.0000
279,0,8,3.0303,23.140325784683228,1.0963890478014937,2.8750,8.0000,8.6250,7.8750,17.6250,54.445,40.57895229214162,-8.451435326388902,0,0.0000,0,0.0000,0,0.0000,0,0.0000,0,0.0000,0,0.0000
185,0,7,2.6515,37.75451578412737,1.1591168982642028,3.0000,6.5714,9.4286,7.7143,12.2857,52.698572,40.5875371856615,-8.456526849392398,0,0.0000,0,0.0000,0,0.0000,0,0.0000,0,0.0000,0,0.0000
135,0,7,2.6515,22.80534294673375,0.7621189866747156,2.8571,8.4286,8.8571,4.1429,16.2857,47.62,40.59762960713021,-8.47915847022273,0,0.0000,0,0.0000,0,0.0000,0,0.0000,0,0.0000,0,0.0000
289,0,7,2.6515,126.02896009172711,1.9484117201396385,3.0000,8.4286,6.0000,11.2857,16.0000,57.141429,40.584864536019154,-8.449976137744752,0,0.0000,0,0.0000,0,0.0000,0,0.0000,0,0.0000,0,0.0000
669,2618,7,2.6515,0.08071157123361429,0.09010163588183286,3.0000,9.1429,6.4286,10.5714,13.5714,58.094285,40.59708548893379,-8.480397629709282,0,0.0000,0,0.0000,0,0.0000,0,0.0000,0,0.0000,0,0.0000
627,0,7,2.6515,10.62623643875122,0.5009397821766985,3.0000,9.7143,9.7143,6.2857,17.5714,57.140001,40.589359681921806,-8.457753724978911,0,0.0000,0,0.0000,0,0.0000,0,0.0000,0,0.0000,0,0.0000
85,0,7,2.6515,90.14289474487305,1.82176743234907,3.0000,10.0000,6.4286,7.1429,18.8571,52.381428,40.598291429166174,-8.480690849126193,0,0.0000,0,0.0000,0,0.0000,0,0.0000,0,0.0000,0,0.0000
422,96,6,2.2727,6.369319876035054,0.2894883106152217,2.6667,7.6667,7.1667,10.3333,14.6667,55.925,40.59130806267296,-8.469402534972128,0,0.0000,0,0.0000,0,0.0000,0,0.0000,0,0.0000,0,0.0000
373,761,6,2.2727,124.91691207885742,1.6735977927843733,3.0000,8.6667,8.3333,10.1667,11.8333,60.370001,40.58689936466671,-8.464316356121905,0,0.0000,0,0.0000,0,0.0000,0,0.0000,0,0.0000,0,0.0000
169,202,6,2.2727,103.50414339701335,2.016495048999787,3.1667,9.1667,9.1667,10.6667,21.3333,64.445,40.598456982611786,-8.481890045087178,0,0.0000,0,0.0000,0,0.0000,0,0.0000,0,0.0000,0,0.0000
669,2616,5,1.8939,0.13024123311043,0.11237017959356199,3.4000,12.0000,6.6000,8.4000,18.4000,59.999999,40.59327148849712,-8.473780116618133,0,0.0000,0,0.0000,0,0.0000,0,0.0000,0,0.0000,0,0.0000
247,316,4,1.5152,175.03854846954346,1.255671590566635,3.0000,5.5000,9.2500,9.2500,22.2500,53.3325,40.58589165917567,-8.467209178892192,0,0.0000,0,0.0000,0,0.0000,0,0.0000,0,0.0000,0,0.0000
550,137,4,1.5152,17.00177764892578,0.9479105621576299,3.0000,5.5000,4.0000,7.5000,11.5000,37.777501,40.58199383229345,-8.455893084169666,0,0.0000,0,0.0000,0,0.0000,0,0.0000,0,0.0000,0,0.0000
59,283,4,1.5152,134.45500946044922,1.8183925151824976,3.0000,7.5000,11.5000,9.5000,17.7500,63.3325,40.59148721465329,-8.476318851664587,0,0.0000,0,0.0000,0,0.0000,0,0.0000,0,0.0000,0,0.0000
132,0,4,1.5152,,,3.0000,8.2500,6.5000,7.5000,9.2500,49.445,40.59433226426365,-8.480261326473872,0,0.0000,0,0.0000,0,0.0000,0,0.0000,0,0.0000,0,0.0000
595,0,3,1.1364,0.54635004202525,0.09454605976740667,3.0000,9.0000,8.6667,8.0000,15.6667,57.036667,40.608413,-8.48778,0,0.0000,0,0.0000,0,0.0000,0,0.0000,0,0.0000,0,0.0000
98,870,2,0.7576,5.8297042846679705,0.37506636977195495,3.0000,4.0000,7.5000,1.5000,4.5000,28.89,40.577180542193545,-8.458398532709275,0,0.0000,0,0.0000,0,0.0000,0,0.0000,0,0.0000,0,0.0000
330,752,2,0.7576,68.16841506958008,1.9462258815765399,3.0000,8.5000,11.5000,5.5000,10.0000,56.665001,40.585246684241355,-8.467145284620646,0,0.0000,0,0.0000,0,0.0000,0,0.0000,0,0.0000,0,0.0000
54,286,2,0.7576,23.548418045043945,0.8283882439136501,3.0000,10.0000,3.0000,4.0000,24.0000,37.779999,40.59228458196091,-8.473233814860311,0,0.0000,0,0.0000,0,0.0000,0,0.0000,0,0.0000,0,0.0000
15,622,2,0.7576,31.04964828491211,1.0195684432983398,3.0000,6.0000,13.0000,9.0000,27.5000,62.224998,40.59272389909853,-8.473744651971305,0,0.0000,0,0.0000,0,0.0000,0,0.0000,0,0.0000,0,0.0000
248,319,2,0.7576,208.55034637451172,2.02213430404663,3.0000,12.5000,6.5000,6.0000,9.0000,55.555,40.57878947109201,-8.446142080427471,0,0.0000,0,0.0000,0,0.0000,0,0.0000,0,0.0000,0,0.0000
318,734,2,0.7576,16.176522254943848,0.762363374233245,3.0000,8.0000,6.0000,12.0000,28.5000,57.775,40.58859098208269,-8.469333627144085,0,0.0000,0,0.0000,0,0.0000,0,0.0000,0,0.0000,0,0.0000
118,0,2,0.7576,11.053779602050785,0.522674769163135,3.0000,6.0000,7.5000,11.5000,10.0000,55.554999,40.57867300115748,-8.440743061601966,0,0.0000,0,0.0000,0,0.0000,0,0.0000,0,0.0000,0,0.0000
618,2246,2,0.7576,14.143038272857666,0.792097747325895,3.0000,6.0000,4.5000,8.5000,16.0000,42.224999,40.608413,-8.48778,0,0.0000,0,0.0000,0,0.0000,0,0.0000,0,0.0000,0,0.0000
339,0,2,0.7576,2.803364872932435,0.47693166136742,3.5000,10.5000,4.0000,13.5000,23.0000,62.220001,40.57900863730315,-8.444770845806271,0,0.0000,0,0.0000,0,0.0000,0,0.0000,0,0.0000,0,0.0000
412,119,1,0.3788,3.5657083988189697,0.20241183042526,3.0000,9.0000,15.0000,0.0000,27.0000,53.330002,40.57224631081397,-8.44451371482685,0,0.0000,0,0.0000,0,0.0000,0,0.0000,0,0.0000,0,0.0000
77,1011,1,0.3788,49.31119537353516,1.24738729000092,3.0000,4.0000,13.0000,4.0000,17.0000,46.669998,40.58120746433553,-8.44597064225339,0,0.0000,0,0.0000,0,0.0000,0,0.0000,0,0.0000,0,0.0000
205,1247,1,0.3788,78.47445678710938,0.89806663990021,3.0000,15.0000,13.0000,7.0000,27.0000,77.779999,40.59639639943441,-8.47528659996538,0,0.0000,0,0.0000,0,0.0000,0,0.0000,0,0.0000,0,0.0000
211,2788,1,0.3788,1.92807734012604,0.4034341275692,3.0000,11.0000,3.0000,5.0000,30.0000,42.220001,40.60675364436594,-8.48874833905882,0,0.0000,0,0.0000,0,0.0000,0,0.0000,0,0.0000,0,0.0000
23,697,1,0.3788,4.62406206130981,1.7072404623031598,3.0000,7.0000,11.0000,8.0000,23.0000,57.779999,40.59321300408908,-8.48960585620749,0,0.0000,0,0.0000,0,0.0000,0,0.0000,0,0.0000,0,0.0000
525,0,1,0.3788,53.81575012207031,0.68213033676147,3.0000,1.0000,2.0000,4.0000,24.0000,15.56,40.5833236990158,-8.44614204734006,0,0.0000,0,0.0000,0,0.0000,0,0.0000,0,0.0000,0,0.0000
682,0,1,0.3788,0.53609573841095,0.23640066385269,3.0000,4.0000,13.0000,14.0000,16.0000,68.889999,40.59687268569702,-8.47202870657295,0,0.0000,0,0.0000,0,0.0000,0,0.0000,0,0.0000,0,0.0000
759,0,1,0.3788,5.87947988510132,0.47877758741379,3.0000,4.0000,9.0000,4.0000,13.0000,37.779999,40.60996359698685,-8.48368918661196,0,0.0000,0,0.0000,0,0.0000,0,0.0000,0,0.0000,0,0.0000
779,0,1,0.3788,26.53106880187988,1.0229697227478,3.0000,3.0000,4.0000,11.0000,29.0000,40.0,40.59435400263586,-8.49123516568328,0,0.0000,0,0.0000,0,0.0000,0,0.0000,0,0.0000,0,0.0000
363,1598,1,0.3788,56.78980255126953,0.90858817100525,3.0000,1.0000,13.0000,6.0000,26.0000,44.439999,40.571142,-8.446802,0,0.0000,0,0.0000,0,0.0000,0,0.0000,0,0.0000,0,0.0000
656,0,1,0.3788,5.43577766418457,0.28840306401253,3.0000,10.0000,9.0000,8.0000,29.0000,60.0,40.608413,-8.48778,0,0.0000,0,0.0000,0,0.0000,0,0.0000,0,0.0000,0,0.0000
79,1017,1,0.3788,26.35778427124023,1.00861942768097,3.0000,6.0000,10.0000,12.0000,27.0000,62.220001,40.60606318174058,-8.50023987969039,0,0.0000,0,0.0000,0,0.0000,0,0.0000,0,0.0000,0,0.0000
690,0,1,0.3788,9.26336097717285,0.51137119531631,3.0000,8.0000,5.0000,7.0000,10.0000,44.439999,40.57314457533978,-8.44194273544961,0,0.0000,0,0.0000,0,0.0000,0,0.0000,0,0.0000,0,0.0000
309,0,1,0.3788,20.22660827636719,0.65485447645187,3.0000,6.0000,4.0000,12.0000,16.0000,48.889999,40.608413,-8.48778,0,0.0000,0,0.0000,0,0.0000,0,0.0000,0,0.0000,0,0.0000
299,1460,1,0.3788,90.22294616699219,0.95788580179214,3.0000,14.0000,4.0000,11.0000,29.0000,64.440002,40.608413,-8.48778,0,0.0000,0,0.0000,0,0.0000,0,0.0000,0,0.0000,0,0.0000
100,0,1,0.3788,6.49810981750488,0.39636874198914,3.0000,10.0000,4.0000,12.0000,7.0000,57.779999,40.608413,-8.48778,0,0.0000,0,0.0000,0,0.0000,0,0.0000,0,0.0000,0,0.0000
229,232,1,0.3788,33.27732086181641,1.25707805156708,3.0000,7.0000,3.0000,2.0000,15.0000,26.67,40.57569176516012,-8.43731519465878,0,0.0000,0,0.0000,0,0.0000,0,0.0000,0,0.0000,0,0.0000
459,932,1,0.3788,48.72549057006836,0.92481315135956,3.0000,12.0000,12.0000,13.0000,21.0000,82.220001,40.608413,-8.48778,0,0.0000,0,0.0000,0,0.0000,0,0.0000,0,0.0000,0,0.0000
319,737,1,0.3788,92.87979888916016,1.8997056484222399,3.0000,7.0000,13.0000,7.0000,23.0000,60.0,40.57511515291732,-8.45162721683724,0,0.0000,0,0.0000,0,0.0000,0,0.0000,0,0.0000,0,0.0000
1,163,1,0.3788,9.99182510375977,0.83607506752014,3.0000,12.0000,15.0000,13.0000,27.0000,88.889999,40.5759695263694,-8.44965593790214,0,0.0000,0,0.0000,0,0.0000,0,0.0000,0,0.0000,0,0.0000
263,945,1,0.3788,17.84906578063965,0.4102626144886,3.0000,10.0000,12.0000,4.0000,5.0000,57.779999,40.60270046992037,-8.4977527559131,0,0.0000,0,0.0000,0,0.0000,0,0.0000,0,0.0000,0,0.0000
102,729,1,0.3788,3.25137543678284,0.47181522846222,3.0000,6.0000,11.0000,6.0000,13.0000,51.110001,40.571197,-8.446439999999999,0,0.0000,0,0.0000,0,0.0000,0,0.0000,0,0.0000,0,0.0000
