pokemon_id,form,count_poke,percentage,avg_level,avg_iv,avg_lat,avg_lon,iv_100,iv100_percentage,iv_0,iv0_percentage,shinies,shiny_odds,little_top_1,little_top1_percentage,great_top_1,great_top1_percentage,ultra_top_1,ultra_top1_percentage
747,0,32346,11.3575,18.8694,58.992985,41.12639046440486,-8.647025327173958,19,0.0587,3,0.0093,0,0.0000,2,0.0062,2,0.0062,0,0.0000
676,2629,31054,10.9038,16.4262,52.575372,41.1263797666132,-8.646833400287811,13,0.0419,8,0.0258,60,0.1932,1,0.0032,6,0.0193,13,0.0419
592,2330,31040,10.8989,15.7557,50.856443,41.12644556034693,-8.646911817667805,5,0.0161,11,0.0354,49,0.1579,3,0.0097,11,0.0354,7,0.0226
50,59,28691,10.0741,16.1149,51.793865,41.12628829267822,-8.646797043997301,9,0.0314,2,0.0070,72,0.2509,8,0.0279,9,0.0314,0,0.0000
194,1226,15777,5.5397,16.4925,52.17256,41.12629981818363,-8.647151434476003,6,0.0380,3,0.0190,25,0.1585,5,0.0317,4,0.0254,0,0.0000
574,0,15621,5.4849,15.5363,50.099372,41.12644150926392,-8.646882588999981,2,0.0128,4,0.0256,39,0.2497,4,0.0256,5,0.0320,4,0.0256
453,0,15432,5.4186,18.6233,58.362993,41.126407243279615,-8.646788883800944,8,0.0518,2,0.0130,37,0.2398,3,0.0194,0,0.0000,3,0.0194
25,598,14669,5.1507,15.8031,50.34439,41.1262929444288,-8.646886490664498,7,0.0477,7,0.0477,29,0.1977,2,0.0136,2,0.0136,8,0.0545
592,2168,7826,2.7479,15.7084,50.802144,41.12634403442619,-8.647219177302201,5,0.0639,2,0.0256,16,0.2044,0,0.0000,8,0.1022,1,0.0128
359,830,7709,2.7068,15.4327,50.039075,41.12634124995463,-8.647063022407227,1,0.0130,1,0.0130,108,1.4010,1,0.0130,1,0.0130,4,0.0519
109,703,2567,0.9013,19.4277,61.233658,41.12582433499729,-8.648393055066412,1,0.0390,0,0.0000,9,0.3506,0,0.0000,0,0.0000,1,0.0390
915,0,2324,0.8160,17.1910,53.950998,41.126071685759506,-8.646478282015893,2,0.0861,1,0.0430,3,0.1291,0,0.0000,0,0.0000,1,0.0430
456,0,2153,0.7560,15.7682,50.730307,41.131351763179346,-8.657296763988716,1,0.0464,1,0.0464,4,0.1858,1,0.0464,1,0.0464,0,0.0000
304,1469,1838,0.6454,16.7699,52.646589,41.129341175958665,-8.641485656374686,0,0.0000,1,0.0544,5,0.2720,0,0.0000,0,0.0000,1,0.0544
37,55,1808,0.6348,16.1322,52.165786,41.12681417744426,-8.646343138946309,0,0.0000,0,0.0000,2,0.1106,0,0.0000,1,0.0553,0,0.0000
684,0,1617,0.5678,18.3463,58.780983,41.126941229883066,-8.64540708688871,2,0.1237,0,0.0000,2,0.1237,0,0.0000,0,0.0000,2,0.1237
237,0,1595,0.5600,19.4445,59.923392,41.12649281039556,-8.646971309411356,2,0.1254,0,0.0000,4,0.2508,0,0.0000,0,0.0000,2,0.1254
27,51,1519,0.5334,16.7130,52.954391,41.12769970753607,-8.64475166865912,0,0.0000,0,0.0000,1,0.0658,1,0.0658,1,0.0658,0,0.0000
513,0,1395,0.4898,16.3785,52.949427,41.12628279158933,-8.64544360425261,0,0.0000,0,0.0000,2,0.1434,0,0.0000,0,0.0000,0,0.0000
753,0,1372,0.4817,16.9504,53.482435,41.12340843323907,-8.642543026130651,0,0.0000,0,0.0000,3,0.2187,1,0.0729,0,0.0000,0,0.0000
41,157,1269,0.4456,19.6399,61.528637,41.12838255497595,-8.644157996205006,2,0.1576,0,0.0000,3,0.2364,0,0.0000,0,0.0000,0,0.0000
278,0,1262,0.4431,15.9715,51.586506,41.13266157685519,-8.662295670996787,1,0.0792,0,0.0000,7,0.5547,1,0.0792,0,0.0000,1,0.0792
35,0,1249,0.4386,19.9335,60.745533,41.12844916549865,-8.642970980428935,1,0.0801,0,0.0000,2,0.1601,0,0.0000,0,0.0000,0,0.0000
736,0,1224,0.4298,15.8440,50.570074,41.124903305127575,-8.645744950885982,0,0.0000,0,0.0000,4,0.3268,0,0.0000,0,0.0000,1,0.0817
585,587,1169,0.4105,16.6510,53.179359,41.12497263627508,-8.644543570587585,0,0.0000,0,0.0000,0,0.0000,0,0.0000,0,0.0000,0,0.0000
273,625,1150,0.4038,16.4278,52.098444,41.127408146924765,-8.646054655898075,1,0.0870,0,0.0000,2,0.1739,0,0.0000,1,0.0870,1,0.0870
333,0,1148,0.4031,17.3685,54.001211,41.1279664744114,-8.642388206413708,1,0.0871,1,0.0871,2,0.1742,0,0.0000,0,0.0000,0,0.0000
170,0,1139,0.3999,16.0685,52.231124,41.12680998177691,-8.647977792025221,0,0.0000,1,0.0878,2,0.1756,0,0.0000,0,0.0000,0,0.0000
285,0,1078,0.3785,16.4722,51.560427,41.12460976668833,-8.64747698134973,0,0.0000,0,0.0000,1,0.0928,0,0.0000,0,0.0000,0,0.0000
921,0,1049,0.3683,15.9199,51.373775,41.126153175862164,-8.64730073921688,0,0.0000,0,0.0000,0,0.0000,0,0.0000,1,0.0953,0,0.0000
158,1136,1031,0.3620,15.8962,51.212464,41.127450887509276,-8.646954033741567,1,0.0970,0,0.0000,3,0.2910,0,0.0000,1,0.0970,0,0.0000
554,2063,1029,0.3613,16.6259,52.380991,41.12934965943185,-8.642127408637519,0,0.0000,1,0.0972,1,0.0972,0,0.0000,1,0.0972,0,0.0000
263,946,974,0.3420,16.6602,51.866345,41.125960335614565,-8.646556184719003,0,0.0000,0,0.0000,16,1.6427,2,0.2053,0,0.0000,0,0.0000
919,0,952,0.3343,16.1481,51.545368,41.1229372847762,-8.651521852660538,0,0.0000,0,0.0000,0,0.0000,0,0.0000,0,0.0000,0,0.0000
152,1118,950,0.3336,15.4958,51.150905,41.12640526563129,-8.647121543471231,0,0.0000,0,0.0000,3,0.3158,0,0.0000,2,0.2105,0,0.0000
155,1127,944,0.3315,16.1261,51.13,41.12684135664597,-8.647178741089746,0,0.0000,1,0.1059,3,0.3178,0,0.0000,1,0.1059,1,0.1059
590,0,927,0.3255,19.9385,61.222406,41.126066415396565,-8.645849802253721,0,0.0000,0,0.0000,1,0.1079,0,0.0000,0,0.0000,0,0.0000
731,0,923,0.3241,17.6316,54.120791,41.121710775456286,-8.652845428163548,0,0.0000,0,0.0000,0,0.0000,0,0.0000,1,0.1083,0,0.0000
777,0,901,0.3164,16.4795,50.812697,41.129209961839436,-8.641629431956853,0,0.0000,0,0.0000,0,0.0000,0,0.0000,0,0.0000,0,0.0000
557,0,893,0.3136,17.0459,53.527402,41.12820858445127,-8.646195124475307,1,0.1120,0,0.0000,5,0.5599,0,0.0000,0,0.0000,1,0.1120
16,0,892,0.3132,16.9720,54.825561,41.12101469472413,-8.651849146065684,1,0.1121,0,0.0000,4,0.4484,0,0.0000,1,0.1121,1,0.1121
506,0,879,0.3086,17.1809,52.784744,41.12220981950434,-8.64967440155335,1,0.1138,0,0.0000,1,0.1138,0,0.0000,0,0.0000,0,0.0000
661,0,790,0.2774,16.3114,53.645443,41.12364177014443,-8.639527169538455,1,0.1266,0,0.0000,5,0.6329,0,0.0000,1,0.1266,1,0.1266
13,616,775,0.2721,19.5961,59.925329,41.12642056858257,-8.647955455028777,0,0.0000,1,0.1290,0,0.0000,0,0.0000,0,0.0000,0,0.0000
261,1367,741,0.2602,15.8111,50.874197,41.122836456054166,-8.647436714953121,1,0.1350,0,0.0000,1,0.1350,0,0.0000,0,0.0000,0,0.0000
702,0,724,0.2542,19.6782,60.481934,41.12671622818184,-8.64519057060271,0,0.0000,0,0.0000,2,0.2762,0,0.0000,0,0.0000,0,0.0000
427,0,722,0.2535,16.4986,53.121067,41.1264700786102,-8.648465066472387,0,0.0000,0,0.0000,0,0.0000,1,0.1385,0,0.0000,0,0.0000
519,0,704,0.2472,16.6733,54.671861,41.126565004983405,-8.6466049544889,1,0.1420,0,0.0000,0,0.0000,0,0.0000,1,0.1420,0,0.0000
52,63,641,0.2251,16.1170,54.109797,41.12849615146271,-8.645960541194517,0,0.0000,0,0.0000,1,0.1560,0,0.0000,0,0.0000,0,0.0000
265,0,638,0.2240,16.5705,51.302649,41.12393480515843,-8.648466451848739,0,0.0000,0,0.0000,2,0.3135,0,0.0000,0,0.0000,0,0.0000
539,0,589,0.2068,19.2971,60.886622,41.12888435672721,-8.642418814479386,1,0.1698,0,0.0000,0,0.0000,0,0.0000,0,0.0000,0,0.0000
396,1658,588,0.2065,16.5340,53.877568,41.12208287077951,-8.650055167517383,0,0.0000,0,0.0000,0,0.0000,0,0.0000,0,0.0000,0,0.0000
431,0,587,0.2061,16.8416,53.359847,41.12489250157118,-8.647935168107427,0,0.0000,0,0.0000,0,0.0000,0,0.0000,0,0.0000,0,0.0000
29,776,579,0.2033,19.0363,60.951865,41.12578484154216,-8.6480492106379,0,0.0000,0,0.0000,5,0.8636,0,0.0000,0,0.0000,0,0.0000
179,646,579,0.2033,15.5717,51.433575,41.128417261714574,-8.650162058567124,0,0.0000,0,0.0000,1,0.1727,0,0.0000,1,0.1727,1,0.1727
167,0,578,0.2030,20.0519,61.237855,41.12013053092706,-8.652774642827591,0,0.0000,0,0.0000,1,0.1730,0,0.0000,0,0.0000,0,0.0000
580,0,574,0.2015,16.3519,51.761655,41.12766533623318,-8.646459469995067,0,0.0000,0,0.0000,0,0.0000,0,0.0000,0,0.0000,0,0.0000
909,0,569,0.1998,16.5554,52.622443,41.127010754519965,-8.647100767702208,0,0.0000,0,0.0000,0,0.0000,0,0.0000,0,0.0000,0,0.0000
316,0,566,0.1987,19.9876,60.655583,41.12769896911495,-8.647679422832319,0,0.0000,0,0.0000,0,0.0000,0,0.0000,0,0.0000,0,0.0000
912,0,559,0.1963,15.5259,50.645725,41.12515600199401,-8.646688431583533,0,0.0000,0,0.0000,0,0.0000,0,0.0000,0,0.0000,0,0.0000
906,0,543,0.1907,16.0663,52.31035,41.12629504457806,-8.646290245116608,0,0.0000,0,0.0000,0,0.0000,0,0.0000,1,0.1842,0,0.0000
338,0,543,0.1907,17.7293,53.333297,41.12574717921788,-8.64709150738924,0,0.0000,0,0.0000,1,0.1842,0,0.0000,0,0.0000,1,0.1842
274,628,539,0.1893,17.1187,51.539926,41.126545757844994,-8.647582434427113,0,0.0000,0,0.0000,0,0.0000,0,0.0000,0,0.0000,0,0.0000
527,0,539,0.1893,15.4082,50.538182,41.12706523900753,-8.64734478615175,0,0.0000,1,0.1855,0,0.0000,0,0.0000,0,0.0000,0,0.0000
220,1277,515,0.1808,16.1903,52.461825,41.12776031779403,-8.646242467143246,0,0.0000,0,0.0000,2,0.3883,0,0.0000,0,0.0000,1,0.1942
58,280,511,0.1794,16.9217,52.550587,41.12511215408179,-8.64725411180461,0,0.0000,0,0.0000,3,0.5871,0,0.0000,0,0.0000,0,0.0000
613,2231,504,0.1770,15.1389,50.061667,41.126676246142466,-8.64646183813111,0,0.0000,1,0.1984,2,0.3968,0,0.0000,0,0.0000,0,0.0000
307,0,498,0.1749,19.1064,59.388494,41.12797617550731,-8.648975036535258,0,0.0000,0,0.0000,0,0.0000,0,0.0000,0,0.0000,0,0.0000
667,0,497,0.1745,17.5594,55.707606,41.13125767185794,-8.647107264438919,2,0.4024,0,0.0000,0,0.0000,1,0.2012,0,0.0000,0,0.0000
434,791,497,0.1745,19.3662,60.232435,41.12458460260332,-8.648565989465654,1,0.2012,0,0.0000,0,0.0000,0,0.0000,0,0.0000,0,0.0000
761,0,484,0.1699,15.9401,51.460186,41.126741574436714,-8.646638035626523,0,0.0000,0,0.0000,0,0.0000,0,0.0000,0,0.0000,0,0.0000
32,776,483,0.1696,19.4886,61.205363,41.12555812797683,-8.647173765038936,1,0.2070,0,0.0000,2,0.4141,0,0.0000,0,0.0000,0,0.0000
287,0,461,0.1619,17.0174,53.304404,41.12604224707585,-8.647233860910804,0,0.0000,0,0.0000,0,0.0000,0,0.0000,0,0.0000,0,0.0000
163,0,444,0.1559,17.2680,53.453378,41.12001711743593,-8.65390108646545,0,0.0000,0,0.0000,1,0.2252,0,0.0000,1,0.2252,0,0.0000
280,292,443,0.1555,18.0045,59.85456,41.127489411906275,-8.65556191924175,1,0.2257,0,0.0000,0,0.0000,0,0.0000,0,0.0000,0,0.0000
38,57,442,0.1552,15.9593,52.85086,41.1259971868274,-8.645882222764305,2,0.4525,0,0.0000,0,0.0000,1,0.2262,0,0.0000,0,0.0000
602,0,438,0.1538,18.3790,56.687032,41.125416738136295,-8.646533671373666,0,0.0000,0,0.0000,0,0.0000,0,0.0000,0,0.0000,0,0.0000
17,0,418,0.1468,16.6148,53.609498,41.11795673917322,-8.655292488509273,0,0.0000,0,0.0000,0,0.0000,0,0.0000,0,0.0000,0,0.0000
100,2728,411,0.1443,17.1046,52.711703,41.127036552503135,-8.645498873705701,0,0.0000,0,0.0000,0,0.0000,0,0.0000,0,0.0000,0,0.0000
339,0,405,0.1422,16.8815,52.79,41.13138845191971,-8.65822874664752,0,0.0000,0,0.0000,1,0.2469,0,0.0000,0,0.0000,0,0.0000
133,0,400,0.1404,16.6825,54.161375,41.126353890669286,-8.64807427081823,0,0.0000,0,0.0000,1,0.2500,0,0.0000,1,0.2500,2,0.5000
216,1265,380,0.1334,16.5816,53.719368,41.12265301819372,-8.64949956460562,0,0.0000,0,0.0000,0,0.0000,0,0.0000,0,0.0000,0,0.0000
176,0,380,0.1334,18.6316,57.637395,41.1227116793916,-8.642726532639323,0,0.0000,0,0.0000,0,0.0000,0,0.0000,0,0.0000,0,0.0000
454,0,364,0.1278,18.8599,61.605467,41.12681658634116,-8.647500395019177,0,0.0000,0,0.0000,0,0.0000,0,0.0000,0,0.0000,0,0.0000
751,0,364,0.1278,16.0330,49.798599,41.132176204541295,-8.657841591347166,0,0.0000,0,0.0000,1,0.2747,1,0.2747,0,0.0000,0,0.0000
309,1484,360,0.1264,16.0694,49.870417,41.121610312728976,-8.6535848530725,0,0.0000,0,0.0000,0,0.0000,0,0.0000,0,0.0000,0,0.0000
84,0,352,0.1236,17.0227,53.358438,41.12673479130064,-8.646512622753548,0,0.0000,0,0.0000,1,0.2841,0,0.0000,0,0.0000,0,0.0000
524,0,349,0.1225,16.9885,52.951232,41.12963190899466,-8.644154514182784,0,0.0000,0,0.0000,0,0.0000,0,0.0000,1,0.2865,1,0.2865
203,0,344,0.1208,16.4331,52.538489,41.128189307689155,-8.648916399723433,1,0.2907,0,0.0000,1,0.2907,0,0.0000,0,0.0000,0,0.0000
548,0,332,0.1166,19.0392,57.436446,41.12158855067203,-8.650358466289584,0,0.0000,0,0.0000,1,0.3012,0,0.0000,0,0.0000,0,0.0000
279,0,329,0.1155,16.1793,50.442432,41.13010611508507,-8.655704166565652,0,0.0000,0,0.0000,0,0.0000,0,0.0000,0,0.0000,0,0.0000
110,706,326,0.1145,20.8282,61.622699,41.12806321212557,-8.650840062804749,0,0.0000,0,0.0000,0,0.0000,0,0.0000,0,0.0000,0,0.0000
122,1080,312,0.1096,18.5609,59.999808,41.123798165441244,-8.649724687357834,1,0.3205,0,0.0000,0,0.0000,0,0.0000,0,0.0000,0,0.0000
111,846,306,0.1074,17.6830,54.175915,41.12283265939912,-8.64235478779649,0,0.0000,0,0.0000,0,0.0000,0,0.0000,1,0.3268,0,0.0000
171,0,299,0.1050,17.0635,50.129967,41.126991162829604,-8.648969362328733,0,0.0000,0,0.0000,0,0.0000,0,0.0000,0,0.0000,0,0.0000
618,2345,291,0.1022,17.0893,51.553883,41.12657179509703,-8.644989536791392,0,0.0000,0,0.0000,3,1.0309,0,0.0000,0,0.0000,0,0.0000
275,631,286,0.1004,16.0699,53.271154,41.1264429501232,-8.64650622497444,1,0.3497,0,0.0000,0,0.0000,0,0.0000,0,0.0000,0,0.0000
108,0,275,0.0966,15.5527,53.907455,41.12646973417805,-8.64738815998849,1,0.3636,0,0.0000,5,1.8182,0,0.0000,0,0.0000,0,0.0000
559,0,273,0.0959,18.8571,57.907876,41.127108797145425,-8.645030856819604,0,0.0000,0,0.0000,0,0.0000,0,0.0000,0,0.0000,0,0.0000
353,908,272,0.0955,15.5147,49.272831,41.12553577639572,-8.64740789482191,0,0.0000,0,0.0000,1,0.3676,0,0.0000,1,0.3676,0,0.0000
159,1139,268,0.0941,15.4328,52.462799,41.12515913094494,-8.64774001746547,0,0.0000,0,0.0000,0,0.0000,0,0.0000,0,0.0000,0,0.0000
234,941,266,0.0934,17.2632,53.34188,41.124455769961244,-8.647208653211782,0,0.0000,0,0.0000,0,0.0000,0,0.0000,0,0.0000,0,0.0000
28,53,264,0.0927,16.7803,52.289432,41.126975762597496,-8.645776452590809,0,0.0000,0,0.0000,0,0.0000,0,0.0000,0,0.0000,0,0.0000
767,0,262,0.0920,15.8473,50.763168,41.12794422509077,-8.648507830150384,0,0.0000,0,0.0000,0,0.0000,0,0.0000,0,0.0000,0,0.0000
739,0,251,0.0881,18.0637,58.875618,41.12582982947004,-8.647015879902458,0,0.0000,0,0.0000,0,0.0000,0,0.0000,0,0.0000,0,0.0000
48,259,251,0.0881,20.2829,62.859323,41.12867967792653,-8.644950644601353,0,0.0000,0,0.0000,0,0.0000,0,0.0000,0,0.0000,0,0.0000
741,2679,250,0.0878,16.1880,56.10636,41.12393115820643,-8.65089757739816,0,0.0000,0,0.0000,0,0.0000,0,0.0000,0,0.0000,0,0.0000
92,0,245,0.0860,19.8857,60.725877,41.129668985572835,-8.647682299269437,0,0.0000,0,0.0000,0,0.0000,0,0.0000,0,0.0000,0,0.0000
33,785,245,0.0860,19.7306,61.251714,41.125322971803115,-8.647591735709401,0,0.0000,0,0.0000,0,0.0000,0,0.0000,0,0.0000,0,0.0000
228,229,242,0.0850,16.1818,53.434339,41.1251292959413,-8.647166222370613,0,0.0000,0,0.0000,1,0.4132,0,0.0000,0,0.0000,0,0.0000
432,0,240,0.0843,15.3000,52.815125,41.126682777816605,-8.648221533362067,0,0.0000,0,0.0000,0,0.0000,0,0.0000,0,0.0000,0,0.0000
156,1130,237,0.0832,15.7342,51.345401,41.125492318285495,-8.648038542109752,0,0.0000,0,0.0000,0,0.0000,0,0.0000,0,0.0000,0,0.0000
30,779,229,0.0804,19.1790,59.398341,41.125009930740575,-8.64751877598665,0,0.0000,0,0.0000,0,0.0000,0,0.0000,0,0.0000,0,0.0000
79,1017,229,0.0804,15.5459,52.129869,41.130198278333225,-8.654580960360168,1,0.4367,0,0.0000,0,0.0000,0,0.0000,0,0.0000,0,0.0000
603,0,228,0.0801,15.4649,50.808991,41.12796224955262,-8.645218170880122,0,0.0000,1,0.4386,0,0.0000,0,0.0000,1,0.4386,0,0.0000
74,67,228,0.0801,17.7456,56.179605,41.129774811655004,-8.642387520407027,0,0.0000,0,0.0000,0,0.0000,0,0.0000,0,0.0000,0,0.0000
153,1121,226,0.0794,14.9027,53.589203,41.125796158244256,-8.64635256140081,0,0.0000,0,0.0000,0,0.0000,0,0.0000,0,0.0000,0,0.0000
616,0,225,0.0790,15.1733,50.340622,41.117941983365064,-8.647695016693316,0,0.0000,0,0.0000,1,0.4444,1,0.4444,0,0.0000,1,0.4444
335,0,224,0.0787,17.8304,53.789732,41.124180598778004,-8.647749748289769,0,0.0000,0,0.0000,0,0.0000,0,0.0000,0,0.0000,0,0.0000
662,0,223,0.0783,16.3901,51.479866,41.128821415527774,-8.642154886147102,0,0.0000,0,0.0000,0,0.0000,0,0.0000,0,0.0000,1,0.4484
19,45,223,0.0783,18.1883,52.755336,41.12578817381827,-8.645677820564615,0,0.0000,0,0.0000,1,0.4484,0,0.0000,0,0.0000,0,0.0000
195,1229,216,0.0758,16.7778,53.322917,41.126232102168345,-8.645974264291716,0,0.0000,0,0.0000,0,0.0000,0,0.0000,0,0.0000,0,0.0000
305,1472,215,0.0755,16.8465,54.149628,41.13006446735341,-8.641095868165845,0,0.0000,0,0.0000,0,0.0000,0,0.0000,0,0.0000,0,0.0000
421,94,214,0.0751,16.4766,48.712477,41.12594310794499,-8.648237505207106,0,0.0000,0,0.0000,0,0.0000,0,0.0000,0,0.0000,0,0.0000
296,1451,212,0.0744,18.4575,59.989528,41.12956531567677,-8.654168690111387,0,0.0000,0,0.0000,1,0.4717,0,0.0000,0,0.0000,0,0.0000
520,0,197,0.0692,17.6091,56.063097,41.12743680996653,-8.646535756290273,0,0.0000,0,0.0000,0,0.0000,0,0.0000,1,0.5076,0,0.0000
104,224,195,0.0685,15.9436,49.606769,41.131770783199656,-8.644342528683543,0,0.0000,0,0.0000,0,0.0000,0,0.0000,0,0.0000,0,0.0000
118,0,187,0.0657,15.0535,49.055081,41.130176916722014,-8.654682720234021,0,0.0000,1,0.5348,0,0.0000,0,0.0000,0,0.0000,0,0.0000
318,734,186,0.0653,15.4409,48.853065,41.131648996940044,-8.658868506530158,0,0.0000,0,0.0000,0,0.0000,0,0.0000,0,0.0000,0,0.0000
422,96,186,0.0653,16.1290,50.000215,41.12915346875516,-8.653849598487549,0,0.0000,0,0.0000,1,0.5376,1,0.5376,0,0.0000,0,0.0000
54,286,184,0.0646,16.0272,51.811631,41.12791049240071,-8.654570201562748,0,0.0000,0,0.0000,0,0.0000,0,0.0000,0,0.0000,0,0.0000
42,160,184,0.0646,19.8641,61.159022,41.12842686438201,-8.644738003935315,0,0.0000,0,0.0000,0,0.0000,0,0.0000,0,0.0000,0,0.0000
328,746,181,0.0636,18.0387,55.101381,41.13031142104007,-8.64586547276883,0,0.0000,0,0.0000,0,0.0000,0,0.0000,0,0.0000,0,0.0000
605,0,171,0.0600,15.8070,52.696667,41.12794907006563,-8.64534301533187,0,0.0000,1,0.5848,0,0.0000,1,0.5848,0,0.0000,0,0.0000
218,0,166,0.0583,16.5301,52.275723,41.1300974402025,-8.64676263575921,0,0.0000,0,0.0000,0,0.0000,0,0.0000,0,0.0000,0,0.0000
928,0,164,0.0576,16.7256,57.777744,41.12358005087418,-8.651715598919063,0,0.0000,0,0.0000,0,0.0000,0,0.0000,0,0.0000,0,0.0000
262,1370,164,0.0576,15.3171,50.067988,41.12386810083112,-8.646895958095673,0,0.0000,0,0.0000,0,0.0000,0,0.0000,0,0.0000,0,0.0000
374,764,161,0.0565,16.5652,50.54528,41.126721788667304,-8.647904720512209,0,0.0000,0,0.0000,0,0.0000,0,0.0000,0,0.0000,1,0.6211
180,649,160,0.0562,16.9438,51.625,41.12735352670238,-8.650546211207853,0,0.0000,0,0.0000,0,0.0000,0,0.0000,0,0.0000,1,0.6250
397,1661,160,0.0562,16.5750,52.514125,41.12136092327818,-8.651192859355195,0,0.0000,0,0.0000,0,0.0000,0,0.0000,0,0.0000,0,0.0000
123,247,159,0.0558,16.1698,51.837862,41.120265437686186,-8.651650734017402,0,0.0000,0,0.0000,3,1.8868,0,0.0000,0,0.0000,0,0.0000
769,0,158,0.0555,15.3734,50.970823,41.13176477165309,-8.658708530614017,0,0.0000,0,0.0000,0,0.0000,0,0.0000,0,0.0000,0,0.0000
588,0,157,0.0551,15.5223,53.375478,41.12290762470701,-8.652705039605644,0,0.0000,0,0.0000,0,0.0000,0,0.0000,0,0.0000,0,0.0000
204,1244,156,0.0548,14.7949,52.820834,41.12395464637526,-8.655826215769915,0,0.0000,0,0.0000,3,1.9231,0,0.0000,0,0.0000,1,0.6410
98,870,154,0.0541,15.8182,52.452922,41.131377000527,-8.659827975527607,0,0.0000,0,0.0000,0,0.0000,0,0.0000,0,0.0000,0,0.0000
543,0,152,0.0534,19.4934,60.657697,41.126164008837826,-8.649441084699466,0,0.0000,0,0.0000,1,0.6579,0,0.0000,0,0.0000,0,0.0000
81,655,149,0.0523,15.8725,50.633759,41.12843564646482,-8.64441941713006,0,0.0000,0,0.0000,0,0.0000,0,0.0000,0,0.0000,0,0.0000
690,0,146,0.0513,18.2945,59.071438,41.131267436564514,-8.66100304180706,0,0.0000,0,0.0000,0,0.0000,0,0.0000,0,0.0000,0,0.0000
765,0,146,0.0513,17.9384,55.890343,41.12354004237573,-8.65114772219573,0,0.0000,0,0.0000,0,0.0000,0,0.0000,0,0.0000,0,0.0000
36,0,142,0.0499,18.7254,61.956268,41.127575748845594,-8.643157930991695,0,0.0000,0,0.0000,0,0.0000,0,0.0000,0,0.0000,0,0.0000
221,1280,141,0.0495,15.9291,52.93922,41.128099501432224,-8.645947364983344,0,0.0000,0,0.0000,0,0.0000,0,0.0000,0,0.0000,0,0.0000
696,0,139,0.0488,16.9640,57.617914,41.12723295696739,-8.645806558339482,0,0.0000,0,0.0000,1,0.7194,0,0.0000,0,0.0000,0,0.0000
136,0,137,0.0481,15.8686,51.597664,41.12685211165917,-8.643641668828103,0,0.0000,0,0.0000,0,0.0000,0,0.0000,0,0.0000,0,0.0000
347,1574,125,0.0439,17.1280,55.39544,41.125971592109025,-8.649864449849412,1,0.8000,1,0.8000,0,0.0000,0,0.0000,0,0.0000,0,0.0000
345,1568,125,0.0439,17.8240,53.44024,41.12666963351806,-8.649452571474027,0,0.0000,0,0.0000,0,0.0000,0,0.0000,0,0.0000,0,0.0000
53,65,121,0.0425,16.7107,55.353884,41.12712384082165,-8.645106832584903,0,0.0000,0,0.0000,0,0.0000,0,0.0000,0,0.0000,0,0.0000
371,755,118,0.0414,15.8305,48.549577,41.12420742018238,-8.646644788181712,0,0.0000,0,0.0000,1,0.8475,0,0.0000,0,0.0000,0,0.0000
343,0,118,0.0414,16.9576,53.97356,41.13034385433544,-8.645228222728994,0,0.0000,0,0.0000,1,0.8475,0,0.0000,0,0.0000,0,0.0000
570,0,116,0.0407,15.1724,49.942069,41.125061647193796,-8.647810439466513,0,0.0000,0,0.0000,0,0.0000,0,0.0000,0,0.0000,0,0.0000
168,0,114,0.0400,19.2018,59.434912,41.118704760712596,-8.654145358182333,0,0.0000,0,0.0000,0,0.0000,0,0.0000,0,0.0000,0,0.0000
197,0,114,0.0400,15.5877,49.727368,41.12572816478879,-8.648010978326043,0,0.0000,0,0.0000,0,0.0000,0,0.0000,0,0.0000,0,0.0000
190,1214,113,0.0397,17.6372,54.985044,41.1244205777036,-8.654810656845644,0,0.0000,0,0.0000,0,0.0000,0,0.0000,0,0.0000,0,0.0000
688,0,109,0.0383,17.1468,54.576973,41.132122802352896,-8.6593946784039,0,0.0000,0,0.0000,0,0.0000,0,0.0000,0,0.0000,0,0.0000
550,137,107,0.0376,16.1963,51.422524,41.12915885228705,-8.654721467414452,0,0.0000,0,0.0000,0,0.0000,0,0.0000,0,0.0000,0,0.0000
286,0,105,0.0369,18.1714,58.264,41.12789171929278,-8.646880537218916,0,0.0000,0,0.0000,0,0.0000,0,0.0000,0,0.0000,0,0.0000
698,0,102,0.0358,16.1765,52.766863,41.12538871781353,-8.645874809363885,0,0.0000,0,0.0000,0,0.0000,0,0.0000,0,0.0000,0,0.0000
708,0,101,0.0355,16.1980,47.634654,41.1228908347605,-8.65156017322918,0,0.0000,0,0.0000,1,0.9901,0,0.0000,0,0.0000,0,0.0000
113,0,101,0.0355,18.3564,54.873564,41.122150556407206,-8.652004495275161,0,0.0000,0,0.0000,0,0.0000,0,0.0000,0,0.0000,0,0.0000
428,0,100,0.0351,16.1500,49.2664,41.12557839800703,-8.649744383328414,0,0.0000,0,0.0000,0,0.0000,0,0.0000,0,0.0000,0,0.0000
196,0,99,0.0348,15.8990,52.143232,41.12884606867903,-8.646940179615799,0,0.0000,0,0.0000,0,0.0000,0,0.0000,0,0.0000,0,0.0000
310,1487,95,0.0334,17.4105,51.298,41.12237698002533,-8.65322190577348,0,0.0000,0,0.0000,1,1.0526,0,0.0000,0,0.0000,0,0.0000
18,0,93,0.0327,17.0430,54.264839,41.11734508846394,-8.655321051431173,0,0.0000,0,0.0000,1,1.0753,0,0.0000,0,0.0000,0,0.0000
704,0,91,0.0320,16.7582,53.69978,41.127808315415926,-8.64676339033613,0,0.0000,0,0.0000,0,0.0000,0,0.0000,0,0.0000,0,0.0000
49,262,90,0.0316,19.0556,60.592223,41.11921166431311,-8.653284587006628,0,0.0000,0,0.0000,0,0.0000,0,0.0000,0,0.0000,0,0.0000
507,0,87,0.0305,16.9885,54.074483,41.12162046221272,-8.652153545986334,0,0.0000,0,0.0000,0,0.0000,0,0.0000,0,0.0000,0,0.0000
119,0,85,0.0298,14.7059,49.594824,41.132136574403305,-8.658212671673615,0,0.0000,0,0.0000,0,0.0000,0,0.0000,0,0.0000,0,0.0000
782,0,82,0.0288,15.8049,49.593781,41.12479402661701,-8.648540839845834,0,0.0000,0,0.0000,0,0.0000,0,0.0000,0,0.0000,1,1.2195
302,923,82,0.0288,15.1829,50.188659,41.13131101024751,-8.640965998004368,0,0.0000,0,0.0000,4,4.8780,0,0.0000,0,0.0000,0,0.0000
55,289,79,0.0277,16.7089,49.282785,41.13156867640167,-8.654001904001653,0,0.0000,0,0.0000,0,0.0000,0,0.0000,0,0.0000,0,0.0000
143,199,77,0.0270,17.2338,57.459741,41.129985885355794,-8.646695102035158,0,0.0000,0,0.0000,0,0.0000,0,0.0000,0,0.0000,0,0.0000
93,0,72,0.0253,19.1667,62.19125,41.1296110118011,-8.649951201665669,0,0.0000,0,0.0000,0,0.0000,0,0.0000,0,0.0000,0,0.0000
421,95,70,0.0246,19.9286,64.063286,41.122886914324695,-8.6506748884057,0,0.0000,0,0.0000,0,0.0000,0,0.0000,0,0.0000,0,0.0000
669,2614,67,0.0235,20.1642,58.507463,41.123704437542,-8.650542671635703,0,0.0000,0,0.0000,0,0.0000,0,0.0000,0,0.0000,0,0.0000
457,0,67,0.0235,15.8209,44.941791,41.13083293819809,-8.66157628889718,0,0.0000,0,0.0000,0,0.0000,0,0.0000,0,0.0000,0,0.0000
20,47,66,0.0232,15.6818,58.14803,41.124651036378246,-8.650068656256504,0,0.0000,0,0.0000,0,0.0000,0,0.0000,0,0.0000,0,0.0000
26,49,63,0.0221,18.3016,52.839048,41.12322009552957,-8.648333021864804,0,0.0000,0,0.0000,0,0.0000,0,0.0000,0,0.0000,0,0.0000
297,1454,60,0.0211,20.8667,59.074,41.128464262055154,-8.649767647690703,0,0.0000,0,0.0000,0,0.0000,0,0.0000,0,0.0000,0,0.0000
354,911,60,0.0211,16.1000,48.666833,41.125804012128405,-8.64638703835932,0,0.0000,0,0.0000,0,0.0000,0,0.0000,0,0.0000,0,0.0000
306,1475,57,0.0200,15.4035,51.61807,41.130186383967754,-8.642515629779277,0,0.0000,0,0.0000,0,0.0000,0,0.0000,0,0.0000,0,0.0000
631,0,57,0.0200,14.9649,57.349649,41.12868501896194,-8.643500213951471,0,0.0000,0,0.0000,0,0.0000,0,0.0000,0,0.0000,0,0.0000
529,0,56,0.0197,16.3393,49.563571,41.12763829198424,-8.648468784525798,0,0.0000,0,0.0000,0,0.0000,0,0.0000,0,0.0000,0,0.0000
288,0,51,0.0179,16.9804,53.420196,41.12085916835154,-8.650278641911573,0,0.0000,0,0.0000,0,0.0000,0,0.0000,1,1.9608,0,0.0000
627,0,49,0.0172,16.6531,54.422245,41.123901486573196,-8.653586915531914,0,0.0000,0,0.0000,0,0.0000,0,0.0000,0,0.0000,0,0.0000
779,0,49,0.0172,18.7755,50.158368,41.12994199419731,-8.654458697058379,0,0.0000,0,0.0000,0,0.0000,0,0.0000,0,0.0000,0,0.0000
281,295,48,0.0169,19.8958,58.611458,41.1309830600479,-8.647299743908812,0,0.0000,0,0.0000,0,0.0000,0,0.0000,0,0.0000,0,0.0000
164,0,46,0.0162,18.1739,50.145001,41.12117298329664,-8.655837074945726,0,0.0000,0,0.0000,0,0.0000,0,0.0000,0,0.0000,0,0.0000
246,313,42,0.0147,17.3571,57.724762,41.130422955786166,-8.649442006051757,0,0.0000,0,0.0000,0,0.0000,0,0.0000,0,0.0000,0,0.0000
90,876,42,0.0147,16.5000,57.090238,41.13482439369969,-8.662565598660692,0,0.0000,0,0.0000,1,2.3810,0,0.0000,0,0.0000,0,0.0000
14,619,42,0.0147,19.9762,61.957143,41.12490564867365,-8.656687139461374,0,0.0000,0,0.0000,0,0.0000,0,0.0000,0,0.0000,0,0.0000
313,0,41,0.0144,18.3171,54.201219,41.121161818590636,-8.65388974665286,0,0.0000,0,0.0000,0,0.0000,0,0.0000,0,0.0000,0,0.0000
205,1247,41,0.0144,17.2683,48.726585,41.123947751374736,-8.659982657015796,0,0.0000,0,0.0000,0,0.0000,0,0.0000,0,0.0000,0,0.0000
185,0,40,0.0140,14.8500,49.833,41.129579035009165,-8.652606041362237,0,0.0000,0,0.0000,0,0.0000,0,0.0000,0,0.0000,0,0.0000
544,0,40,0.0140,18.3500,60.7225,41.12820897886816,-8.651390389331514,0,0.0000,0,0.0000,0,0.0000,0,0.0000,0,0.0000,0,0.0000
344,0,39,0.0137,17.0769,54.074359,41.134506582894865,-8.646359433125754,0,0.0000,0,0.0000,0,0.0000,0,0.0000,0,0.0000,0,0.0000
755,0,39,0.0137,21.0769,59.601026,41.121786739202676,-8.65243848609189,0,0.0000,0,0.0000,0,0.0000,0,0.0000,0,0.0000,0,0.0000
308,0,39,0.0137,19.4103,60.056154,41.12802253436579,-8.646703009679857,0,0.0000,0,0.0000,1,2.5641,0,0.0000,0,0.0000,0,0.0000
398,1664,36,0.0126,18.9167,59.135833,41.11967296178524,-8.650434528612646,0,0.0000,0,0.0000,0,0.0000,0,0.0000,0,0.0000,0,0.0000
340,0,36,0.0126,16.6389,52.036944,41.1317235710464,-8.653908053914677,0,0.0000,0,0.0000,0,0.0000,0,0.0000,0,0.0000,0,0.0000
242,0,35,0.0123,17.7714,52.190286,41.124964566896004,-8.643693615638236,0,0.0000,0,0.0000,0,0.0000,0,0.0000,0,0.0000,0,0.0000
372,758,34,0.0119,14.7059,50.262059,41.12505760813058,-8.645917928921415,0,0.0000,0,0.0000,0,0.0000,0,0.0000,0,0.0000,0,0.0000
154,1124,34,0.0119,18.2941,50.327647,41.12497817533114,-8.646883281893215,0,0.0000,0,0.0000,0,0.0000,0,0.0000,0,0.0000,0,0.0000
80,1020,34,0.0119,15.0588,53.39853,41.133372362486455,-8.658719517336507,0,0.0000,0,0.0000,0,0.0000,0,0.0000,0,0.0000,0,0.0000
134,0,33,0.0116,16.5455,49.965758,41.1323416998149,-8.657880778957818,0,0.0000,0,0.0000,0,0.0000,0,0.0000,0,0.0000,0,0.0000
282,298,33,0.0116,18.2121,56.97,41.124847490045745,-8.652029623199814,0,0.0000,0,0.0000,0,0.0000,0,0.0000,0,0.0000,0,0.0000
217,1268,33,0.0116,16.9091,52.996061,41.11836444408853,-8.654357191082443,0,0.0000,0,0.0000,0,0.0000,0,0.0000,0,0.0000,0,0.0000
714,0,33,0.0116,17.1515,51.986666,41.128767013318466,-8.645662718346752,0,0.0000,0,0.0000,0,0.0000,0,0.0000,0,0.0000,0,0.0000
200,719,32,0.0112,16.2813,49.930938,41.12826681256062,-8.64780277648435,0,0.0000,0,0.0000,0,0.0000,0,0.0000,0,0.0000,0,0.0000
85,0,32,0.0112,18.4375,57.223437,41.12030900508633,-8.655209201264398,0,0.0000,0,0.0000,0,0.0000,0,0.0000,0,0.0000,0,0.0000
124,0,30,0.0105,19.2000,52.814667,41.13127092811015,-8.656931185282499,0,0.0000,0,0.0000,0,0.0000,0,0.0000,0,0.0000,0,0.0000
160,1142,29,0.0102,18.5517,52.721035,41.12264032516554,-8.65013088929481,0,0.0000,0,0.0000,0,0.0000,0,0.0000,0,0.0000,0,0.0000
375,767,28,0.0098,14.4643,50.159643,41.12122193527547,-8.64690484323928,0,0.0000,0,0.0000,0,0.0000,0,0.0000,1,3.5714,0,0.0000
105,79,28,0.0098,14.1786,57.380357,41.12762212122844,-8.646898509321405,0,0.0000,0,0.0000,0,0.0000,0,0.0000,0,0.0000,0,0.0000
157,1133,27,0.0095,15.6296,47.818148,41.12472336490936,-8.64984724335912,0,0.0000,0,0.0000,0,0.0000,0,0.0000,0,0.0000,0,0.0000
112,849,26,0.0091,14.5769,50.940769,41.127963544864215,-8.6485110693782,0,0.0000,0,0.0000,0,0.0000,0,0.0000,0,0.0000,0,0.0000
435,794,26,0.0091,21.8462,57.350385,41.12543022680981,-8.650563282226342,0,0.0000,0,0.0000,0,0.0000,0,0.0000,0,0.0000,0,0.0000
219,0,25,0.0088,16.5600,61.5104,41.13200506678362,-8.652625989018949,0,0.0000,0,0.0000,0,0.0000,0,0.0000,0,0.0000,0,0.0000
594,0,25,0.0088,13.2000,54.4888,41.13084779192845,-8.656389859018205,0,0.0000,0,0.0000,0,0.0000,0,0.0000,0,0.0000,0,0.0000
207,803,23,0.0081,18.2174,49.373043,41.13286433643735,-8.643782119207318,0,0.0000,0,0.0000,0,0.0000,0,0.0000,0,0.0000,0,0.0000
135,0,23,0.0081,16.0870,47.440869,41.128937541061454,-8.652969229422178,0,0.0000,0,0.0000,0,0.0000,0,0.0000,0,0.0000,0,0.0000
319,737,22,0.0077,15.4545,53.838182,41.131222223728116,-8.659770422124188,0,0.0000,0,0.0000,0,0.0000,0,0.0000,0,0.0000,0,0.0000
132,0,22,0.0077,13.7727,44.343636,41.12648796834619,-8.644840989707092,0,0.0000,0,0.0000,0,0.0000,0,0.0000,0,0.0000,0,0.0000
132,59,21,0.0074,14.6190,42.222857,41.12582700079476,-8.647007260036524,0,0.0000,0,0.0000,0,0.0000,0,0.0000,0,0.0000,0,0.0000
95,902,21,0.0074,18.7143,58.940953,41.13108455337707,-8.645673432301173,0,0.0000,0,0.0000,0,0.0000,0,0.0000,0,0.0000,0,0.0000
971,0,21,0.0074,18.2381,49.840953,41.124153335089034,-8.647604785981823,0,0.0000,0,0.0000,0,0.0000,0,0.0000,0,0.0000,0,0.0000
126,634,21,0.0074,14.6667,44.231905,41.132348492127115,-8.65997540439121,0,0.0000,0,0.0000,0,0.0000,0,0.0000,0,0.0000,0,0.0000
348,1577,20,0.0070,17.0000,48.556,41.13110770693601,-8.656961342006067,0,0.0000,0,0.0000,0,0.0000,0,0.0000,0,0.0000,0,0.0000
34,788,19,0.0067,19.6842,58.596316,41.122307349815905,-8.648203084680732,0,0.0000,0,0.0000,0,0.0000,0,0.0000,0,0.0000,0,0.0000
622,0,19,0.0067,18.1053,49.824211,41.13043687848758,-8.641260103226113,0,0.0000,0,0.0000,0,0.0000,0,0.0000,0,0.0000,0,0.0000
181,652,18,0.0063,16.8889,52.345556,41.13012838357876,-8.65049683063918,0,0.0000,0,0.0000,0,0.0000,0,0.0000,0,0.0000,0,0.0000
996,0,18,0.0063,13.5556,48.147778,41.12560779114554,-8.648725423778762,0,0.0000,0,0.0000,0,0.0000,0,0.0000,0,0.0000,0,0.0000
82,658,16,0.0056,13.0625,43.471875,41.12751038822855,-8.645574129893598,0,0.0000,1,6.2500,0,0.0000,0,0.0000,0,0.0000,0,0.0000
346,1571,15,0.0053,17.0000,53.927334,41.1280267110418,-8.651704031032212,0,0.0000,0,0.0000,0,0.0000,0,0.0000,0,0.0000,0,0.0000
99,873,14,0.0049,18.8571,51.111429,41.130527594870124,-8.660065707679419,0,0.0000,0,0.0000,0,0.0000,0,0.0000,0,0.0000,0,0.0000
317,0,14,0.0049,18.2857,55.556428,41.132188119125324,-8.66141591847984,0,0.0000,0,0.0000,0,0.0000,0,0.0000,0,0.0000,0,0.0000
59,283,14,0.0049,15.7857,56.665715,41.12393724662594,-8.648868774973453,0,0.0000,0,0.0000,0,0.0000,0,0.0000,0,0.0000,0,0.0000
169,202,13,0.0046,20.4615,61.709231,41.120603801352964,-8.642135540575186,0,0.0000,0,0.0000,0,0.0000,0,0.0000,0,0.0000,0,0.0000
376,770,12,0.0042,14.6667,49.074167,41.129902876607616,-8.646617418792673,0,0.0000,0,0.0000,0,0.0000,0,0.0000,0,0.0000,0,0.0000
373,761,11,0.0039,14.4545,49.291819,41.12775237579879,-8.64826675579814,0,0.0000,0,0.0000,0,0.0000,0,0.0000,0,0.0000,0,0.0000
247,316,10,0.0035,17.6000,57.778,41.13120238169675,-8.646386682996587,0,0.0000,0,0.0000,0,0.0000,0,0.0000,0,0.0000,0,0.0000
31,782,9,0.0032,21.7778,60.740001,41.11318428601167,-8.654535358944493,0,0.0000,0,0.0000,0,0.0000,0,0.0000,0,0.0000,0,0.0000
525,0,9,0.0032,14.5556,54.568888,41.13383155743953,-8.662938405707763,0,0.0000,0,0.0000,0,0.0000,0,0.0000,0,0.0000,0,0.0000
329,749,9,0.0032,10.6667,48.887778,41.133046041418815,-8.656101495022275,0,0.0000,0,0.0000,0,0.0000,0,0.0000,0,0.0000,0,0.0000
229,232,8,0.0028,10.1250,49.44375,41.12469484980245,-8.658780623374138,0,0.0000,0,0.0000,0,0.0000,0,0.0000,0,0.0000,0,0.0000
289,0,7,0.0025,16.0000,50.16,41.12198603409774,-8.652343401279591,0,0.0000,0,0.0000,0,0.0000,0,0.0000,0,0.0000,0,0.0000
669,2618,5,0.0018,17.4000,55.555999,41.1270430440688,-8.640028301559418,0,0.0000,0,0.0000,0,0.0000,0,0.0000,0,0.0000,0,0.0000
15,622,4,0.0014,14.2500,74.442501,41.13074121419544,-8.658705173013358,0,0.0000,0,0.0000,0,0.0000,0,0.0000,0,0.0000,0,0.0000
94,1044,3,0.0011,13.3333,69.63,41.139051820097166,-8.655489294939839,0,0.0000,0,0.0000,0,0.0000,0,0.0000,0,0.0000,0,0.0000
75,69,2,0.0007,15.0000,43.334999,41.137832254786076,-8.660961194634286,0,0.0000,0,0.0000,0,0.0000,0,0.0000,0,0.0000,0,0.0000
91,879,2,0.0007,13.0000,38.89,41.133763712195076,-8.662121301452139,0,0.0000,0,0.0000,0,0.0000,0,0.0000,0,0.0000,0,0.0000
669,2616,2,0.0007,11.5000,51.115,41.129265426685016,-8.653441122040249,0,0.0000,0,0.0000,0,0.0000,0,0.0000,0,0.0000,0,0.0000
437,0,1,0.0004,15.0000,48.889999,41.11380845334258,-8.65030443302299,0,0.0000,0,0.0000,0,0.0000,0,0.0000,0,0.0000,0,0.0000
330,752,1,0.0004,22.0000,44.439999,41.12260620703869,-8.63509562989278,0,0.0000,0,0.0000,0,0.0000,0,0.0000,0,0.0000,0,0.0000
351,29,1,0.0004,22.0000,60.0,41.14142026070997,-8.65064816976963,0,0.0000,0,0.0000,0,0.0000,0,0.0000,0,0.0000,0,0.0000
5,175,1,0.0004,27.0000,37.779999,41.11183340368629,-8.66096099070749,0,0.0000,0,0.0000,0,0.0000,0,0.0000,0,0.0000,0,0.0000
76,71,1,0.0004,31.0000,71.110001,41.12563734708235,-8.63320548179112,0,0.0000,0,0.0000,0,0.0000,0,0.0000,0,0.0000,0,0.0000
100,0,1,0.0004,6.0000,75.559998,41.114971,-8.662768,0,0.0000,0,0.0000,0,0.0000,0,0.0000,0,0.0000,0,0.0000
692,0,1,0.0004,11.0000,60.0,41.13026397758579,-8.65056223543807,0,0.0000,0,0.0000,0,0.0000,0,0.0000,0,0.0000,0,0.0000
211,2788,1,0.0004,5.0000,53.330002,41.11722854619434,-8.66293777349878,0,0.0000,0,0.0000,0,0.0000,0,0.0000,0,0.0000,0,0.0000
258,205,1,0.0004,18.0000,55.560001,41.12711266993745,-8.66646173032297,0,0.0000,0,0.0000,0,0.0000,0,0.0000,0,0.0000,0,0.0000
46,0,1,0.0004,12.0000,60.0,41.14225,-8.637272,0,0.0000,0,0.0000,0,0.0000,0,0.0000,0,0.0000,0,0.0000
114,1059,1,0.0004,6.0000,55.560001,41.14225,-8.637272,0,0.0000,0,0.0000,0,0.0000,0,0.0000,0,0.0000,0,0.0000
248,319,1,0.0004,31.0000,51.110001,41.14170624122941,-8.64996069782197,0,0.0000,0,0.0000,0,0.0000,0,0.0000,0,0.0000,0,0.0000
140,1104,1,0.0004,21.0000,17.780001,41.12869372180002,-8.66723530353443,0,0.0000,0,0.0000,0,0.0000,0,0.0000,0,0.0000,0,0.0000
266,0,1,0.0004,3.0000,68.889999,41.12352264478411,-8.64781238783568,0,0.0000,0,0.0000,0,0.0000,0,0.0000,0,0.0000,0,0.0000
255,1358,1,0.0004,27.0000,46.669998,41.12428899735917,-8.630370347404419,0,0.0000,0,0.0000,0,0.0000,0,0.0000,0,0.0000,0,0.0000
394,0,1,0.0004,29.0000,55.560001,41.13005960164957,-8.62942532601597,0,0.0000,0,0.0000,0,0.0000,0,0.0000,0,0.0000,0,0.0000
312,0,1,0.0004,12.0000,51.110001,41.1121911930349,-8.62925350520286,0,0.0000,0,0.0000,0,0.0000,0,0.0000,0,0.0000,0,0.0000
102,729,1,0.0004,16.0000,51.110001,41.10984212891156,-8.66147666825185,0,0.0000,0,0.0000,0,0.0000,0,0.0000,0,0.0000,0,0.0000
459,932,1,0.0004,6.0000,57.779999,41.133616,-8.636709,0,0.0000,0,0.0000,0,0.0000,0,0.0000,0,0.0000,0,0.0000
