pokemon_id,form,count_poke,percentage,avg_weight,avg_height,avg_size,avg_atk,avg_def,avg_sta,avg_level,avg_iv,iv_100,iv100_percentage,iv_0,iv0_percentage,shinies,shiny_odds,little_top_1,little_top1_percentage,great_top_1,great_top1_percentage,ultra_top_1,ultra_top1_percentage
0,3097953,634826.4344,,8.251429294194066,0.4021730683144462,3.0161,8.7118,8.7113,8.7067,18.523,58.066077,1361,0.0439,296,0.0096,0,0.0,320,0.0103,297,0.0096,0,0.0
2330,3058101,626660.041,,33.85710156062228,1.200067515039809,3.0,7.5734,7.5725,7.5773,15.678,50.495939,775,0.0253,725,0.0237,6048,0.1978,581,0.019,1295,0.0423,760,0.0249
2629,3049212,624838.5246,,28.737636361858275,1.2002797127482774,3.0,7.8668,7.8654,7.8632,16.4238,52.434284,903,0.0296,586,0.0192,5913,0.1939,157,0.0051,510,0.0167,903,0.0296
59,2461069,504317.418,,0.8214834314106257,0.2001740661853124,2.9999,7.8606,7.8656,7.8619,16.4002,52.417906,779,0.0317,462,0.0188,4629,0.1881,724,0.0294,459,0.0187,0,0.0
0,1528784,313275.4098,,5.978940434696478,0.4020827513582606,3.016,7.567,7.558,7.566,15.6521,50.424495,421,0.0275,360,0.0235,2934,0.1919,468,0.0306,631,0.0413,354,0.0232
0,1525616,312626.2295,,23.610553215607545,0.7003785940808596,3.0,8.6353,8.6346,8.6348,18.3344,57.56602,700,0.0459,180,0.0118,2976,0.1951,172,0.0113,117,0.0077,177,0.0116
1226,1517533,310969.877,,8.72261283580764,0.4101503582151753,2.9999,7.926,7.9296,7.9352,16.5956,52.868667,517,0.0341,315,0.0208,2932,0.1932,362,0.0239,277,0.0183,0,0.0
598,1237404,253566.3934,,6.157339320779342,0.4001079496106078,2.9998,7.5697,7.5758,7.5632,15.6729,50.463535,330,0.0267,305,0.0246,2363,0.191,304,0.0246,266,0.0215,655,0.0529
830,766117,156991.1885,,48.24773341867258,1.200538565198457,3.0,7.4963,7.4955,7.4987,15.5052,49.97887,192,0.0251,202,0.0264,11928,1.5569,78,0.0102,128,0.0167,194,0.0253
2168,763419,156438.3197,,33.84193210524585,1.199856163262779,2.9996,7.5682,7.5723,7.5655,15.6707,50.457835,189,0.0248,186,0.0244,1447,0.1895,146,0.0191,347,0.0455,215,0.0282
703,247279,50671.9262,,1.0269750309818604,0.6007230617888907,3.001,9.1466,9.1538,9.1375,19.6309,60.972869,122,0.0493,7,0.0028,467,0.1889,9,0.0036,9,0.0036,154,0.0623
0,226750,46465.1639,,10.4735274758596,0.5001903656539851,3.0001,8.0668,8.0692,8.0541,16.9301,53.755672,91,0.0401,38,0.0168,430,0.1896,61,0.0269,25,0.011,46,0.0203
55,180233,36932.9918,,10.171715709224836,0.600511208489691,3.0,7.8453,7.8466,7.8573,16.3887,52.331531,52,0.0289,29,0.0161,321,0.1781,40,0.0222,31,0.0172,53,0.0294
51,152516,31253.2787,,12.292519914887578,0.5998363654622236,2.9995,8.0906,8.0729,8.0888,16.9501,53.894021,51,0.0334,25,0.0164,322,0.2111,23,0.0151,65,0.0426,33,0.0216
0,152220,31192.623,,3.594587612859323,0.4002474205590901,2.9999,8.7585,8.779,8.7785,18.6893,58.480056,66,0.0434,16,0.0105,290,0.1905,17,0.0112,15,0.0099,66,0.0434
0,150527,30845.6967,,49.1595177666708,1.3993298504205611,2.9982,8.9133,8.9166,8.9125,19.0779,59.427597,62,0.0412,11,0.0073,307,0.204,3,0.002,13,0.0086,62,0.0412
0,131785,27005.123,,4.612200488995267,0.4096932529221513,2.9995,7.8463,7.8446,7.8623,16.3671,52.340335,37,0.0281,23,0.0175,243,0.1844,53,0.0402,23,0.0175,24,0.0182
157,131489,26944.4672,,7.707309913024059,0.8007808865618796,3.0009,9.1262,9.1325,9.1505,19.5384,60.909342,75,0.057,6,0.0046,267,0.2031,19,0.0144,8,0.0061,2,0.0015
0,129711,26580.123,,11.307620240927829,0.6007018931422127,3.0008,8.1158,8.1356,8.1259,17.0374,54.171629,32,0.0247,25,0.0193,236,0.1819,16,0.0123,16,0.0123,25,0.0193
0,127685,26164.959,,4.201836387781723,0.3998555231070817,2.9999,8.0277,8.0147,8.0371,16.7628,53.509908,58,0.0454,16,0.0125,256,0.2005,32,0.0251,46,0.036,26,0.0204
625,124688,25550.8197,,4.098431990332809,0.5099232370147339,2.9998,8.0899,8.0744,8.0768,16.8754,53.869023,46,0.0369,21,0.0168,232,0.1861,53,0.0425,13,0.0104,19,0.0152
0,123644,25336.8852,,1.234353191786861,0.4105647619979133,3.0018,8.1948,8.2114,8.1824,17.2259,54.641328,56,0.0453,19,0.0154,233,0.1884,32,0.0259,27,0.0218,17,0.0137
1136,119074,24400.4098,,9.731883200327667,0.609700445193411,2.9996,7.5864,7.5683,7.5543,15.6872,50.464492,26,0.0218,19,0.016,231,0.194,36,0.0302,49,0.0412,29,0.0244
587,115687,23706.3525,,20.018907050784325,0.6003516188919045,3.0007,8.2264,8.2316,8.2548,17.3295,54.91728,43,0.0372,17,0.0147,0,0.0,16,0.0138,21,0.0182,14,0.0121
1127,113923,23344.877,,8.109600041477293,0.5102970910938603,3.0,7.8325,7.8443,7.8399,16.3404,52.259413,38,0.0334,12,0.0105,205,0.1799,30,0.0263,33,0.029,20,0.0176
0,113674,23293.8525,,4.5217168299220525,0.4003102557973285,3.0008,7.6093,7.6191,7.621,15.8474,50.776476,39,0.0343,35,0.0308,215,0.1891,32,0.0282,41,0.0361,27,0.0238
0,111995,22949.7951,,7.693969581435438,0.6000116092462091,2.9992,9.1468,9.1298,9.1368,19.6065,60.918852,59,0.0527,5,0.0045,210,0.1875,7,0.0063,4,0.0036,4,0.0036
1469,109181,22373.1557,,61.73551864271494,0.4107105769551801,3.0023,7.8812,7.8975,7.8932,16.5029,52.60429,50,0.0458,17,0.0156,204,0.1868,22,0.0202,81,0.0742,32,0.0293
1118,103033,21113.3197,,6.556551964705553,0.8892948494689443,2.9986,7.8342,7.8278,7.826,16.3443,52.195778,39,0.0379,25,0.0243,200,0.1941,35,0.034,73,0.0709,19,0.0184
0,101872,20875.4098,,12.322142396920174,0.5105367940283007,2.9995,7.6912,7.7113,7.7081,15.9781,51.357022,37,0.0363,24,0.0236,189,0.1855,39,0.0383,22,0.0216,37,0.0363
0,98773,20240.3689,,2.568676368631046,0.3002894142224588,3.0011,7.6184,7.6119,7.6203,15.8547,50.779126,26,0.0263,20,0.0202,0,0.0,25,0.0253,64,0.0648,15,0.0152
0,97161,19910.041,,2.255948588422761,0.200047422841236,3.0003,8.816,8.8017,8.8294,18.7881,58.771404,46,0.0473,6,0.0062,208,0.2141,3,0.0031,6,0.0062,0,0.0
0,96057,19683.8115,,1.0260994009045827,0.2000758012891069,2.9997,9.1515,9.16,9.1661,19.6544,61.061216,48,0.05,2,0.0021,197,0.2051,5,0.0052,4,0.0042,48,0.05
946,96034,19679.0984,,17.95748775501182,0.4001295902242852,2.9992,7.8709,7.8846,7.8926,16.4445,52.551272,30,0.0312,13,0.0135,1520,1.5828,50,0.0521,40,0.0417,21,0.0219
0,94843,19435.041,,2.1556975840911825,0.3000767916107449,2.9995,8.1508,8.1478,8.1207,17.1507,54.265248,32,0.0337,19,0.02,195,0.2056,23,0.0243,25,0.0264,16,0.0169
0,93009,19059.2213,,5.647825462124524,0.4002445799306547,2.9996,7.9841,8.0148,8.0218,16.7489,53.379384,24,0.0258,18,0.0194,173,0.186,28,0.0301,41,0.0441,10,0.0108
0,90842,18615.1639,,1.8501672720581297,0.3001765970515305,3.0006,8.1278,8.1356,8.129,17.0581,54.20523,29,0.0319,9,0.0099,188,0.207,33,0.0363,26,0.0286,45,0.0495
0,77978,15979.0984,,2.158272171600024,0.4005042426091634,3.0015,7.5821,7.5755,7.6011,15.7973,50.574869,21,0.0269,22,0.0282,159,0.2039,25,0.0321,17,0.0218,0,0.0
1658,77045,15787.9098,,2.048800852856892,0.2999250759880777,2.9987,7.9012,7.921,7.9244,16.573,52.770205,26,0.0337,13,0.0169,139,0.1804,26,0.0337,39,0.0506,25,0.0324
0,76243,15623.5656,,1.5388782897491553,0.3001225180197515,2.9987,8.2139,8.2617,8.2569,17.385,54.96109,41,0.0538,12,0.0157,172,0.2256,11,0.0144,13,0.0171,17,0.0223
0,76159,15606.3525,,3.692757466253996,0.2999453296621768,2.9999,7.5949,7.5892,7.6002,15.7726,50.631793,14,0.0184,13,0.0171,133,0.1746,24,0.0315,16,0.021,0,0.0
791,75579,15487.5,,19.695307940897862,0.3998594214965769,2.9997,8.9559,8.9528,8.9374,19.1727,59.658077,49,0.0648,8,0.0106,0,0.0,9,0.0119,4,0.0053,4,0.0053
616,75349,15440.3689,,3.288819551022789,0.3002049620280386,2.9994,8.8329,8.8535,8.8083,18.8115,58.877108,37,0.0491,9,0.0119,152,0.2017,70,0.0929,7,0.0093,6,0.008
1367,75263,15422.7459,,13.952809395633288,0.5101045108766141,2.999,7.4949,7.4845,7.5298,15.4523,50.020341,16,0.0213,14,0.0186,154,0.2046,20,0.0266,19,0.0252,0,0.0
0,74504,15267.2131,,10.598318156328135,0.4107936895077181,3.002,8.8718,8.8941,8.8911,18.9509,59.237824,36,0.0483,7,0.0094,154,0.2067,3,0.004,4,0.0054,0,0.0
0,73817,15126.4344,,5.638945637649006,0.4999859099580056,2.999,7.7358,7.7361,7.7255,16.0575,51.549968,17,0.023,18,0.0244,0,0.0,20,0.0271,16,0.0217,17,0.023
0,66417,13610.041,,6.670648618576908,0.3002076246059419,2.9986,7.9663,7.9598,7.966,16.6203,53.093497,16,0.0241,14,0.0211,146,0.2198,27,0.0407,63,0.0949,86,0.1295
0,66295,13585.041,,14.899926226868091,0.3002119014971211,2.9995,8.0579,8.0658,8.0635,16.9632,53.749391,17,0.0256,12,0.0181,124,0.187,8,0.0121,7,0.0106,7,0.0106
0,63995,13113.7295,,4.003750666756779,0.5001028314722987,3.0004,8.0916,8.0763,8.0739,16.89,53.870625,13,0.0203,12,0.0188,131,0.2047,12,0.0188,6,0.0094,0,0.0
776,63677,13048.5656,,7.169875769840343,0.399794345629212,2.9983,8.8641,8.8483,8.8306,18.8454,58.984502,28,0.044,3,0.0047,126,0.1979,7,0.011,33,0.0518,4,0.0063
0,62948,12899.1803,,21.719012615844107,0.7096743057022441,2.9988,7.9956,8.0097,7.9841,16.7161,53.30972,20,0.0318,8,0.0127,141,0.224,12,0.0191,8,0.0127,0,0.0
63,60366,12370.082,,4.309311124821122,0.400078545995216,2.9991,7.8935,7.8817,7.8703,16.4217,52.545702,17,0.0282,9,0.0149,121,0.2004,19,0.0315,9,0.0149,0,0.0
0,59183,12127.6639,,24.58563399028665,0.78950039357391,2.9974,7.9689,7.9463,7.9224,16.6315,52.972358,21,0.0355,7,0.0118,109,0.1842,16,0.027,18,0.0304,8,0.0135
0,58650,12018.4426,,8.731845847626792,0.5104347901935594,3.0024,8.9908,8.9859,8.9684,19.2012,59.877967,21,0.0358,2,0.0034,114,0.1944,5,0.0085,4,0.0068,0,0.0
0,58474,11982.377,,52.40384388632562,1.40082382163262,2.9991,8.8897,8.9024,8.9094,19.1041,59.336623,25,0.0428,4,0.0068,111,0.1898,2,0.0034,2,0.0034,7,0.012
2063,58355,11957.9918,,38.41737854529016,0.5995374466561666,3.0008,7.8726,7.8659,7.8688,16.4006,52.460678,17,0.0291,16,0.0274,114,0.1954,12,0.0206,18,0.0308,10,0.0171
0,57545,11792.0082,,12.311123286148868,0.5000650344787966,3.0011,7.5362,7.5438,7.5257,15.6939,50.234793,18,0.0313,11,0.0191,0,0.0,22,0.0382,5,0.0087,14,0.0243
776,57472,11777.0492,,9.239030931969632,0.5001361833468497,2.9988,8.8385,8.8645,8.8781,18.9498,59.069051,32,0.0557,6,0.0104,137,0.2384,5,0.0087,24,0.0418,3,0.0052
280,56965,11673.1557,,19.48598401949854,0.6999239936671804,2.9999,8.1356,8.1719,8.1141,17.0587,54.270168,18,0.0316,10,0.0176,104,0.1826,5,0.0088,22,0.0386,14,0.0246
0,56934,11666.8033,,10.079201510873393,0.4003197064580382,2.9994,8.0606,8.0533,8.0677,16.8943,53.736909,15,0.0263,13,0.0228,0,0.0,15,0.0263,16,0.0281,6,0.0105
0,56479,11573.5656,,4.1999501217856645,0.3998545923614751,2.9987,8.0807,8.0561,8.0976,16.9066,53.854229,21,0.0372,6,0.0106,0,0.0,15,0.0266,19,0.0336,11,0.0195
628,56278,11532.377,,28.759067530786798,0.9904320340312393,2.9997,8.0748,8.1024,8.1034,16.9719,53.956886,14,0.0249,11,0.0195,0,0.0,5,0.0089,8,0.0142,3,0.0053
0,55606,11394.6721,,1.2301405162010723,0.2999301811113845,3.0002,8.1374,8.1558,8.1688,17.1195,54.359917,25,0.045,8,0.0144,0,0.0,13,0.0234,18,0.0324,11,0.0198
0,55569,11387.0902,,1.740003712338141,0.2996085451028624,3.0,8.1069,8.0575,8.0847,16.917,53.886916,28,0.0504,9,0.0162,97,0.1746,15,0.027,30,0.054,42,0.0756
2728,55083,11287.5,,13.359625966241486,0.5012573416984731,3.0035,7.9218,7.9722,7.9455,16.5851,52.976624,15,0.0272,7,0.0127,0,0.0,11,0.02,10,0.0182,34,0.0617
0,54795,11228.4836,,1.026295529013751,0.200021181308571,2.9983,7.5963,7.5667,7.6143,15.7554,50.616112,15,0.0274,12,0.0219,0,0.0,4,0.0073,1,0.0018,9,0.0164
1265,54468,11161.4754,,9.041304973827312,0.6105667951830902,3.0001,7.962,7.9627,7.9651,16.7137,53.088465,22,0.0404,19,0.0349,116,0.213,9,0.0165,34,0.0624,13,0.0239
0,52830,10825.8197,,40.29461719026814,1.4009954134634504,2.9994,8.0571,8.0744,8.064,16.9196,53.767768,16,0.0303,6,0.0114,94,0.1779,9,0.017,4,0.0076,16,0.0303
0,52471,10752.2541,,0.1024765812075678,1.299931755729198,2.999,8.9404,8.9783,8.9236,19.1318,59.649487,27,0.0515,5,0.0095,105,0.2001,6,0.0114,9,0.0172,7,0.0133
646,51692,10592.623,,7.983018148913875,0.6095010008095457,3.0008,7.5539,7.6436,7.6058,15.7922,50.673941,17,0.0329,20,0.0387,103,0.1993,20,0.0387,26,0.0503,22,0.0426
0,50208,10288.5246,,3.386445389238662,0.3002003646043724,2.9996,7.5051,7.5416,7.5604,15.641,50.238099,12,0.0239,8,0.0159,0,0.0,11,0.0219,14,0.0279,12,0.0239
0,49980,10241.8033,,6.262014775700866,0.5004450637149702,3.0024,7.6147,7.6184,7.5988,15.7213,50.737676,10,0.02,9,0.018,0,0.0,11,0.022,16,0.032,15,0.03
0,49768,10198.3607,,158.20405753714644,1.1906369581590623,2.9986,8.2228,8.2157,8.2287,17.349,54.815985,19,0.0382,8,0.0161,104,0.209,2,0.004,3,0.006,21,0.0422
0,47840,9803.2787,,3.278336329429776,0.2999413095125798,2.9996,7.8684,7.8451,7.8564,16.4412,52.377452,10,0.0209,14,0.0293,0,0.0,21,0.0439,1,0.0021,11,0.023
2231,47796,9794.2623,,8.718252564048536,0.5000663865724027,2.9993,7.5374,7.514,7.5167,15.411,50.15104,12,0.0251,16,0.0335,93,0.1946,10,0.0209,12,0.0251,13,0.0272
1277,47702,9775.0,,6.674400666905774,0.4101100668201858,2.9995,7.822,7.8941,7.8745,16.4346,52.423675,16,0.0335,11,0.0231,95,0.1992,16,0.0335,10,0.021,25,0.0524
1080,47607,9755.5328,,55.92567781081577,1.2997720626902782,3.0004,8.9495,8.9337,8.9666,19.1777,59.666294,24,0.0504,4,0.0084,103,0.2164,1,0.0021,0,0.0,38,0.0798
0,47551,9744.0574,,42.47590438685494,1.498586585819483,2.998,8.1086,8.0496,8.0553,16.9298,53.807863,10,0.021,11,0.0231,95,0.1998,3,0.0063,8,0.0168,0,0.0
0,42875,8785.8607,,13.843501199721482,0.5999804549783997,2.9989,8.6341,8.6254,8.6147,18.3229,57.498374,18,0.042,6,0.014,76,0.1773,4,0.0093,20,0.0466,4,0.0093
908,42134,8634.0164,,2.3680270288735707,0.6113161092548733,3.0022,7.4724,7.5303,7.5021,15.5236,50.010615,8,0.019,7,0.0166,76,0.1804,11,0.0261,19,0.0451,21,0.0498
259,41920,8590.1639,,30.630065103785324,0.9971715772748364,2.9982,8.9169,8.9251,8.9038,19.1301,59.435066,20,0.0477,3,0.0072,88,0.2099,3,0.0072,2,0.0048,20,0.0477
846,41856,8577.0492,,117.95633527725032,1.0001656614376455,3.0007,8.3943,8.4271,8.4107,17.7881,56.071262,16,0.0382,1,0.0024,93,0.2222,8,0.0191,6,0.0143,7,0.0167
0,41773,8560.041,,11.50515293842339,0.6103169405736193,3.0018,8.9451,8.9247,8.9373,19.1415,59.57154,21,0.0503,2,0.0048,97,0.2322,6,0.0144,37,0.0886,1,0.0024
229,41118,8425.8197,,11.080996012288994,0.6103406222069493,3.0007,7.8416,7.8887,7.8916,16.4472,52.493166,23,0.0559,8,0.0195,72,0.1751,2,0.0049,14,0.034,8,0.0195
0,40864,8373.7705,,3.2873659122594163,0.6104193381219336,2.9986,8.637,8.6604,8.6479,18.3756,57.656079,14,0.0343,3,0.0073,87,0.2129,0,0.0,9,0.022,9,0.022
1484,40271,8252.2541,,15.614548416032717,0.6104464131356435,2.9996,7.604,7.6045,7.6304,15.759,50.753127,11,0.0273,4,0.0099,84,0.2086,11,0.0273,18,0.0447,20,0.0497
57,38896,7970.4918,,20.43536194555636,1.1007928454038771,3.001,7.8717,7.892,7.8262,16.4522,52.422029,11,0.0283,10,0.0257,0,0.0,4,0.0103,10,0.0257,10,0.0257
0,38696,7929.5082,,67.28776427147466,1.2011784476305851,3.0007,7.9265,7.9773,7.9458,16.6151,52.999017,15,0.0388,6,0.0155,572,1.4782,5,0.0129,20,0.0517,6,0.0155
292,38110,7809.4262,,6.791325153404987,0.4107058096190373,3.002,8.8466,8.8736,8.8615,18.7978,59.070481,24,0.063,1,0.0026,65,0.1706,3,0.0079,8,0.021,6,0.0157
706,37360,7655.7377,,9.737426539576,1.199585841738643,2.9984,9.1991,9.224,9.1999,19.9029,61.384544,18,0.0482,0,0.0,0,0.0,0,0.0,0,0.0,23,0.0616
2345,36714,7523.3607,,21.034012127031907,0.6998955378549716,2.9989,7.8517,7.8698,7.8528,16.4789,52.387409,11,0.03,7,0.0191,567,1.5444,1,0.0027,7,0.0191,11,0.03
0,36646,7509.4262,,6.759774373349659,0.4995950021050863,2.9984,8.6349,8.6581,8.6225,18.3025,57.590045,20,0.0546,5,0.0136,61,0.1665,7,0.0191,4,0.0109,0,0.0
0,36545,7488.7295,,7.172366941994159,0.3997127496506281,3.0001,7.5788,7.5726,7.5786,15.6604,50.511246,7,0.0192,15,0.041,75,0.2052,9,0.0246,7,0.0192,0,0.0
45,36517,7482.9918,,3.595190717281708,0.3002421989172726,3.0005,8.03,8.0097,8.0284,16.8121,53.484665,13,0.0356,8,0.0219,81,0.2218,8,0.0219,9,0.0246,0,0.0
1214,35250,7223.3607,,11.840667578548985,0.7912407435984933,3.0017,7.9415,7.9584,7.9611,16.648,53.024361,15,0.0426,6,0.017,58,0.1645,11,0.0312,12,0.034,6,0.017
0,35055,7183.4016,,9.734155546968696,0.6093883882201718,2.9999,7.5764,7.5729,7.5626,15.73,50.470845,11,0.0314,8,0.0228,82,0.2339,12,0.0342,4,0.0114,18,0.0513
67,33485,6861.6803,,20.443079066861248,0.3993495906830897,2.9975,8.5566,8.5709,8.601,18.2347,57.174325,17,0.0508,2,0.006,72,0.215,3,0.009,26,0.0776,3,0.009
0,33245,6812.5,,12.11932855959857,0.6004412562463276,2.9999,8.6406,8.6767,8.6289,18.3831,57.658212,15,0.0451,7,0.0211,63,0.1895,2,0.006,18,0.0541,9,0.0271
0,32826,6726.6393,,7.892095786743555,0.3998612235775373,2.9983,7.5757,7.5851,7.5265,15.6642,50.416342,6,0.0183,11,0.0335,58,0.1767,6,0.0183,3,0.0091,5,0.0152
0,32416,6642.623,,18.50060897536157,0.4006014036650898,3.0003,7.9896,8.0764,8.0063,16.8918,53.493866,8,0.0247,8,0.0247,57,0.1758,7,0.0216,12,0.037,4,0.0123
0,32248,6608.1967,,45.67296099019166,1.3018570602572672,3.0019,9.1412,9.0897,9.1378,19.5675,60.819437,17,0.0527,1,0.0031,0,0.0,2,0.0062,1,0.0031,2,0.0062
941,32170,6592.2131,,72.9980209421006,1.399935413789376,3.0011,8.1297,8.0812,8.0767,16.8865,53.972428,13,0.0404,5,0.0155,48,0.1492,3,0.0093,4,0.0124,13,0.0404
0,30216,6191.8033,,7.176304898479844,0.3997456882936952,2.9989,7.8484,7.7903,7.8626,16.2976,52.225082,13,0.043,7,0.0232,59,0.1953,3,0.0099,3,0.0099,13,0.043
0,29485,6042.0082,,6.080348287817377,0.5006829663607942,3.0006,7.5411,7.5942,7.5967,15.7526,50.515558,4,0.0136,9,0.0305,67,0.2272,5,0.017,3,0.0102,5,0.017
0,28928,5927.8689,,0.3081191505809721,0.2002216662562278,2.9992,8.4809,8.546,8.5088,18.111,56.746093,15,0.0519,2,0.0069,0,0.0,5,0.0173,11,0.038,4,0.0138
631,28002,5738.1148,,61.130793355359216,1.300032931320365,2.9971,8.0637,8.0826,8.1255,17.0137,53.937565,10,0.0357,6,0.0214,0,0.0,1,0.0036,2,0.0071,5,0.0179
0,27752,5686.8852,,4.103692450976464,0.3001174962610392,2.9997,7.5324,7.5866,7.643,15.8722,50.582052,6,0.0216,7,0.0252,59,0.2126,15,0.0541,4,0.0144,0,0.0
655,27222,5578.2787,,6.146590927935632,0.3001070454006529,3.001,7.5885,7.5956,7.5756,15.7763,50.577075,9,0.0331,7,0.0257,44,0.1616,8,0.0294,15,0.0551,5,0.0184
1244,25332,5190.9836,,7.389741505993861,0.6103257488978924,3.0022,7.6439,7.6066,7.6555,15.8607,50.902233,10,0.0395,6,0.0237,421,1.6619,7,0.0276,2,0.0079,9,0.0355
0,25036,5130.3279,,23.107373371661275,1.1909629251650935,2.9997,7.7236,7.6884,7.7345,15.9899,51.436775,6,0.024,5,0.02,0,0.0,2,0.008,3,0.012,6,0.024
1451,24525,5025.6148,,88.77038258452205,0.9911617468756914,2.9991,8.9243,8.962,8.9556,19.021,59.648529,7,0.0285,3,0.0122,58,0.2365,5,0.0204,4,0.0163,0,0.0
0,24042,4926.6393,,44.95277635900484,0.9995432434606132,3.0024,7.8888,7.8753,7.883,16.5344,52.549075,6,0.025,6,0.025,0,0.0,1,0.0042,5,0.0208,0,0.0
1229,23969,4911.6803,,77.12509247202264,1.401144084135791,3.0002,7.9041,7.9763,7.9791,16.5949,53.021247,6,0.025,4,0.0167,0,0.0,0,0.0,4,0.0167,0,0.0
0,23966,4911.0656,,22.5830636761369,1.2007263213707682,3.0019,7.581,7.5858,7.5858,15.7424,50.561331,7,0.0292,8,0.0334,0,0.0,2,0.0083,9,0.0376,8,0.0334
0,23928,4903.2787,,7.200132643267937,0.6008928941946533,3.0013,8.65,8.6065,8.637,18.3132,57.541099,6,0.0251,5,0.0209,0,0.0,4,0.0167,13,0.0543,1,0.0042
2679,23523,4820.2869,,3.502699031240431,0.6007691155588192,3.0015,8.2329,8.2095,8.218,17.055,54.801023,10,0.0425,5,0.0213,0,0.0,1,0.0043,4,0.017,11,0.0468
160,22969,4706.7623,,56.36114638176591,1.600058159164522,3.0025,9.2659,9.2327,9.3119,19.9175,61.801167,11,0.0479,1,0.0044,0,0.0,1,0.0044,1,0.0044,0,0.0
746,22497,4610.041,,15.433705165870846,0.7105554687757749,2.9994,8.6112,8.5955,8.5974,18.1894,57.342476,9,0.04,4,0.0178,40,0.1778,1,0.0044,11,0.0489,3,0.0133
94,22416,4593.4426,,9.533416079684498,0.5000481949563752,2.9977,7.5793,7.508,7.5351,15.604,50.272012,6,0.0268,5,0.0223,0,0.0,0,0.0,7,0.0312,0,0.0
1139,21687,4444.0574,,25.59185503322625,1.0891149256755193,3.0002,7.6008,7.6096,7.5638,15.6206,50.60934,4,0.0184,4,0.0184,0,0.0,3,0.0138,8,0.0369,7,0.0323
1130,21645,4435.4508,,19.519096527311586,0.8901400408788421,2.9987,7.8391,7.8791,7.8565,16.2988,52.388406,4,0.0185,4,0.0185,0,0.0,5,0.0231,2,0.0092,1,0.0046
1121,21324,4369.6721,,16.25400452069847,1.1922611812448969,3.0045,7.8413,7.824,7.8678,16.3029,52.29567,12,0.0563,7,0.0328,0,0.0,7,0.0328,4,0.0188,4,0.0188
0,21307,4366.1885,,8.728196667838956,0.3002027223442256,3.0014,8.0325,7.9794,8.0216,16.8521,53.407707,8,0.0375,1,0.0047,40,0.1877,5,0.0235,12,0.0563,1,0.0047
53,20710,4243.8525,,30.295420795072644,1.0004928910868829,3.001,8.1356,8.1302,8.1397,17.142,54.234712,5,0.0241,2,0.0097,0,0.0,1,0.0048,1,0.0048,6,0.029
0,20396,4179.5082,,35.883665734567224,0.709169428138774,2.9953,8.2969,8.3053,8.3334,17.5777,55.412532,5,0.0245,1,0.0049,48,0.2353,1,0.0049,4,0.0196,0,0.0
0,19277,3950.2049,,15.406404856635218,0.6004344108199527,2.9975,8.1992,8.1556,8.2511,17.2388,54.679782,5,0.0259,6,0.0311,0,0.0,4,0.0208,10,0.0519,1,0.0052
779,19001,3893.6475,,20.52308835417133,0.8000782854229991,2.9988,8.9317,8.8834,8.947,19.1153,59.471377,10,0.0526,0,0.0,0,0.0,2,0.0105,13,0.0684,0,0.0
0,18978,3888.9344,,9.234073900791683,0.5000677907820851,2.9987,7.5691,7.5749,7.5661,15.7021,50.466972,8,0.0422,3,0.0158,30,0.1581,4,0.0211,9,0.0474,3,0.0158
785,18961,3885.4508,,19.99483239282544,0.8998695809812457,2.9979,8.9346,8.956,8.9595,19.1122,59.667016,8,0.0422,1,0.0053,0,0.0,0,0.0,8,0.0422,0,0.0
0,18847,3862.0902,,38.98711370763898,1.1897912941346425,2.9953,7.9261,7.821,7.8425,16.3025,52.421404,4,0.0212,3,0.0159,36,0.191,0,0.0,0,0.0,4,0.0212
1370,18022,3693.0328,,38.03611863623652,0.9909905062816414,3.0037,7.505,7.5055,7.4667,15.4145,49.94931,1,0.0055,5,0.0277,0,0.0,3,0.0166,3,0.0166,0,0.0
1454,18004,3689.3443,,259.90813615047813,2.309773031171644,2.9987,8.9618,8.9772,8.8825,19.1019,59.603161,12,0.0667,0,0.0,0,0.0,0,0.0,2,0.0111,1,0.0056
764,17403,3566.1885,,97.41720404197736,0.6097029285828341,2.9957,7.5474,7.5173,7.524,15.635,50.197208,3,0.0172,1,0.0057,37,0.2126,4,0.023,3,0.0172,5,0.0287
224,16589,3399.3852,,6.680085512785581,0.4002654027220524,2.9986,7.9209,7.8948,7.897,16.464,52.694899,3,0.0181,4,0.0241,35,0.211,4,0.0241,2,0.0121,0,0.0
0,15784,3234.4262,,6.658615659585083,0.299752528688229,2.9978,8.5979,8.5442,8.6015,18.0287,57.208007,3,0.019,1,0.0063,0,0.0,2,0.0127,6,0.038,1,0.0063
0,15648,3206.5574,,30.76458010765193,1.0996252139727682,3.0004,8.2063,8.1262,8.1792,17.0532,54.470308,4,0.0256,2,0.0128,0,0.0,3,0.0192,4,0.0256,6,0.0383
0,15173,3109.2213,,41.50812981294189,1.3030161222310246,3.0009,8.1448,8.1113,8.079,17.0619,54.078101,3,0.0198,1,0.0066,26,0.1714,0,0.0,4,0.0264,1,0.0066
0,14484,2968.0328,,28.95028659926982,1.1943811222468883,3.0017,7.5787,7.6373,7.5812,15.7218,50.660518,3,0.0207,2,0.0138,0,0.0,2,0.0138,0,0.0,8,0.0552
0,14097,2888.7295,,3.085337653394664,0.2002133676323645,2.9988,8.694,8.6439,8.6598,18.3331,57.772744,11,0.078,1,0.0071,0,0.0,0,0.0,2,0.0142,0,0.0
0,13885,2845.2869,,41.14267497281788,1.3008199098529318,2.9999,9.1465,9.1139,9.1528,19.6201,60.918174,10,0.072,0,0.0,0,0.0,0,0.0,0,0.0,0,0.0
1472,13790,2825.8197,,123.0538960884668,0.8911689687459373,3.0001,7.8258,7.8318,7.9837,16.3629,52.536292,6,0.0435,4,0.029,0,0.0,3,0.0218,3,0.0218,6,0.0435
0,13591,2785.041,,16.404588731045607,0.6995963437001332,2.9975,7.928,7.9199,7.9308,16.4133,52.841653,3,0.0221,1,0.0074,0,0.0,0,0.0,8,0.0589,6,0.0441
0,13352,2736.0656,,5.4488011654635535,0.4009228581257206,3.0008,9.0234,9.0845,9.0485,19.3552,60.347373,4,0.03,0,0.0,26,0.1947,0,0.0,0,0.0,2,0.015
0,13046,2673.3607,,25.507417190496973,0.8981506068254614,2.9973,8.0588,8.1167,8.0563,16.9439,53.848449,3,0.023,2,0.0153,0,0.0,1,0.0077,1,0.0077,1,0.0077
649,13005,2664.959,,13.697767706192083,0.7914669419243056,3.0002,7.6118,7.6564,7.6141,15.678,50.849706,2,0.0154,4,0.0308,0,0.0,3,0.0231,6,0.0461,8,0.0615
0,12812,2625.4098,,1.954559592158592,0.4111477276414379,3.0038,8.1165,8.0354,8.0831,17.0279,53.855573,2,0.0156,4,0.0312,31,0.242,2,0.0156,1,0.0078,0,0.0
0,12278,2515.9836,,26.589292153974785,0.7991280752868832,2.9981,8.1215,8.1642,8.1729,17.153,54.352502,3,0.0244,2,0.0163,27,0.2199,2,0.0163,2,0.0163,4,0.0326
755,12141,2487.9098,,42.98082954403906,0.6087142932801458,2.9982,7.6534,7.5741,7.5392,15.7437,50.592594,1,0.0082,2,0.0165,31,0.2553,1,0.0082,3,0.0247,6,0.0494
0,11991,2457.1721,,12.744998914291614,0.6984654673879471,2.9995,7.4841,7.4935,7.5005,15.5983,49.951332,4,0.0334,1,0.0083,31,0.2585,0,0.0,2,0.0167,3,0.025
0,11961,2451.0246,,40.34771407561246,1.19137951635674,2.9982,8.9979,8.9937,8.9893,19.1655,59.957596,6,0.0502,0,0.0,0,0.0,0,0.0,0,0.0,0,0.0
0,11933,2445.2869,,27.628390813308496,0.9883996612818554,3.0013,7.5329,7.5521,7.4624,15.4539,50.105309,1,0.0084,5,0.0419,0,0.0,0,0.0,6,0.0503,1,0.0084
0,11926,2443.8525,,27.111736839557047,0.8882995327679261,2.9959,7.6371,7.6243,7.5769,15.5402,50.751684,4,0.0335,3,0.0252,0,0.0,1,0.0084,1,0.0084,5,0.0419
1280,11768,2411.4754,,57.16783487686226,1.088599931394497,2.9969,7.8131,7.8792,7.824,16.3689,52.258335,6,0.051,2,0.017,0,0.0,1,0.0085,2,0.017,7,0.0595
0,10776,2208.1967,,77.80522465143376,1.4963642274350144,2.9922,7.8937,7.9487,7.8959,16.7105,52.751808,2,0.0186,2,0.0186,21,0.1949,2,0.0186,2,0.0186,2,0.0186
1661,10727,2198.1557,,15.928380971105351,0.6003669005101567,2.9984,7.926,7.9794,7.9663,16.5532,53.048287,1,0.0093,2,0.0186,0,0.0,3,0.028,2,0.0186,9,0.0839
65,9666,1980.7377,,32.72821599762647,0.9997430864904342,2.9996,7.8761,7.8984,7.8984,16.5285,52.606412,3,0.031,1,0.0103,0,0.0,1,0.0103,3,0.031,0,0.0
0,9327,1911.2705,,22.0648493295626,0.5101488486224905,3.0014,8.4419,8.3383,8.4114,17.8609,55.981309,2,0.0214,2,0.0214,13,0.1394,0,0.0,2,0.0214,0,0.0
1568,9206,1886.4754,,24.46336219034269,0.9910254802081296,2.9953,8.3104,8.3615,8.2891,17.5406,55.468914,2,0.0217,4,0.0434,13,0.1412,1,0.0109,4,0.0434,2,0.0217
0,8683,1779.3033,,34.17317648596983,1.1984932142752864,2.9972,8.0101,8.043,7.9902,16.7607,53.42959,4,0.0461,1,0.0115,90,1.0365,1,0.0115,2,0.023,1,0.0115
0,8600,1762.2951,,0.1020706165612359,1.5959446392106047,2.9966,8.903,8.9606,9.0773,19.2087,59.868757,2,0.0233,0,0.0,0,0.0,0,0.0,0,0.0,1,0.0116
95,8512,1744.2623,,9.57712065715541,0.5008403345524053,3.0027,9.3773,9.3683,9.3902,20.1427,62.524036,4,0.047,0,0.0,0,0.0,0,0.0,0,0.0,0,0.0
1574,8392,1719.6721,,12.900554035205202,0.7121053953868309,3.0035,8.1243,8.1524,8.0301,17.0167,54.015179,4,0.0477,1,0.0119,10,0.1192,0,0.0,0,0.0,1,0.0119
0,8374,1715.9836,,15.22434376475912,0.9039010574957786,3.0006,8.0631,8.0543,8.1332,17.0616,53.890052,0,0.0,0,0.0,0,0.0,0,0.0,3,0.0358,2,0.0239
247,8307,1702.2541,,56.87203522449249,1.4945981738933485,2.9949,7.6944,7.7053,7.7166,16.0885,51.369558,3,0.0361,0,0.0,116,1.3964,3,0.0361,0,0.0,3,0.0361
0,7925,1623.9754,,2.8732170574649407,0.3001607031895091,2.9992,7.5929,7.545,7.638,15.9007,50.613098,0,0.0,0,0.0,18,0.2271,0,0.0,3,0.0379,1,0.0126
0,7639,1565.3689,,25.73919946759857,1.2985004045730906,2.9997,7.9288,7.947,8.0077,16.6102,53.07442,3,0.0393,1,0.0131,19,0.2487,1,0.0131,4,0.0524,5,0.0655
96,7244,1484.4262,,6.5185046036247725,0.3013680446648535,3.0079,7.4938,7.5998,7.6231,15.6666,50.481666,2,0.0276,0,0.0,11,0.1518,4,0.0552,1,0.0138,3,0.0414
49,6931,1420.2869,,30.90756005360827,0.8021746778336432,3.0038,7.6943,7.6936,7.6452,15.9077,51.184507,1,0.0144,3,0.0433,0,0.0,0,0.0,0,0.0,3,0.0433
0,6769,1387.0902,,15.425331112303583,0.6008027670018282,2.9987,7.5849,7.6147,7.4813,15.5343,50.40202,1,0.0148,3,0.0443,20,0.2955,2,0.0295,1,0.0148,1,0.0148
911,6534,1338.9344,,12.846931353357492,1.0907885426399755,3.0018,7.5242,7.528,7.489,15.7342,50.091495,1,0.0153,1,0.0153,47,0.7193,1,0.0153,4,0.0612,4,0.0612
0,6456,1322.9508,,30.596477266948416,0.601487036482636,3.0091,7.6842,7.6608,7.5745,15.8414,50.932119,1,0.0155,0,0.0,0,0.0,1,0.0155,1,0.0155,2,0.031
0,6138,1257.7869,,18.096335785546128,0.7086837149660441,3.0021,7.8309,7.9461,7.956,16.6807,52.739928,2,0.0326,1,0.0163,13,0.2118,0,0.0,2,0.0326,0,0.0
47,5991,1227.6639,,18.97515732815433,0.6995704241570422,2.9923,8.0771,8.1444,8.008,16.8857,53.843354,0,0.0,3,0.0501,0,0.0,2,0.0334,4,0.0668,0,0.0
199,5907,1210.4508,,470.79377296278096,2.1012950879247376,3.0071,7.8766,7.8851,7.9555,16.7278,52.704691,1,0.0169,1,0.0169,9,0.1524,1,0.0169,1,0.0169,1,0.0169
0,5853,1199.3852,,59.60753725271382,1.4017935951333365,2.9962,8.477,8.463,8.4642,17.6961,56.453867,4,0.0683,0,0.0,9,0.1538,0,0.0,1,0.0171,0,0.0
923,5790,1186.4754,,11.283838259115214,0.5099044182741335,3.0016,7.6086,7.5401,7.6169,15.3468,50.590207,3,0.0518,1,0.0173,46,0.7945,0,0.0,4,0.0691,0,0.0
1017,5662,1160.2459,,36.89845378888554,1.2000303459698891,3.0021,7.6222,7.5876,7.6084,15.8087,50.707218,1,0.0177,2,0.0353,9,0.159,0,0.0,2,0.0353,3,0.053
286,5623,1152.2541,,19.883411969769856,0.7956080197300395,2.9938,7.6265,7.6746,7.5547,15.5751,50.790589,2,0.0356,1,0.0178,9,0.1601,3,0.0534,1,0.0178,1,0.0178
0,5438,1114.3443,,35.27261054476293,1.0976328170809235,2.9974,8.0051,8.0515,8.05,16.9713,53.570344,2,0.0368,1,0.0184,99,1.8205,1,0.0184,4,0.0736,2,0.0368
734,5413,1109.2213,,21.617364624051667,0.7945086333842105,3.0041,7.5245,7.4923,7.5289,15.4792,50.101637,0,0.0,2,0.0369,8,0.1478,1,0.0185,1,0.0185,0,0.0
0,5364,1099.1803,,34.23701996055636,1.087331880099126,2.9998,9.1294,9.0628,9.1719,19.5772,60.809219,1,0.0186,1,0.0186,0,0.0,0,0.0,0,0.0,0,0.0
295,5189,1063.3197,,20.687113650403536,0.7895332379825881,2.9909,8.9187,8.9277,8.9405,19.101,59.526356,5,0.0964,0,0.0,93,1.7923,1,0.0193,0,0.0,0,0.0
2614,5123,1049.7951,,0.1018572466573459,0.0997623191331513,3.0002,8.3557,8.5179,8.4314,17.845,56.233073,0,0.0,0,0.0,0,0.0,0,0.0,2,0.039,1,0.0195
0,4747,972.7459,,71.59783954543809,0.4993137392657287,2.9973,7.9218,7.9328,7.7944,16.4466,52.553453,2,0.0421,1,0.0211,0,0.0,0,0.0,1,0.0211,1,0.0211
767,4403,902.2541,,208.56743643770656,1.19460093568487,3.0036,7.3945,7.4849,7.4967,15.5501,49.724638,1,0.0227,1,0.0227,0,0.0,1,0.0227,6,0.1363,1,0.0227
870,4390,899.5902,,6.68520929565021,0.4001643591381462,2.9993,7.5046,7.5895,7.5729,15.7228,50.371005,2,0.0456,2,0.0456,9,0.205,0,0.0,3,0.0683,2,0.0456
0,4378,897.1311,,41.63078383501864,1.3989735501348113,2.9979,8.0475,7.9123,8.0196,16.6788,53.287636,0,0.0,0,0.0,4,0.0914,0,0.0,0,0.0,1,0.0228
1487,4365,894.4672,,41.64289220334632,1.506034743353663,3.0078,7.6351,7.5572,7.5288,15.6282,50.491077,2,0.0458,1,0.0229,35,0.8018,1,0.0229,2,0.0458,1,0.0229
0,4356,892.623,,7.455762611223437,0.4986564349499021,3.0014,9.0335,9.0579,9.0085,19.2606,60.221844,0,0.0,0,0.0,13,0.2984,0,0.0,1,0.023,0,0.0
0,4341,889.5492,,47.48260158471013,1.3942934696804232,3.0007,8.029,8.1375,8.1214,16.7795,53.973184,1,0.023,0,0.0,0,0.0,0,0.0,5,0.1152,0,0.0
0,4146,849.5902,,31.828885921338117,0.49990984116714,2.9969,8.171,8.0224,8.1155,16.7528,54.019877,1,0.0241,1,0.0241,8,0.193,0,0.0,1,0.0241,0,0.0
658,3936,806.5574,,61.61421705948066,1.0016979311780752,3.0005,7.6169,7.716,7.5823,16.2129,50.922477,1,0.0254,3,0.0762,0,0.0,0,0.0,0,0.0,0,0.0
0,3896,798.3607,,40.8858904064054,1.5062380247114864,3.0031,8.1327,8.2161,8.2156,17.0326,54.587613,1,0.0257,0,0.0,29,0.7444,1,0.0257,0,0.0,1,0.0257
0,3743,767.0082,,36.15142836278225,0.6028109221189552,3.0024,7.6567,7.5859,7.4956,15.2308,50.529327,2,0.0534,0,0.0,0,0.0,0,0.0,1,0.0267,1,0.0267
0,3717,761.6803,,47.79382511971775,1.4975996491080024,2.9981,8.0549,8.1622,7.9596,16.523,53.726131,2,0.0538,1,0.0269,0,0.0,0,0.0,1,0.0269,0,0.0
137,3709,760.041,,18.444515300607215,0.9993403295081154,3.0005,7.6641,7.5268,7.5322,15.6514,50.49577,2,0.0539,3,0.0809,0,0.0,0,0.0,0,0.0,2,0.0539
719,3526,722.541,,1.0309537336141354,0.7120318434037889,3.0006,7.5669,7.5944,7.5468,15.7887,50.462666,2,0.0567,1,0.0284,9,0.2552,3,0.0851,0,0.0,1,0.0284
262,3516,720.4918,,12.881218783833678,1.5047706832086027,3.0068,9.1547,9.2207,9.0916,19.8794,61.03781,1,0.0284,1,0.0284,0,0.0,0,0.0,0,0.0,1,0.0284
59,3468,710.6557,,,,3.0014,6.3227,6.4074,6.4121,14.2093,42.538158,0,0.0,0,0.0,0,0.0,1,0.0288,0,0.0,0,0.0
1475,3399,696.5164,,371.48097428398313,2.113252796584143,3.0041,7.7973,8.0138,7.7879,16.0327,52.442265,3,0.0883,0,0.0,29,0.8532,0,0.0,1,0.0294,2,0.0588
0,3241,664.1393,,59.81679810303272,1.197191024070034,3.0,8.6371,8.543,8.6186,18.3999,57.33071,1,0.0309,0,0.0,0,0.0,1,0.0309,0,0.0,0,0.0
794,3188,653.2787,,38.89348460758734,0.9983788249101906,2.9956,9.0687,9.2318,9.0822,19.7867,60.850439,0,0.0,0,0.0,0,0.0,1,0.0314,0,0.0,0,0.0
758,3164,648.3607,,114.14209038965464,1.0914991114012882,3.0019,7.6681,7.708,7.5841,15.915,51.022576,2,0.0632,0,0.0,0,0.0,2,0.0632,4,0.1264,3,0.0948
0,3101,635.4508,,1.5420471541342886,0.200108185208352,2.9906,9.0826,9.108,8.9703,19.1519,60.357607,1,0.0322,1,0.0322,4,0.129,0,0.0,0,0.0,0,0.0
298,2992,613.1148,,50.01763479045442,1.607078734077226,3.005,8.7878,8.5943,8.6618,18.1601,57.875127,0,0.0,0,0.0,15,0.5013,0,0.0,2,0.0668,0,0.0
619,2827,579.3033,,10.155097486076611,0.5967342573591374,2.9968,9.1532,9.115,9.1418,19.6714,60.911097,0,0.0,0,0.0,0,0.0,0,0.0,0,0.0,0,0.0
0,2825,578.8934,,56.780732502270695,0.7915831342998483,3.0039,8.6481,8.7763,8.5076,18.3851,57.626719,1,0.0354,0,0.0,0,0.0,0,0.0,0,0.0,0,0.0
0,2765,566.5984,,,,3.0087,6.5472,6.242,6.4405,14.6,42.73268,1,0.0362,1,0.0362,0,0.0,1,0.0362,0,0.0,0,0.0
1142,2742,561.8852,,91.5560062064693,2.314320616372438,3.0011,7.616,7.6295,7.6229,15.4537,50.818487,0,0.0,0,0.0,0,0.0,1,0.0365,0,0.0,2,0.0729
0,2731,559.6311,,29.55086517368981,0.9981396332683916,3.0,7.6364,7.6459,7.6456,15.6393,50.950776,0,0.0,1,0.0366,0,0.0,0,0.0,0,0.0,0,0.0
1124,2707,554.7131,,102.98869978949196,1.80228122645268,3.0004,7.8098,7.8341,7.7285,16.3354,51.938563,1,0.0369,1,0.0369,0,0.0,0,0.0,0,0.0,2,0.0739
0,2684,550.0,,10.733343855296884,0.4979414471002357,2.9944,8.2146,8.1673,8.2515,17.3633,54.740786,0,0.0,0,0.0,6,0.2235,0,0.0,0,0.0,0,0.0
803,2672,547.541,,66.12596094205875,1.0866659182582863,2.9936,7.7863,7.8645,7.6748,16.3394,51.834686,0,0.0,0,0.0,33,1.235,0,0.0,0,0.0,0,0.0
1664,2669,546.9262,,25.63057677938164,1.197905576900067,2.994,8.0689,8.036,7.9573,16.6916,53.471476,1,0.0375,0,0.0,0,0.0,0,0.0,0,0.0,1,0.0375
0,2667,546.5164,,24.76615646606809,1.2018448051747617,3.0034,7.5114,7.5486,7.6633,15.7008,50.496198,0,0.0,0,0.0,0,0.0,0,0.0,0,0.0,0,0.0
1133,2631,539.1393,,82.12014701972697,1.706687643834302,2.9989,7.7796,7.8829,7.8415,16.1414,52.231102,0,0.0,0,0.0,0,0.0,0,0.0,1,0.038,2,0.076
902,2618,536.4754,,215.6964994943776,8.808217734489059,3.0039,8.639,8.6261,8.7659,18.2731,57.846612,0,0.0,1,0.0382,35,1.3369,1,0.0382,0,0.0,3,0.1146
0,2614,535.6557,,32.0419158590251,1.2963302906902356,3.0073,8.9598,8.9579,8.9927,19.0807,59.800983,3,0.1148,0,0.0,20,0.7651,0,0.0,10,0.3826,1,0.0383
0,2553,523.1557,,24.95580728334539,0.7965109044780918,3.0031,7.3835,7.526,7.36,15.6142,49.487834,0,0.0,0,0.0,0,0.0,0,0.0,0,0.0,0,0.0
0,2438,499.5902,,81.28874985337845,1.6918643759731784,2.9938,8.9368,8.9979,8.9902,19.1218,59.833277,1,0.041,1,0.041,0,0.0,0,0.0,0,0.0,0,0.0
0,2401,492.0082,,40.121637678285495,1.3013466401813725,3.0042,7.5285,7.576,7.4648,15.5918,50.154065,2,0.0833,1,0.0416,0,0.0,1,0.0416,0,0.0,2,0.0833
0,2381,487.9098,,8.255249006350335,0.5008149094293979,3.005,7.6552,7.6056,7.3906,15.7488,50.336497,1,0.042,0,0.0,7,0.294,0,0.0,0,0.0,0,0.0
0,2367,485.041,,109.9551208547731,1.4957025499916723,2.9924,8.4508,8.368,8.4453,18.0275,56.142412,0,0.0,0,0.0,0,0.0,0,0.0,0,0.0,0,0.0
1268,2336,478.6885,,129.78648450616802,1.8024941372145824,3.0077,8.1391,7.9696,8.0574,16.6922,53.702466,1,0.0428,0,0.0,0,0.0,0,0.0,0,0.0,0,0.0
313,2331,477.6639,,74.37055670060089,0.6126845883895163,3.0043,8.5719,8.5547,8.5165,18.045,56.984535,0,0.0,0,0.0,5,0.2145,0,0.0,0,0.0,0,0.0
0,2159,442.418,,94.67378850597493,1.0020995593048887,3.0,7.7712,8.0227,7.8434,16.4039,52.527328,0,0.0,0,0.0,2,0.0926,0,0.0,0,0.0,2,0.0926
289,2157,442.0082,,78.87770358917052,1.7026883004102604,3.0135,7.5911,7.4808,7.5276,15.7965,50.220964,0,0.0,0,0.0,0,0.0,1,0.0464,0,0.0,0,0.0
79,1761,360.8607,,46.26347506568132,0.9989568072669271,3.0051,7.912,7.9375,7.9648,16.0193,52.92063,0,0.0,1,0.0568,0,0.0,0,0.0,0,0.0,0,0.0
202,1730,354.5082,,77.80611675663998,1.809111830400828,3.0012,9.2376,9.3607,9.4653,20.0191,62.363572,0,0.0,0,0.0,0,0.0,0,0.0,1,0.0578,0,0.0
849,1727,353.8934,,125.07411765494216,1.916046667371039,3.0152,8.403,8.3492,8.4059,17.6497,55.906879,0,0.0,0,0.0,0,0.0,0,0.0,0,0.0,0,0.0
1247,1696,347.541,,127.8243415474046,1.1848062488204198,2.9988,7.73,7.306,7.4204,15.862,49.902978,1,0.059,1,0.059,0,0.0,0,0.0,0,0.0,0,0.0
0,1670,342.2131,,19.611385902149937,0.9031967460359192,2.9958,7.409,7.5473,7.524,15.591,49.956174,0,0.0,0,0.0,0,0.0,0,0.0,1,0.0599,2,0.1198
0,1668,341.8033,,42.19214922451357,1.6128330844680157,3.012,7.8189,7.8771,7.9928,16.8633,52.641949,1,0.06,0,0.0,0,0.0,0,0.0,0,0.0,0,0.0
0,1666,341.3934,,24.209883730453107,0.8927820199093615,3.0066,7.9172,7.9148,8.2377,16.5864,53.487995,1,0.06,1,0.06,0,0.0,0,0.0,0,0.0,0,0.0
788,1637,335.4508,,64.45108159208152,1.4072602827979157,3.0073,9.0134,9.2682,9.2108,19.7611,61.094191,1,0.0611,0,0.0,0,0.0,0,0.0,0,0.0,0,0.0
652,1633,334.6311,,62.90304173025743,1.400563321180829,2.9908,7.6822,7.7091,7.5946,16.0906,51.079847,0,0.0,3,0.1837,10,0.6124,0,0.0,0,0.0,0,0.0
782,1540,315.5738,,61.40024775627301,1.2951012408105134,2.985,9.2481,9.0695,9.2526,19.6305,61.266974,1,0.0649,1,0.0649,0,0.0,0,0.0,0,0.0,0,0.0
0,1500,307.377,,17.686211266463562,0.5043139176976292,3.004,7.55,7.5387,7.722,15.6027,50.690327,0,0.0,2,0.1333,0,0.0,0,0.0,2,0.1333,1,0.0667
634,1289,264.1393,,45.86432681361989,1.3039337514903295,3.0132,8.0822,8.3351,8.2754,17.4725,54.872863,1,0.0776,0,0.0,3,0.2327,0,0.0,0,0.0,1,0.0776
0,1280,262.2951,,134.30463245702276,2.0106532932820267,2.993,7.8508,8.1508,8.0406,16.5883,53.42718,1,0.0781,1,0.0781,0,0.0,0,0.0,0,0.0,0,0.0
0,1246,255.3279,,86.51164752307488,1.79098929706555,2.996,8.435,8.2905,8.0634,17.0096,55.086597,1,0.0803,0,0.0,0,0.0,0,0.0,0,0.0,0,0.0
749,1190,243.8525,,15.689257043464732,1.0885100791291893,3.0034,8.4311,8.1546,8.2395,17.3723,55.167067,0,0.0,0,0.0,0,0.0,0,0.0,1,0.084,0,0.0
770,1078,220.9016,,573.553593896779,1.613368723496532,3.0065,7.6883,7.3794,7.3275,15.8692,49.76692,0,0.0,0,0.0,0,0.0,0,0.0,0,0.0,1,0.0928
283,1029,210.8607,,163.4019037603635,1.9197183733562744,3.0058,8.5277,8.2974,8.4121,17.519,56.082401,0,0.0,0,0.0,0,0.0,0,0.0,0,0.0,0,0.0
1020,1009,206.7623,,80.88635506544625,1.6097924822485945,3.008,8.0733,7.2894,7.6501,15.9227,51.139723,0,0.0,0,0.0,11,1.0902,0,0.0,0,0.0,1,0.0991
1571,780,159.8361,,62.30175778062914,1.5009779817494144,3.009,8.2641,8.2846,8.2385,17.8808,55.082769,0,0.0,0,0.0,0,0.0,0,0.0,0,0.0,0,0.0
761,746,152.8689,,106.41924322755544,1.5112504877500086,3.0094,7.3204,7.5456,7.5375,15.6421,49.785376,0,0.0,0,0.0,5,0.6702,0,0.0,0,0.0,0,0.0
876,710,145.4918,,4.116470976003638,0.3002677397810354,2.9915,7.769,7.7859,7.6113,15.7099,51.480465,0,0.0,0,0.0,1,0.1408,0,0.0,0,0.0,0,0.0
737,700,143.4426,,91.41813891819544,1.8062153884342735,3.0014,7.7,7.8371,7.7329,15.0886,51.711215,0,0.0,0,0.0,0,0.0,0,0.0,0,0.0,0,0.0
0,669,137.0902,,32.148042342115914,1.2000309232471589,3.006,7.4768,7.8176,7.5919,15.7429,50.858879,0,0.0,0,0.0,7,1.0463,0,0.0,0,0.0,0,0.0
1577,668,136.8852,,69.70999179343264,1.497601491159308,2.991,7.8353,8.1302,8.0689,17.0599,53.409865,0,0.0,0,0.0,0,0.0,0,0.0,0,0.0,0,0.0
0,639,130.9426,,103.84186870401555,0.8993032337823256,3.0016,8.349,8.2926,7.9061,16.8795,54.550564,1,0.1565,0,0.0,0,0.0,0,0.0,1,0.1565,0,0.0
873,580,118.8525,,60.85538510700752,1.2946380686143348,2.9948,7.7328,7.5828,7.7845,16.1862,51.333293,0,0.0,0,0.0,0,0.0,0,0.0,0,0.0,0,0.0
316,564,115.5738,,153.99901455480278,1.1841869805830814,2.9982,8.6348,8.4504,8.5266,17.8103,56.914823,0,0.0,0,0.0,0,0.0,0,0.0,0,0.0,0,0.0
232,497,101.8443,,36.68379791881477,1.4177317138408991,3.002,8.163,7.9195,8.3622,17.4487,54.321348,0,0.0,0,0.0,4,0.8048,0,0.0,0,0.0,0,0.0
622,399,81.7623,,30.39511986091884,0.9940045065801556,2.9924,9.1805,8.782,8.6516,19.4411,59.142206,0,0.0,0,0.0,3,0.7519,0,0.0,0,0.0,0,0.0
1044,331,67.8279,,42.62511020556678,1.5167377421863129,3.0393,8.9668,9.1903,9.287,19.7976,60.9871,0,0.0,0,0.0,3,0.9063,0,0.0,0,0.0,0,0.0
2618,331,67.8279,,0.1018649231406138,0.0991747262704767,2.9909,9.0121,8.3444,8.4592,17.5287,57.368067,0,0.0,0,0.0,0,0.0,0,0.0,0,0.0,0,0.0
69,328,67.2131,,106.0015383382944,0.9936800053486458,3.0062,8.5457,8.7256,8.2226,17.747,56.653049,0,0.0,0,0.0,0,0.0,0,0.0,0,0.0,0,0.0
2616,311,63.7295,,0.1017119469378634,0.0996614087888089,2.9807,8.2283,8.3505,8.3023,18.4984,55.290965,0,0.0,0,0.0,0,0.0,0,0.0,0,0.0,0,0.0
97,189,38.7295,,6.594605263578829,0.3021319100938777,3.0212,7.3862,8.0847,7.9365,15.8148,52.016402,0,0.0,0,0.0,0,0.0,0,0.0,0,0.0,0,0.0
752,144,29.5082,,84.9858730898963,2.0237186211678715,2.9792,8.5833,8.375,8.9375,18.2569,57.546319,0,0.0,0,0.0,0,0.0,0,0.0,0,0.0,0,0.0
319,118,24.1803,,212.2044315823054,2.0156715017254068,2.9576,7.9237,8.1356,7.4746,15.4576,52.297712,0,0.0,0,0.0,0,0.0,0,0.0,0,0.0,0,0.0
136,88,18.0328,,18.98764965209094,1.0214494846083904,3.0,8.1932,8.4091,7.4205,16.6705,53.384091,0,0.0,0,0.0,0,0.0,0,0.0,0,0.0,0,0.0
879,74,15.1639,,139.51403395770348,1.5270444807940966,2.9863,7.973,7.0811,7.1892,14.5811,49.429325,0,0.0,0,0.0,0,0.0,0,0.0,0,0.0,0,0.0
71,38,7.7869,,312.0475030847498,1.4106874465942378,3.0541,8.6316,9.2368,8.6316,20.0789,58.888158,1,2.6316,0,0.0,0,0.0,0,0.0,0,0.0,0,0.0
1059,32,6.5574,,32.29091823101044,0.9619525708258152,3.0,8.0625,8.9688,8.1563,17.8438,55.972812,0,0.0,0,0.0,0,0.0,0,0.0,0,0.0,0,0.0
68,29,5.9426,,24.058174231956745,0.4244550928987303,3.0345,7.4138,7.2414,8.3103,18.069,51.034138,0,0.0,0,0.0,0,0.0,0,0.0,0,0.0,0,0.0
1598,27,5.5328,,42.30340286537453,0.7896222251432917,2.963,8.1481,6.9259,7.0741,13.8148,49.217408,0,0.0,0,0.0,0,0.0,0,0.0,0,0.0,0,0.0
0,26,5.3279,,0.629561819709265,0.100934740155935,3.0385,8.3462,7.3462,8.3077,16.8462,53.333847,0,0.0,0,0.0,0,0.0,0,0.0,0,0.0,0,0.0
0,26,5.3279,,15.023080825805664,0.656553972225923,2.8846,7.6154,7.4615,7.7308,13.3462,50.683077,0,0.0,0,0.0,0,0.0,0,0.0,0,0.0,0,0.0
1460,25,5.123,,103.66966934204102,1.0000516057014464,3.0,8.56,8.44,6.28,14.76,51.7328,0,0.0,0,0.0,0,0.0,0,0.0,0,0.0,0,0.0
265,22,4.5082,,5.5805453278801656,0.5103440636938269,3.0455,9.7273,9.5455,9.6364,18.8636,64.242727,0,0.0,0,0.0,0,0.0,0,0.0,0,0.0,0,0.0
932,21,4.3033,,51.854977834792365,1.009756179082962,3.0952,7.7619,7.619,9.4762,17.3333,55.238095,0,0.0,0,0.0,0,0.0,0,0.0,0,0.0,0,0.0
29,19,3.8934,,0.7779464313858443,0.2835628053075378,3.0,7.5789,9.2105,9.2105,19.6842,57.776317,0,0.0,0,0.0,0,0.0,0,0.0,0,0.0,0,0.0
0,19,3.8934,,4.5841705987328,0.446256657180033,2.8947,6.0526,7.5789,6.8421,17.2632,45.496316,0,0.0,0,0.0,0,0.0,0,0.0,0,0.0,0,0.0
0,17,3.4836,,1.474952908123241,0.2750639968058635,3.0,7.4706,6.7647,9.1765,20.7647,52.026471,0,0.0,0,0.0,0,0.0,0,0.0,0,0.0,0,0.0
0,17,3.4836,,5.549485094407025,0.4053283193532164,3.0,8.0,8.1765,6.1176,17.2353,49.541765,0,0.0,0,0.0,0,0.0,1,5.8824,0,0.0,0,0.0
0,17,3.4836,,0.4949370762881105,0.1936229484922741,3.0,9.1765,7.9412,8.0,13.6471,55.817647,0,0.0,0,0.0,0,0.0,0,0.0,0,0.0,0,0.0
163,17,3.4836,,7.612102915258968,0.7286163112696472,3.1765,8.2353,9.8235,10.7647,24.3529,64.051765,0,0.0,0,0.0,0,0.0,0,0.0,0,0.0,0,0.0
0,17,3.4836,,6.4663538231569175,0.3205363557619212,3.0588,7.3529,8.5294,8.5882,18.4706,54.378235,0,0.0,0,0.0,0,0.0,0,0.0,0,0.0,0,0.0
0,15,3.0738,,13.102200667063396,0.7001931508382159,3.0,8.1333,8.6,7.1333,20.4667,53.036666,0,0.0,0,0.0,0,0.0,0,0.0,0,0.0,0,0.0
0,15,3.0738,,10.500794712702437,0.498479382197064,2.9333,9.0,7.9333,8.9333,16.3333,57.482,0,0.0,0,0.0,1,6.6667,0,0.0,0,0.0,0,0.0
729,14,2.8689,,2.7521720869200585,0.4010330161878042,3.0714,9.1429,8.6429,10.5,19.7143,62.856429,0,0.0,0,0.0,0,0.0,0,0.0,0,0.0,0,0.0
1361,13,2.6639,,21.903957953819862,0.9038169934199408,2.9231,6.8462,8.7692,8.2308,25.0769,52.992308,0,0.0,0,0.0,0,0.0,0,0.0,0,0.0,0,0.0
0,13,2.6639,,16.49113523043119,0.6366539230713469,3.0,10.0,6.1538,8.0769,18.6923,53.846154,0,0.0,0,0.0,0,0.0,0,0.0,0,0.0,0,0.0
1205,13,2.6639,,0.4887019258279069,0.4028349220752708,3.0,8.0,9.2308,6.6154,13.7692,52.990769,0,0.0,0,0.0,0,0.0,0,0.0,0,0.0,0,0.0
0,13,2.6639,,54.054083163921646,0.4689628321390885,2.9231,11.0,8.1538,5.1538,16.3077,54.016923,0,0.0,0,0.0,0,0.0,0,0.0,0,0.0,0,0.0
0,13,2.6639,,0.7230124679895553,0.3257430333357592,3.0,8.0,8.4615,9.6154,17.6923,57.949231,0,0.0,0,0.0,0,0.0,0,0.0,0,0.0,0,0.0
1364,12,2.459,,51.081283728281655,1.910239279270173,3.0,10.5,7.1667,10.8333,16.0,63.333334,0,0.0,0,0.0,1,8.3333,0,0.0,0,0.0,0,0.0
0,12,2.459,,7.698882540067037,0.5241056953867284,3.0,10.0,8.5,8.6667,18.6667,60.370833,0,0.0,0,0.0,0,0.0,0,0.0,0,0.0,0,0.0
0,12,2.459,,6.262662172317505,0.5257749954859418,3.0,10.4167,7.9167,9.3333,24.0,61.481667,0,0.0,0,0.0,0,0.0,0,0.0,0,0.0,0,0.0
0,11,2.2541,,136.1394466053356,1.07856195081364,3.0,6.4545,8.2727,7.2727,17.3636,48.889091,0,0.0,0,0.0,0,0.0,0,0.0,0,0.0,0,0.0
1358,11,2.2541,,2.4932555393739184,0.4054362611337127,3.0,7.6364,7.2727,7.8182,22.1818,50.505455,0,0.0,0,0.0,0,0.0,0,0.0,0,0.0,0,0.0
0,11,2.2541,,12.522270506078549,1.0026730786670344,3.0909,9.6364,12.0,9.9091,22.5455,70.100909,0,0.0,0,0.0,0,0.0,0,0.0,0,0.0,0,0.0
818,11,2.2541,,6.681335709311745,0.5022278915752054,3.0,7.2727,7.0,7.3636,18.0,48.08,0,0.0,0,0.0,0,0.0,0,0.0,0,0.0,0,0.0
178,11,2.2541,,103.72092645818536,1.8230035955255677,3.0,8.7273,7.9091,7.1818,20.7273,52.929091,0,0.0,0,0.0,0,0.0,0,0.0,0,0.0,0,0.0
0,11,2.2541,,50.081306197426535,0.932092709974809,2.9091,8.6364,7.6364,10.8182,13.0,60.202727,0,0.0,0,0.0,0,0.0,0,0.0,0,0.0,0,0.0
0,11,2.2541,,9.20306751944802,0.5932300822301354,3.0909,9.4545,5.9091,5.6364,19.5455,46.667274,0,0.0,0,0.0,0,0.0,0,0.0,0,0.0,0,0.0
61,10,2.0492,,33.765142631530765,0.698527508974077,3.0,8.0,7.0,9.2,20.2,53.777,0,0.0,0,0.0,0,0.0,0,0.0,0,0.0,0,0.0
0,10,2.0492,,227.91708526611328,1.370257151126862,3.2,8.6,6.1,9.9,17.1,54.666,0,0.0,0,0.0,0,0.0,0,0.0,0,0.0,0,0.0
0,10,2.0492,,1.5007824063301078,0.471315583586693,3.0,6.3,8.8,5.4,15.3,45.556,0,0.0,0,0.0,0,0.0,0,0.0,0,0.0,0,0.0
0,10,2.0492,,3.3940446972846985,0.764302974939347,3.0,8.7,7.6,5.5,18.4,48.445,0,0.0,0,0.0,0,0.0,0,0.0,0,0.0,0,0.0
2246,10,2.0492,,13.055302810668945,0.7499135136604311,3.0,8.5,6.5,8.9,19.2,53.111,0,0.0,0,0.0,0,0.0,0,0.0,0,0.0,0,0.0
1259,9,1.8443,,3.6125381787618007,0.4826858010556977,2.8889,8.7778,7.5556,8.5556,19.1111,55.308888,0,0.0,0,0.0,0,0.0,0,0.0,0,0.0,0,0.0
73,9,1.8443,,35.21792772081163,1.0196852485338832,3.2222,7.8889,9.8889,6.4444,11.5556,53.825555,0,0.0,0,0.0,0,0.0,0,0.0,0,0.0,0,0.0
211,9,1.8443,,78.76903788248698,1.4590111705991975,3.0,7.4444,9.3333,6.6667,14.8889,52.10111,0,0.0,0,0.0,0,0.0,0,0.0,0,0.0,0,0.0
821,9,1.8443,,26.729518360561794,0.9965248372819688,3.1111,8.8889,9.5556,11.2222,22.4444,65.925556,0,0.0,0,0.0,0,0.0,0,0.0,0,0.0,0,0.0
0,9,1.8443,,5.677324851353965,0.5463971561855744,3.1111,6.2222,6.8889,7.0,17.7778,44.692222,0,0.0,0,0.0,0,0.0,0,0.0,0,0.0,0,0.0
1208,9,1.8443,,1.0125558177630123,0.6206491192181911,3.0,7.8889,8.5556,5.8889,12.0,49.628889,0,0.0,0,0.0,0,0.0,0,0.0,0,0.0,0,0.0
208,9,1.8443,,28.71619828542073,0.7189857628610389,3.0,8.6667,8.7778,7.7778,22.0,56.048889,0,0.0,0,0.0,0,0.0,0,0.0,0,0.0,0,0.0
0,9,1.8443,,12.151006645626492,0.5350241727299166,3.1111,6.5556,8.5556,8.7778,20.3333,53.086667,0,0.0,0,0.0,0,0.0,0,0.0,0,0.0,0,0.0
0,9,1.8443,,4.512328889634874,0.4250642359256733,3.0,6.7778,8.8889,3.2222,17.5556,41.975556,0,0.0,0,0.0,0,0.0,0,0.0,0,0.0,0,0.0
166,9,1.8443,,15.846193737453884,1.0815776718987349,2.8889,8.3333,10.1111,8.2222,20.2222,59.258889,0,0.0,0,0.0,0,0.0,0,0.0,0,0.0,0,0.0
0,9,1.8443,,11.30338700612386,0.7145134011904399,3.0,7.3333,9.2222,8.6667,16.3333,56.048889,0,0.0,0,0.0,0,0.0,0,0.0,0,0.0,0,0.0
0,9,1.8443,,13.700062036514284,0.6882159970700751,2.875,9.1111,7.5556,7.0,19.5556,52.592223,0,0.0,0,0.0,0,0.0,0,0.0,0,0.0,0,0.0
77,9,1.8443,,111.88123914930556,1.996599051687452,3.0,10.5556,9.4444,10.5556,15.7778,67.901111,0,0.0,0,0.0,0,0.0,0,0.0,0,0.0,0,0.0
0,9,1.8443,,9.472255653805204,0.3857619894875422,3.0,7.2222,7.2222,9.2222,14.4444,52.591111,0,0.0,0,0.0,0,0.0,0,0.0,0,0.0,0,0.0
0,9,1.8443,,13.97659969329834,0.7460113167762774,3.0,7.0,6.6667,8.5556,13.5556,49.382223,0,0.0,0,0.0,0,0.0,0,0.0,0,0.0,0,0.0
0,9,1.8443,,29.05497572157117,0.7962715691990321,3.0,9.8889,7.0,8.7778,19.7778,57.036667,0,0.0,0,0.0,0,0.0,0,0.0,0,0.0,0,0.0
0,9,1.8443,,6.083710114161174,0.28665607339806,3.0,9.8889,7.8889,6.2222,16.3333,53.332222,0,0.0,0,0.0,0,0.0,0,0.0,0,0.0,0,0.0
0,8,1.6393,,21.248963117599487,0.8573289699852463,2.75,8.25,9.5,7.5,18.125,56.11125,0,0.0,0,0.0,0,0.0,0,0.0,0,0.0,1,12.5
175,8,1.6393,,18.887597799301147,1.1003163754940024,3.0,8.5,6.875,6.125,15.25,47.777501,0,0.0,0,0.0,0,0.0,0,0.0,0,0.0,0,0.0
855,8,1.6393,,2.505992829799654,0.546507369726895,3.0,6.375,6.875,9.25,15.375,49.9975,0,0.0,0,0.0,0,0.0,0,0.0,0,0.0,0,0.0
0,8,1.6393,,0.8334711715579025,0.2728482652455575,3.0,4.625,10.375,3.875,16.875,41.945,0,0.0,0,0.0,0,0.0,0,0.0,0,0.0,0,0.0
809,8,1.6393,,20.41636610031128,0.8096323013305651,2.875,10.0,10.25,12.25,19.875,72.221251,0,0.0,0,0.0,0,0.0,0,0.0,0,0.0,0,0.0
694,8,1.6393,,352.6738681793213,2.2744950056076063,3.0,7.25,9.125,5.5,9.5,48.610001,0,0.0,0,0.0,0,0.0,0,0.0,0,0.0,0,0.0
0,8,1.6393,,7.516058564186096,0.395555432885885,3.0,7.75,7.375,8.0,16.125,51.388751,0,0.0,0,0.0,0,0.0,0,0.0,0,0.0,0,0.0
0,8,1.6393,,20.78182888031006,0.4368236660957337,2.875,10.25,6.375,7.5,19.875,53.61125,0,0.0,0,0.0,0,0.0,0,0.0,0,0.0,0,0.0
0,8,1.6393,,91.1062126159668,1.2742208540439626,3.0,10.375,9.5,6.0,19.25,57.5,0,0.0,0,0.0,0,0.0,0,0.0,0,0.0,0,0.0
1667,8,1.6393,,20.41340672969818,0.4816685803234563,3.0,9.375,8.625,7.375,15.5,56.39,0,0.0,0,0.0,0,0.0,0,0.0,0,0.0,0,0.0
0,8,1.6393,,202.81712913513184,2.077292799949645,3.0,9.25,6.875,7.625,16.0,52.778749,0,0.0,0,0.0,0,0.0,0,0.0,0,0.0,0,0.0
120,8,1.6393,,3.639013856649399,0.2096030954271562,3.0,8.75,9.125,7.5,17.625,56.386251,0,0.0,0,0.0,0,0.0,0,0.0,0,0.0,0,0.0
0,7,1.4344,,7.2074574742998365,0.3694475420883714,3.0,9.8571,8.7143,6.0,21.1429,54.604286,0,0.0,0,0.0,0,0.0,0,0.0,0,0.0,0,0.0
697,7,1.4344,,6.705674443926128,1.943918824195863,2.8571,4.5714,9.8571,10.7143,18.4286,55.872858,0,0.0,0,0.0,0,0.0,0,0.0,0,0.0,0,0.0
2788,7,1.4344,,3.434435044016157,0.4664435854979928,2.7143,8.7143,7.5714,8.8571,19.8571,55.872858,0,0.0,0,0.0,0,0.0,0,0.0,0,0.0,0,0.0
119,7,1.4344,,3.660103831972396,0.2127869256905142,3.2857,8.5714,7.8571,7.8571,14.5714,53.967143,0,0.0,0,0.0,0,0.0,0,0.0,0,0.0,0,0.0
187,7,1.4344,,95.3767444065639,1.7063552141189586,3.0,7.0,4.4286,7.4286,14.7143,41.904286,0,0.0,0,0.0,0,0.0,0,0.0,0,0.0,0,0.0
0,7,1.4344,,17.807480675833567,0.7890733225004986,3.0,9.2857,9.5714,5.1429,12.0,53.332858,0,0.0,0,0.0,0,0.0,0,0.0,0,0.0,0,0.0
169,7,1.4344,,97.81367928641184,1.8938284260886056,3.0,10.2857,8.1429,8.1429,22.5714,59.05,0,0.0,0,0.0,0,0.0,0,0.0,0,0.0,0,0.0
2336,7,1.4344,,26.93704768589565,0.8461126685142515,3.0,7.2857,8.1429,3.1429,17.4286,41.268571,0,0.0,0,0.0,0,0.0,0,0.0,0,0.0,0,0.0
688,7,1.4344,,9.723330565861293,0.3848980878080643,3.0,9.2857,10.1429,10.2857,16.1429,66.032857,0,0.0,0,0.0,0,0.0,0,0.0,0,0.0,0,0.0
172,6,1.2295,,7.924996296564738,0.5936559637387583,2.8333,7.6667,7.8333,7.1667,16.5,50.37,0,0.0,0,0.0,0,0.0,0,0.0,0,0.0,0,0.0
1670,6,1.2295,,28.22487751642863,0.912984122832615,2.8333,6.5,6.3333,7.1667,12.5,44.445001,0,0.0,0,0.0,0,0.0,0,0.0,0,0.0,0,0.0
0,6,1.2295,,10.125921169916788,0.6521579076846434,3.0,9.3333,6.6667,6.1667,14.0,49.26,0,0.0,0,0.0,0,0.0,0,0.0,0,0.0,0,0.0
0,6,1.2295,,0.1975234349568683,0.1007441394031033,3.0,6.6667,7.8333,8.6667,16.3333,51.480001,0,0.0,0,0.0,0,0.0,0,0.0,0,0.0,0,0.0
947,6,1.2295,,30.027321179707844,0.4644442001978566,3.0,6.8333,6.5,6.1667,22.3333,43.335,0,0.0,0,0.0,0,0.0,0,0.0,0,0.0,0,0.0
0,6,1.2295,,37.82611211140951,1.4085873166720082,3.0,7.8333,6.5,7.8333,13.5,49.258333,0,0.0,0,0.0,0,0.0,0,0.0,0,0.0,0,0.0
864,6,1.2295,,59.38389937082926,1.4758258263270063,3.0,12.3333,11.6667,10.1667,18.8333,75.926666,0,0.0,0,0.0,0,0.0,0,0.0,0,0.0,0,0.0
945,6,1.2295,,17.759652614593506,0.4004308183987933,3.1667,10.3333,8.5,8.0,18.8333,59.629999,0,0.0,0,0.0,0,0.0,0,0.0,0,0.0,0,0.0
610,6,1.2295,,51.07404390970866,0.4116469671328882,3.0,7.5,9.5,6.1667,11.1667,51.48,0,0.0,0,0.0,0,0.0,0,0.0,0,0.0,0,0.0
118,5,1.0246,,3.749653196334838,0.2038713783025759,3.2,8.2,8.2,5.0,16.6,47.555999,0,0.0,0,0.0,0,0.0,0,0.0,0,0.0,0,0.0
0,5,1.0246,,11.475743198394776,0.617104279994964,3.0,8.4,11.0,9.4,18.4,63.998,0,0.0,0,0.0,0,0.0,0,0.0,0,0.0,0,0.0
64,5,1.0246,,4.407070779800415,0.402920067310332,3.0,3.0,8.0,9.4,23.2,45.334,0,0.0,0,0.0,0,0.0,0,0.0,0,0.0,0,0.0
0,5,1.0246,,11.6196683883667,0.70069124698639,3.0,8.0,8.0,10.0,18.8,57.776,0,0.0,0,0.0,0,0.0,0,0.0,0,0.0,0,0.0
0,5,1.0246,,83.07303886413574,1.595969998836518,2.6,7.2,6.8,10.2,16.6,53.776001,0,0.0,0,0.0,0,0.0,0,0.0,0,0.0,0,0.0
0,5,1.0246,,23.38587760925293,0.795427894592286,3.0,9.4,6.4,8.8,18.4,54.666,0,0.0,0,0.0,0,0.0,0,0.0,0,0.0,0,0.0
1604,5,1.0246,,135.53416290283204,1.330000329017642,3.0,8.8,9.4,7.6,18.6,57.332,0,0.0,0,0.0,0,0.0,0,0.0,0,0.0,0,0.0
0,5,1.0246,,1.706191468238832,0.418805968761444,2.8,7.8,6.2,5.8,17.6,43.998,0,0.0,0,0.0,0,0.0,0,0.0,0,0.0,0,0.0
833,5,1.0246,,10.2889009475708,0.5677541851997361,3.0,10.8,6.0,7.0,19.0,52.888,0,0.0,0,0.0,0,0.0,0,0.0,0,0.0,0,0.0
2338,5,1.0246,,45.50877456665039,0.796973288059234,2.8,8.4,7.8,7.8,11.8,53.332,0,0.0,0,0.0,0,0.0,0,0.0,0,0.0,0,0.0
0,5,1.0246,,3.634293174743653,0.386685174703598,3.0,8.2,4.2,10.6,15.8,51.112,0,0.0,0,0.0,0,0.0,0,0.0,0,0.0,0,0.0
0,5,1.0246,,42.35398864746094,1.351791763305664,3.2,5.8,10.0,8.0,21.6,52.888,0,0.0,0,0.0,0,0.0,0,0.0,0,0.0,0,0.0
181,5,1.0246,,8.53647527694702,0.48453285098076,3.0,7.4,7.2,8.4,14.0,51.110001,0,0.0,0,0.0,0,0.0,0,0.0,0,0.0,0,0.0
0,5,1.0246,,35.70176467895508,1.9079423904418935,3.0,7.8,8.6,10.2,18.8,59.11,0,0.0,0,0.0,0,0.0,0,0.0,0,0.0,0,0.0
66,5,1.0246,,38.6017147064209,1.2194782972335818,3.0,9.2,6.8,6.0,17.4,48.89,0,0.0,0,0.0,0,0.0,0,0.0,0,0.0,0,0.0
824,5,1.0246,,47.41341552734375,1.077525067329408,3.0,6.6,10.4,8.2,17.8,56.000001,0,0.0,0,0.0,0,0.0,0,0.0,0,0.0,0,0.0
0,5,1.0246,,1.8762603759765617,0.2787388920784,3.0,9.0,9.2,9.6,14.6,61.78,0,0.0,0,0.0,0,0.0,0,0.0,0,0.0,0,0.0
0,5,1.0246,,10.02689056396484,0.655749022960662,3.2,5.8,8.2,4.4,15.6,40.888,0,0.0,0,0.0,0,0.0,0,0.0,0,0.0,0,0.0
664,5,1.0246,,4.148584127426148,0.732632493972776,3.0,7.6,6.8,6.0,21.6,45.334,0,0.0,0,0.0,0,0.0,0,0.0,0,0.0,0,0.0
0,5,1.0246,,5.088882112503052,0.5011107265949241,3.0,8.0,9.0,9.0,17.0,57.778,0,0.0,0,0.0,0,0.0,0,0.0,0,0.0,0,0.0
0,5,1.0246,,3.29817328453064,0.334825259447098,3.0,10.6,6.4,9.8,15.6,59.556,0,0.0,0,0.0,0,0.0,0,0.0,0,0.0,0,0.0
0,5,1.0246,,48.055144500732425,1.3190996885299662,3.0,8.6,6.4,8.2,15.2,51.556001,0,0.0,0,0.0,0,0.0,0,0.0,0,0.0,0,0.0
0,5,1.0246,,9.21896629333496,0.52316786646843,3.0,8.8,5.4,6.0,16.2,44.888,0,0.0,0,0.0,0,0.0,0,0.0,0,0.0,0,0.0
0,5,1.0246,,3.335187530517578,0.4115295052528379,3.0,8.4,10.0,7.2,8.2,56.888001,0,0.0,0,0.0,0,0.0,0,0.0,0,0.0,0,0.0
0,5,1.0246,,73.77603149414062,0.8427671074867259,3.0,8.4,7.2,4.2,13.6,44.0,0,0.0,0,0.0,1,20.0,0,0.0,0,0.0,0,0.0
0,4,0.8197,,5.952557265758513,0.7974311113357525,3.0,6.5,4.5,7.0,23.0,40.0,0,0.0,0,0.0,0,0.0,0,0.0,0,0.0,0,0.0
0,4,0.8197,,5.0071516036987305,0.3784408047795274,3.0,8.25,7.25,9.75,27.25,56.110001,0,0.0,0,0.0,0,0.0,0,0.0,0,0.0,0,0.0
0,4,0.8197,,19.59993696212769,0.7201475948095325,3.0,8.25,6.75,9.75,13.75,55.000001,0,0.0,0,0.0,0,0.0,0,0.0,0,0.0,0,0.0
0,4,0.8197,,6.497071862220765,0.4421313852071724,3.0,7.75,8.75,5.25,13.5,48.335,0,0.0,0,0.0,0,0.0,0,0.0,0,0.0,0,0.0
815,4,0.8197,,132.7942657470703,1.6516361832618724,3.0,11.5,10.75,8.5,28.25,68.3325,0,0.0,0,0.0,0,0.0,0,0.0,0,0.0,0,0.0
0,4,0.8197,,44.83284854888916,1.256912261247635,3.0,8.25,9.0,7.0,17.25,53.887501,0,0.0,0,0.0,0,0.0,0,0.0,0,0.0,0,0.0
0,4,0.8197,,44.05673885345459,1.5848047137260424,3.0,4.5,11.5,8.75,13.5,55.0,0,0.0,0,0.0,0,0.0,0,0.0,0,0.0,0,0.0
914,4,0.8197,,12.384619474411013,0.6956003904342625,3.0,8.25,9.75,5.25,10.5,51.665,0,0.0,0,0.0,0,0.0,0,0.0,0,0.0,0,0.0
0,4,0.8197,,54.49175548553467,1.5886867046356226,3.0,9.0,7.25,8.25,15.25,54.445001,0,0.0,0,0.0,0,0.0,0,0.0,0,0.0,0,0.0
75,4,0.8197,,39.31128549575806,1.280837446451185,3.0,4.25,5.75,8.0,22.75,39.997501,0,0.0,0,0.0,0,0.0,0,0.0,0,0.0,0,0.0
322,4,0.8197,,300.20597410202026,2.7563551962375628,3.0,7.75,4.25,10.25,16.75,49.445,0,0.0,0,0.0,0,0.0,0,0.0,0,0.0,0,0.0
0,4,0.8197,,1.0424136519432077,0.584603786468505,3.0,9.5,9.0,5.75,7.0,53.8875,0,0.0,0,0.0,0,0.0,0,0.0,0,0.0,0,0.0
0,4,0.8197,,4.031096398830416,0.4471001625061025,3.0,5.0,7.75,7.75,14.75,45.555001,0,0.0,0,0.0,0,0.0,0,0.0,0,0.0,0,0.0
0,4,0.8197,,28.9197096824646,1.0849749594926823,3.0,12.75,8.75,8.25,15.0,66.110001,0,0.0,0,0.0,0,0.0,0,0.0,0,0.0,0,0.0
0,4,0.8197,,29.673473358154297,0.9146325290203074,3.25,11.0,3.75,7.0,21.75,48.335001,0,0.0,0,0.0,0,0.0,0,0.0,0,0.0,0,0.0
1256,4,0.8197,,47.3426570892334,1.4005847573280326,3.0,10.25,13.0,8.5,21.75,70.5575,0,0.0,0,0.0,0,0.0,0,0.0,0,0.0,0,0.0
640,4,0.8197,,24.55933880805969,0.98628881573677,2.75,5.5,9.0,7.0,13.5,47.7775,0,0.0,0,0.0,0,0.0,0,0.0,0,0.0,0,0.0
2582,4,0.8197,,51.46466636657715,1.403118312358855,3.25,8.0,6.0,6.5,19.5,45.555,0,0.0,0,0.0,0,0.0,0,0.0,0,0.0,0,0.0
205,4,0.8197,,7.315658330917357,0.406880415976045,3.0,5.25,6.5,6.75,20.75,41.115,0,0.0,0,0.0,0,0.0,0,0.0,0,0.0,0,0.0
0,4,0.8197,,9.83894968032837,0.65093369781971,3.25,6.75,8.25,9.5,19.25,54.445001,0,0.0,0,0.0,0,0.0,0,0.0,0,0.0,0,0.0
0,4,0.8197,,22.51763343811035,0.654985159635545,3.0,8.75,7.75,5.25,16.5,48.334999,0,0.0,0,0.0,0,0.0,0,0.0,0,0.0,0,0.0
812,4,0.8197,,75.1090030670166,1.5247420966625225,3.0,11.25,9.0,10.25,19.0,67.775002,0,0.0,0,0.0,0,0.0,0,0.0,0,0.0,0,0.0
0,4,0.8197,,18.262157917022705,1.2992960512638074,3.0,5.25,12.0,5.0,18.75,49.4425,0,0.0,0,0.0,0,0.0,0,0.0,0,0.0,0,0.0
1011,3,0.6148,,31.89111709594727,1.00709863503774,3.0,2.3333,9.6667,8.6667,18.3333,45.926666,0,0.0,0,0.0,0,0.0,0,0.0,0,0.0,0,0.0
827,3,0.6148,,16.153958320617676,0.5203434824943532,3.0,5.0,6.6667,7.6667,8.6667,42.963333,0,0.0,0,0.0,0,0.0,0,0.0,0,0.0,0,0.0
613,3,0.6148,,102.20050303141277,1.4603102207183831,3.0,7.6667,8.6667,8.6667,17.6667,55.556666,0,0.0,0,0.0,0,0.0,0,0.0,0,0.0,0,0.0
861,3,0.6148,,21.124724706014,0.7057208617528267,3.0,7.3333,13.0,11.3333,21.0,70.37,0,0.0,0,0.0,0,0.0,0,0.0,0,0.0,0,0.0
1799,3,0.6148,,70.04993184407552,1.31105391184489,3.0,6.3333,13.6667,9.3333,17.6667,65.186665,0,0.0,0,0.0,0,0.0,0,0.0,0,0.0,0,0.0
8,3,0.6148,,4.214865763982137,0.5032829940319034,3.0,6.6667,3.6667,7.6667,9.3333,40.0,0,0.0,0,0.0,0,0.0,0,0.0,0,0.0,0,0.0
0,3,0.6148,,24.968249638875324,0.5726085503896067,3.0,10.3333,6.3333,10.6667,22.0,60.743332,0,0.0,0,0.0,0,0.0,0,0.0,0,0.0,0,0.0
0,3,0.6148,,34.248443603515625,1.090726375579833,3.0,9.0,11.6667,9.3333,17.0,66.666667,0,0.0,0,0.0,0,0.0,0,0.0,0,0.0,0,0.0
0,3,0.6148,,1.5851148168245934,0.3063718428214366,3.0,7.6667,10.6667,9.3333,9.0,61.480001,0,0.0,0,0.0,0,0.0,0,0.0,0,0.0,0,0.0
0,3,0.6148,,66.97707748413086,1.2151479721069334,3.0,6.0,10.3333,5.0,15.6667,47.406667,0,0.0,0,0.0,0,0.0,0,0.0,0,0.0,0,0.0
0,3,0.6148,,37.71345456441244,0.6817498008410166,3.0,11.3333,7.3333,9.6667,12.0,62.963333,0,0.0,0,0.0,0,0.0,0,0.0,0,0.0,0,0.0
691,3,0.6148,,100.4350814819336,1.10081171989441,3.0,6.3333,1.6667,10.3333,24.0,40.740001,0,0.0,0,0.0,0,0.0,0,0.0,0,0.0,0,0.0
1253,3,0.6148,,3.8580179214477535,0.4611546794573467,2.6667,11.0,8.3333,12.0,13.6667,69.63,0,0.0,0,0.0,0,0.0,0,0.0,0,0.0,0,0.0
1047,3,0.6148,,10.702724297841383,0.5110275348027533,3.0,8.6667,7.0,6.3333,18.3333,48.890001,0,0.0,0,0.0,0,0.0,0,0.0,0,0.0,0,0.0
74,3,0.6148,,41.64486821492513,0.69254000981649,3.0,11.0,9.3333,8.6667,10.0,64.446666,0,0.0,0,0.0,0,0.0,0,0.0,0,0.0,0,0.0
917,3,0.6148,,31.854270935058597,1.64774262905121,3.0,3.0,10.6667,6.6667,10.6667,45.183332,0,0.0,0,0.0,0,0.0,0,0.0,0,0.0,0,0.0
0,3,0.6148,,69.55699284871419,1.0332783063252766,3.0,6.3333,7.0,5.6667,23.0,42.223333,0,0.0,0,0.0,0,0.0,0,0.0,0,0.0,0,0.0
241,3,0.6148,,50.80845514933268,1.1819174289703398,3.0,8.3333,6.3333,6.6667,26.0,47.406668,0,0.0,0,0.0,0,0.0,0,0.0,0,0.0,0,0.0
184,3,0.6148,,25.97026189168294,1.10089377562205,3.0,5.6667,8.6667,9.6667,19.0,53.333333,0,0.0,0,0.0,0,0.0,0,0.0,0,0.0,0,0.0
0,3,0.6148,,1.45605226357778,0.4996804296970367,3.6667,6.0,9.6667,8.6667,24.3333,54.076667,0,0.0,0,0.0,0,0.0,0,0.0,0,0.0,0,0.0
0,3,0.6148,,12.666823387145996,0.6480438709259034,3.0,6.6667,8.3333,5.6667,20.3333,45.926666,0,0.0,0,0.0,0,0.0,0,0.0,0,0.0,0,0.0
304,3,0.6148,,23.354175567626957,1.0230635007222502,3.0,7.0,4.0,5.6667,18.6667,37.036667,0,0.0,0,0.0,0,0.0,0,0.0,0,0.0,0,0.0
0,3,0.6148,,31.202279408772785,0.86524075269699,3.0,4.3333,12.3333,7.3333,22.3333,53.333333,0,0.0,0,0.0,0,0.0,0,0.0,0,0.0,0,0.0
713,3,0.6148,,54.69922765096029,1.6000348726908369,3.0,8.3333,11.0,10.6667,17.0,66.666667,0,0.0,0,0.0,0,0.0,0,0.0,0,0.0,0,0.0
277,3,0.6148,,56.427207946777344,1.5986400047938032,3.0,10.6667,7.0,12.0,13.3333,65.926666,0,0.0,0,0.0,0,0.0,0,0.0,0,0.0,0,0.0
1796,3,0.6148,,10.51051425933838,0.7404835621515934,3.0,9.6667,9.3333,10.6667,19.6667,65.926668,0,0.0,0,0.0,1,33.3333,0,0.0,0,0.0,0,0.0
310,2,0.4098,,49.24271202087402,1.4691458344459551,3.0,3.0,8.5,6.0,12.5,38.89,0,0.0,0,0.0,0,0.0,0,0.0,0,0.0,0,0.0
0,2,0.4098,,9.36479902267456,0.418437361717225,3.0,6.5,9.0,8.5,16.5,53.330002,0,0.0,0,0.0,0,0.0,0,0.0,0,0.0,0,0.0
0,2,0.4098,,30.63698673248291,0.78212958574295,3.0,4.0,9.5,11.0,10.5,54.440001,0,0.0,0,0.0,0,0.0,0,0.0,0,0.0,0,0.0
740,2,0.4098,,4.544647455215455,0.322260931134225,3.0,6.0,11.0,6.0,27.0,51.110001,0,0.0,0,0.0,0,0.0,0,0.0,0,0.0,0,0.0
271,2,0.4098,,22.838513374328613,1.246531069278715,3.0,11.0,14.0,7.0,19.0,71.110001,0,0.0,0,0.0,0,0.0,0,0.0,0,0.0,0,0.0
0,2,0.4098,,57.50061798095703,1.445667564868925,3.0,10.0,8.5,10.0,13.5,63.334999,0,0.0,0,0.0,0,0.0,0,0.0,0,0.0,0,0.0
268,2,0.4098,,5.528703927993774,0.61935770511627,3.0,7.5,12.0,5.5,27.5,55.559999,0,0.0,0,0.0,0,0.0,0,0.0,0,0.0,0,0.0
888,2,0.4098,,46.01243782043457,0.803620666265485,3.0,14.0,2.5,12.5,5.5,64.440002,0,0.0,0,0.0,0,0.0,0,0.0,0,0.0,0,0.0
1442,2,0.4098,,17.87817335128784,0.6698751449585,3.0,11.5,12.0,9.0,18.0,72.220001,0,0.0,0,0.0,0,0.0,0,0.0,0,0.0,0,0.0
0,2,0.4098,,48.15752029418945,0.8645445704460151,3.0,10.0,7.0,6.0,18.5,51.110001,0,0.0,0,0.0,0,0.0,0,0.0,0,0.0,0,0.0
0,2,0.4098,,11.105208396911625,0.97150442004204,3.0,3.5,13.5,4.0,16.0,46.669999,0,0.0,0,0.0,0,0.0,0,0.0,0,0.0,0,0.0
0,2,0.4098,,20.658390045166016,0.851965993642805,2.5,4.5,1.5,8.5,9.0,32.224999,0,0.0,0,0.0,0,0.0,0,0.0,0,0.0,0,0.0
0,2,0.4098,,33.986395835876465,0.7107510566711399,3.0,1.0,10.5,11.0,6.5,50.0,0,0.0,0,0.0,0,0.0,0,0.0,0,0.0,0,0.0
238,2,0.4098,,22.452095985412598,0.97345119714737,3.0,10.0,14.0,14.0,11.0,84.445,0,0.0,0,0.0,0,0.0,0,0.0,0,0.0,0,0.0
196,2,0.4098,,253.97134399414065,2.43159294128418,3.0,11.5,5.5,4.5,16.0,47.775002,0,0.0,0,0.0,0,0.0,0,0.0,0,0.0,0,0.0
0,2,0.4098,,11.655534744262695,1.433837950229645,3.0,5.5,10.5,9.5,15.5,56.665001,0,0.0,0,0.0,0,0.0,0,0.0,0,0.0,0,0.0
0,2,0.4098,,16.603693962097164,0.594431579113005,3.0,9.5,9.5,4.0,24.0,51.110001,0,0.0,0,0.0,0,0.0,0,0.0,0,0.0,0,0.0
16,2,0.4098,,5.31806015968323,0.5327020436525349,3.0,5.5,7.5,8.5,17.0,47.78,0,0.0,0,0.0,0,0.0,0,0.0,0,0.0,0,0.0
670,2,0.4098,,19.52847003936768,1.82650971412659,3.0,14.0,6.5,10.5,25.5,68.885002,0,0.0,0,0.0,0,0.0,0,0.0,0,0.0,0,0.0
256,2,0.4098,,231.162712097168,6.2481894493103,3.0,6.5,0.0,9.5,7.0,35.560001,0,0.0,0,0.0,0,0.0,0,0.0,0,0.0,0,0.0
190,2,0.4098,,4.59361732006073,2.069941699504855,3.5,6.0,8.0,12.5,10.0,58.889999,0,0.0,0,0.0,0,0.0,0,0.0,0,0.0,0,0.0
0,2,0.4098,,8.75488114356995,0.596740663051605,3.0,8.5,5.5,9.5,15.5,52.225,0,0.0,0,0.0,0,0.0,0,0.0,0,0.0,0,0.0
31,2,0.4098,,0.741501122713085,0.29006487876177,3.0,7.5,11.5,10.0,12.0,64.445,0,0.0,0,0.0,0,0.0,0,0.0,0,0.0,0,0.0
0,2,0.4098,,118.94318771362305,1.9678413271904,3.0,5.0,4.0,6.5,11.0,34.445001,0,0.0,0,0.0,0,0.0,0,0.0,0,0.0,0,0.0
0,2,0.4098,,61.656959533691406,0.86847949028015,3.0,5.5,13.0,7.5,15.5,57.775,0,0.0,0,0.0,0,0.0,0,0.0,0,0.0,0,0.0
0,1,0.2049,,2.7196485996246302,0.23018819093704,3.0,2.0,10.0,14.0,5.0,57.779999,0,0.0,0,0.0,0,0.0,0,0.0,0,0.0,0,0.0
0,1,0.2049,,145.1702117919922,1.91951012611389,3.0,5.0,10.0,13.0,16.0,62.220001,0,0.0,0,0.0,0,0.0,0,0.0,0,0.0,0,0.0
0,1,0.2049,,2.80423736572266,0.25710508227348,3.0,14.0,10.0,5.0,34.0,64.440002,0,0.0,0,0.0,0,0.0,0,0.0,0,0.0,0,0.0
0,1,0.2049,,44.86253356933594,1.17589342594147,3.0,10.0,10.0,14.0,17.0,75.559998,0,0.0,0,0.0,0,0.0,0,0.0,0,0.0,0,0.0
0,1,0.2049,,21.56160163879395,0.71709966659546,3.0,6.0,14.0,13.0,26.0,73.330002,0,0.0,0,0.0,0,0.0,0,0.0,0,0.0,0,0.0
891,1,0.2049,,443.2256164550781,2.26068162918091,3.0,3.0,9.0,6.0,12.0,40.0,0,0.0,0,0.0,0,0.0,0,0.0,0,0.0,0,0.0
1050,1,0.2049,,56.17757415771484,1.28953516483307,3.0,8.0,6.0,13.0,18.0,60.0,0,0.0,0,0.0,0,0.0,0,0.0,0,0.0,0,0.0
1211,1,0.2049,,2.37297677993774,0.69961547851562,3.0,11.0,9.0,5.0,14.0,55.560001,0,0.0,0,0.0,0,0.0,0,0.0,0,0.0,0,0.0
0,1,0.2049,,8.38529014587402,0.57158160209656,3.0,7.0,11.0,13.0,2.0,68.889999,0,0.0,0,0.0,0,0.0,0,0.0,0,0.0,0,0.0
1295,1,0.2049,,40.82190704345703,1.40679395198822,3.0,0.0,8.0,12.0,25.0,44.439999,0,0.0,0,0.0,0,0.0,0,0.0,0,0.0,0,0.0
1601,1,0.2049,,75.36795043945312,1.06754517555237,3.0,8.0,10.0,1.0,29.0,42.220001,0,0.0,0,0.0,0,0.0,0,0.0,0,0.0,0,0.0
235,1,0.2049,,3.36503314971924,0.32013887166977,2.0,7.0,13.0,1.0,20.0,46.669998,0,0.0,0,0.0,0,0.0,0,0.0,0,0.0,0,0.0
0,1,0.2049,,10.40718936920166,0.71183776855469,3.0,6.0,9.0,14.0,7.0,64.440002,0,0.0,0,0.0,0,0.0,0,0.0,0,0.0,0,0.0
0,1,0.2049,,56.65243911743164,1.45138025283813,3.0,6.0,14.0,2.0,30.0,48.889999,0,0.0,0,0.0,0,0.0,0,0.0,0,0.0,0,0.0
0,1,0.2049,,38.35624313354492,1.1655330657959,3.0,1.0,4.0,11.0,21.0,35.560001,0,0.0,0,0.0,0,0.0,0,0.0,0,0.0,0,0.0
0,1,0.2049,,2.85433292388916,0.36796903610229,3.0,11.0,0.0,9.0,11.0,44.439999,0,0.0,0,0.0,0,0.0,0,0.0,0,0.0,0,0.0
63,1,0.2049,,,,3.0,3.0,10.0,4.0,7.0,37.779999,0,0.0,0,0.0,0,0.0,0,0.0,0,0.0,0,0.0
1014,1,0.2049,,131.30349731445312,1.99594151973724,3.0,2.0,6.0,6.0,9.0,31.110001,0,0.0,0,0.0,0,0.0,0,0.0,0,0.0,0,0.0
667,1,0.2049,,4.80646562576294,0.91256779432297,3.0,13.0,10.0,5.0,29.0,62.220001,0,0.0,0,0.0,0,0.0,0,0.0,0,0.0,0,0.0
11,1,0.2049,,2.22565746307373,0.39224538207054,3.0,11.0,13.0,8.0,10.0,71.110001,0,0.0,0,0.0,0,0.0,0,0.0,0,0.0,0,0.0
14,1,0.2049,,4.89192342758179,0.45151177048683,3.0,7.0,0.0,15.0,21.0,48.889999,0,0.0,0,0.0,0,0.0,0,0.0,0,0.0,0,0.0
1448,1,0.2049,,67.95791625976562,1.19051682949066,3.0,15.0,8.0,11.0,18.0,75.559998,0,0.0,0,0.0,0,0.0,0,0.0,0,0.0,0,0.0
193,1,0.2049,,13.33306789398193,3.4311192035675,3.0,3.0,13.0,15.0,22.0,68.889999,0,0.0,0,0.0,0,0.0,0,0.0,0,0.0,0,0.0
15,1,0.2049,,6.19713497161865,0.55120956897736,3.0,11.0,9.0,5.0,9.0,55.560001,0,0.0,0,0.0,0,0.0,0,0.0,0,0.0,0,0.0
30,1,0.2049,,0.63511395454407,0.26370456814766,3.0,11.0,10.0,10.0,9.0,68.889999,0,0.0,0,0.0,0,0.0,0,0.0,0,0.0,0,0.0
1104,1,0.2049,,17.77298927307129,0.62413448095322,3.0,1.0,2.0,5.0,21.0,17.780001,0,0.0,0,0.0,0,0.0,0,0.0,0,0.0,0,0.0
10,1,0.2049,,8.49833106994629,0.65320712327957,4.0,14.0,8.0,11.0,29.0,73.330002,0,0.0,0,0.0,0,0.0,0,0.0,0,0.0,0,0.0
0,1,0.2049,,49.181884765625,0.61344653367996,3.0,7.0,4.0,5.0,30.0,35.560001,0,0.0,0,0.0,0,0.0,0,0.0,0,0.0,0,0.0
46,1,0.2049,,4.76770496368408,0.30210953950882,3.0,15.0,2.0,6.0,5.0,51.110001,0,0.0,0,0.0,0,0.0,0,0.0,0,0.0,0,0.0
0,1,0.2049,,16.65722274780273,0.72378468513489,3.0,15.0,12.0,9.0,4.0,80.0,0,0.0,0,0.0,0,0.0,0,0.0,0,0.0,0,0.0
0,1,0.2049,,21.69783401489258,0.86235892772675,3.0,4.0,14.0,5.0,29.0,51.110001,0,0.0,0,0.0,0,0.0,0,0.0,0,0.0,0,0.0
253,1,0.2049,,5.63257074356079,0.75215071439743,3.0,5.0,7.0,13.0,13.0,55.560001,0,0.0,0,0.0,0,0.0,0,0.0,0,0.0,0,0.0
0,1,0.2049,,58.08448791503906,1.40831303596497,4.0,11.0,15.0,7.0,23.0,73.330002,0,0.0,0,0.0,0,0.0,0,0.0,0,0.0,0,0.0
0,1,0.2049,,19.06762886047363,0.59094524383545,3.0,15.0,0.0,8.0,22.0,51.110001,0,0.0,0,0.0,0,0.0,0,0.0,0,0.0,0,0.0
700,1,0.2049,,81.67156219482422,4.0827465057373,3.0,0.0,12.0,8.0,26.0,44.439999,0,0.0,0,0.0,0,0.0,0,0.0,0,0.0,0,0.0
1110,1,0.2049,,72.73289489746094,2.14253950119019,3.0,8.0,3.0,10.0,15.0,46.669998,0,0.0,0,0.0,0,0.0,0,0.0,0,0.0,0,0.0
0,1,0.2049,,8.0158052444458,0.47378122806549,3.0,0.0,11.0,12.0,26.0,51.110001,0,0.0,0,0.0,0,0.0,0,0.0,0,0.0,0,0.0
0,1,0.2049,,11.60895919799805,0.46613591909409,3.0,4.0,3.0,9.0,11.0,35.560001,0,0.0,0,0.0,0,0.0,0,0.0,0,0.0,0,0.0
