"pokemon_id"	"form"	"count_poke"	"percentage"	"avg_weight"	"avg_height"	"avg_size"	"avg_atk"	"avg_def"	"avg_sta"	"avg_level"	"avg_iv"	"avg_lat"	"avg_lon"	"iv_100"	"iv100_percentage"	"iv_0"	"iv0_percentage"	"shinies"	"shiny_odds"	"little_top_1"	"little_top1_percentage"	"great_top_1"	"great_top1_percentage"	"ultra_top_1"	"ultra_top1_percentage"
"109"	"703"	"13656"	"2.8341"	"1.029440071119042300"	"0.601728933389661800"	"3.0029"	"8.9855"	"8.9130"	"8.9176"	"19.0565"	"59.591432"	"40.638004895436744000"	"-8.643604412739178000"	"7"	"0.0513"	"0"	"0.0000"	"22"	"0.1611"	"1"	"0.0073"	"0"	"0.0000"	"11"	"0.0806"
"453"	"0"	"13440"	"2.7893"	"23.587328949312667000"	"0.699271318465471300"	"2.9986"	"8.9610"	"8.9917"	"8.9263"	"19.1411"	"59.731115"	"40.637636566014024000"	"-8.639253720500884000"	"4"	"0.0298"	"0"	"0.0000"	"26"	"0.1935"	"0"	"0.0000"	"0"	"0.0000"	"1"	"0.0074"
"915"	"0"	"13118"	"2.7225"	"10.413297955741054000"	"0.498962637810201400"	"2.9986"	"8.0017"	"8.0048"	"8.1357"	"16.9408"	"53.649308"	"40.637610935534250000"	"-8.639608274092632000"	"1"	"0.0076"	"0"	"0.0000"	"29"	"0.2211"	"4"	"0.0305"	"3"	"0.0229"	"4"	"0.0305"
"427"	"0"	"12059"	"2.5027"	"5.668834435074382000"	"0.401425315490104200"	"3.0040"	"7.5981"	"7.7240"	"7.6234"	"15.8787"	"50.990052"	"40.637890343908470000"	"-8.638022013013906000"	"5"	"0.0415"	"2"	"0.0166"	"24"	"0.1990"	"6"	"0.0498"	"8"	"0.0663"	"5"	"0.0415"
"194"	"1226"	"11976"	"2.4855"	"8.697858734688904000"	"0.409453776121239500"	"2.9976"	"7.8103"	"7.8991"	"7.7866"	"16.3894"	"52.213297"	"40.637806486656615000"	"-8.639528613967437000"	"2"	"0.0167"	"1"	"0.0084"	"20"	"0.1670"	"2"	"0.0167"	"2"	"0.0167"	"0"	"0.0000"
"37"	"55"	"9472"	"1.9658"	"10.214679813503626000"	"0.601791705172365000"	"3.0005"	"7.8252"	"7.8579"	"7.8553"	"16.5408"	"52.307400"	"40.637994441159110000"	"-8.638940391654540000"	"2"	"0.0211"	"1"	"0.0106"	"20"	"0.2111"	"0"	"0.0000"	"0"	"0.0000"	"3"	"0.0317"
"513"	"0"	"8978"	"1.8633"	"11.289075390922160000"	"0.600184619576839800"	"2.9962"	"8.0501"	"8.0560"	"8.0547"	"16.8680"	"53.690746"	"40.637262939745300000"	"-8.639758703832564000"	"3"	"0.0334"	"3"	"0.0334"	"15"	"0.1671"	"4"	"0.0446"	"5"	"0.0557"	"2"	"0.0223"
"16"	"0"	"8964"	"1.8604"	"1.841518121045994000"	"0.299552348445607630"	"3.0020"	"8.6550"	"8.6049"	"8.6349"	"18.0973"	"57.543707"	"40.638343313945015000"	"-8.636159469900875000"	"2"	"0.0223"	"3"	"0.0335"	"16"	"0.1785"	"5"	"0.0558"	"2"	"0.0223"	"5"	"0.0558"
"731"	"0"	"8320"	"1.7267"	"1.232203131085997000"	"0.299601889391344970"	"2.9996"	"8.5464"	"8.5320"	"8.5582"	"18.1573"	"56.970094"	"40.637104264095700000"	"-8.637316903281610000"	"5"	"0.0601"	"2"	"0.0240"	"0"	"0.0000"	"5"	"0.0601"	"2"	"0.0240"	"1"	"0.0120"
"206"	"0"	"7925"	"1.6447"	"14.342374602095287000"	"1.499214833092689500"	"2.9981"	"7.4850"	"7.5706"	"7.4678"	"15.3840"	"50.051959"	"40.638191826319260000"	"-8.637793061528633000"	"2"	"0.0252"	"0"	"0.0000"	"11"	"0.1388"	"0"	"0.0000"	"2"	"0.0252"	"0"	"0.0000"
"684"	"0"	"7922"	"1.6441"	"3.595890483701531000"	"0.400678661673129300"	"3.0019"	"8.6820"	"8.6806"	"8.6726"	"18.4489"	"57.856083"	"40.636444307129410000"	"-8.638411941187726000"	"5"	"0.0631"	"0"	"0.0000"	"17"	"0.2146"	"2"	"0.0252"	"1"	"0.0126"	"5"	"0.0631"
"506"	"0"	"7868"	"1.6329"	"4.200875155430833500"	"0.399742353029837350"	"3.0020"	"7.8733"	"7.9689"	"7.8217"	"16.3940"	"52.586308"	"40.637031641742766000"	"-8.640430900025711000"	"3"	"0.0381"	"3"	"0.0381"	"15"	"0.1906"	"5"	"0.0635"	"3"	"0.0381"	"3"	"0.0381"
"237"	"0"	"7711"	"1.6003"	"48.994941332631650000"	"1.396491216682647500"	"2.9948"	"8.6546"	"8.6480"	"8.6614"	"18.3345"	"57.697961"	"40.637660577412850000"	"-8.639464142163890000"	"2"	"0.0259"	"1"	"0.0130"	"19"	"0.2464"	"0"	"0.0000"	"1"	"0.0130"	"2"	"0.0259"
"273"	"625"	"7419"	"1.5397"	"4.113420901495160000"	"0.511539418831516100"	"3.0016"	"8.0473"	"8.0174"	"8.0162"	"16.7289"	"53.513079"	"40.637475732722980000"	"-8.639152307248652000"	"2"	"0.0270"	"0"	"0.0000"	"19"	"0.2561"	"7"	"0.0944"	"1"	"0.0135"	"1"	"0.0135"
"736"	"0"	"6480"	"1.3448"	"4.493231995943040000"	"0.398878139318044330"	"2.9980"	"7.4937"	"7.4599"	"7.5284"	"15.5642"	"49.959835"	"40.637214001892886000"	"-8.638355355234506000"	"1"	"0.0154"	"2"	"0.0309"	"19"	"0.2932"	"3"	"0.0463"	"3"	"0.0463"	"1"	"0.0154"
"333"	"0"	"6360"	"1.3199"	"1.222050147453975300"	"0.409412770515309550"	"2.9992"	"8.6892"	"8.8277"	"8.7302"	"18.5019"	"58.326749"	"40.637389447134320000"	"-8.641333545100137000"	"3"	"0.0472"	"0"	"0.0000"	"10"	"0.1572"	"1"	"0.0157"	"0"	"0.0000"	"0"	"0.0000"
"921"	"0"	"6129"	"1.2720"	"2.574439501263393000"	"0.300392245909416430"	"2.9984"	"7.4686"	"7.5384"	"7.4301"	"15.6153"	"49.860245"	"40.637551061938800000"	"-8.639619853705291000"	"4"	"0.0653"	"0"	"0.0000"	"0"	"0.0000"	"3"	"0.0489"	"4"	"0.0653"	"1"	"0.0163"
"919"	"0"	"6021"	"1.2496"	"1.030300392692344400"	"0.200408928924414670"	"3.0032"	"7.5087"	"7.5939"	"7.5182"	"15.6323"	"50.268534"	"40.637213679491730000"	"-8.636441665189837000"	"0"	"0.0000"	"2"	"0.0332"	"0"	"0.0000"	"0"	"0.0000"	"0"	"0.0000"	"1"	"0.0166"
"158"	"1136"	"6009"	"1.2471"	"9.751791772081123000"	"0.611097622172547400"	"3.0023"	"7.6014"	"7.5733"	"7.5548"	"15.6078"	"50.510195"	"40.637875940551870000"	"-8.640357529974070000"	"2"	"0.0333"	"1"	"0.0166"	"13"	"0.2163"	"1"	"0.0166"	"3"	"0.0499"	"1"	"0.0166"
"163"	"0"	"6005"	"1.2463"	"21.762015492136210000"	"0.710262179662736000"	"3.0075"	"8.4005"	"8.4526"	"8.5022"	"18.3958"	"56.345266"	"40.638793393450420000"	"-8.634377732420546000"	"4"	"0.0666"	"0"	"0.0000"	"13"	"0.2165"	"1"	"0.0167"	"0"	"0.0000"	"0"	"0.0000"
"285"	"0"	"5737"	"1.1906"	"4.617369624711854000"	"0.409640921879136250"	"2.9937"	"7.8093"	"7.8088"	"7.8241"	"16.2946"	"52.093828"	"40.638011587596420000"	"-8.637394495738924000"	"1"	"0.0174"	"1"	"0.0174"	"12"	"0.2092"	"2"	"0.0349"	"2"	"0.0349"	"1"	"0.0174"
"170"	"0"	"5574"	"1.1568"	"12.206424788987418000"	"0.507874396923080300"	"2.9968"	"7.4961"	"7.5863"	"7.4247"	"15.5294"	"50.015524"	"40.637788237212220000"	"-8.639645694618217000"	"2"	"0.0359"	"1"	"0.0179"	"10"	"0.1794"	"3"	"0.0538"	"0"	"0.0000"	"2"	"0.0359"
"27"	"51"	"5556"	"1.1531"	"12.439359087723647000"	"0.603430812061640100"	"3.0134"	"8.1123"	"8.0650"	"8.1001"	"17.0769"	"53.949683"	"40.637736570127560000"	"-8.639339155664318000"	"3"	"0.0540"	"0"	"0.0000"	"9"	"0.1620"	"2"	"0.0360"	"5"	"0.0900"	"0"	"0.0000"
"702"	"0"	"5529"	"1.1475"	"2.272582530645766000"	"0.200484415710761200"	"3.0033"	"8.6082"	"8.5630"	"8.5912"	"18.1107"	"57.250063"	"40.637226939912416000"	"-8.639893308173873000"	"2"	"0.0362"	"3"	"0.0543"	"5"	"0.0904"	"0"	"0.0000"	"0"	"0.0000"	"0"	"0.0000"
"585"	"587"	"5389"	"1.1184"	"20.042277898440304000"	"0.601562935472489500"	"3.0041"	"8.1512"	"8.1627"	"8.0891"	"17.1087"	"54.229032"	"40.637806861824280000"	"-8.639404516003083000"	"0"	"0.0000"	"0"	"0.0000"	"0"	"0.0000"	"1"	"0.0186"	"2"	"0.0371"	"1"	"0.0186"
"122"	"1080"	"5344"	"1.1091"	"55.597353961449410000"	"1.296459172461185400"	"2.9921"	"8.9931"	"8.9551"	"9.0470"	"19.4998"	"59.989184"	"40.638115816007804000"	"-8.641406704625930000"	"3"	"0.0561"	"0"	"0.0000"	"16"	"0.2994"	"0"	"0.0000"	"0"	"0.0000"	"1"	"0.0187"
"41"	"157"	"5327"	"1.1056"	"7.709885777891231000"	"0.801525776160209100"	"3.0077"	"8.9151"	"8.8598"	"8.9692"	"19.1650"	"59.431372"	"40.637678550645660000"	"-8.639463961737052000"	"5"	"0.0939"	"0"	"0.0000"	"10"	"0.1877"	"1"	"0.0188"	"1"	"0.0188"	"0"	"0.0000"
"155"	"1127"	"5318"	"1.1037"	"8.023271456358009000"	"0.507922735610848700"	"2.9962"	"7.8770"	"7.8449"	"7.9599"	"16.3027"	"52.626303"	"40.637315210672080000"	"-8.639887875897394000"	"0"	"0.0000"	"2"	"0.0376"	"11"	"0.2068"	"2"	"0.0376"	"1"	"0.0188"	"0"	"0.0000"
"434"	"791"	"5241"	"1.0877"	"19.606395785472653000"	"0.398914783879690100"	"2.9937"	"8.5703"	"8.5146"	"8.4999"	"18.0420"	"56.855154"	"40.635620361076270000"	"-8.639666207946952000"	"4"	"0.0763"	"0"	"0.0000"	"0"	"0.0000"	"0"	"0.0000"	"3"	"0.0572"	"0"	"0.0000"
"263"	"946"	"5238"	"1.0871"	"17.861573861167404000"	"0.398974378988329300"	"3.0011"	"7.8289"	"7.8713"	"7.8018"	"16.4750"	"52.226923"	"40.637522392172144000"	"-8.640055345990993000"	"2"	"0.0382"	"0"	"0.0000"	"94"	"1.7946"	"0"	"0.0000"	"3"	"0.0573"	"1"	"0.0191"
"152"	"1118"	"5058"	"1.0497"	"6.586918410160060000"	"0.890861721692729900"	"3.0032"	"7.9492"	"7.8482"	"7.8278"	"16.1851"	"52.500336"	"40.637536028275164000"	"-8.639276866432402000"	"0"	"0.0000"	"0"	"0.0000"	"9"	"0.1779"	"1"	"0.0198"	"2"	"0.0395"	"2"	"0.0395"
"431"	"0"	"4802"	"0.9966"	"4.031438373212774000"	"0.502657268490323300"	"3.0077"	"8.0190"	"7.9665"	"7.8726"	"16.5910"	"53.017772"	"40.637691860986130000"	"-8.638283494824078000"	"1"	"0.0208"	"2"	"0.0416"	"15"	"0.3124"	"2"	"0.0416"	"0"	"0.0000"	"0"	"0.0000"
"519"	"0"	"4759"	"0.9877"	"2.162855824802331300"	"0.299783758908831350"	"2.9994"	"8.4656"	"8.5426"	"8.5381"	"18.0059"	"56.769641"	"40.638746816449576000"	"-8.639659114209058000"	"5"	"0.1051"	"0"	"0.0000"	"10"	"0.2101"	"3"	"0.0630"	"2"	"0.0420"	"0"	"0.0000"
"35"	"0"	"4391"	"0.9113"	"7.668674901375772000"	"0.599056428776859000"	"2.9984"	"8.5003"	"8.7256"	"8.5527"	"18.3061"	"57.285851"	"40.637694426396800000"	"-8.639460099376688000"	"0"	"0.0000"	"0"	"0.0000"	"8"	"0.1822"	"0"	"0.0000"	"1"	"0.0228"	"0"	"0.0000"
"590"	"0"	"4308"	"0.8941"	"1.026092196993349400"	"0.200287881621213400"	"2.9995"	"8.9659"	"8.9292"	"8.9961"	"19.1358"	"59.758141"	"40.637862123910686000"	"-8.639654703912212000"	"4"	"0.0929"	"0"	"0.0000"	"7"	"0.1625"	"1"	"0.0232"	"0"	"0.0000"	"4"	"0.0929"
"261"	"1367"	"4299"	"0.8922"	"14.078102843529207000"	"0.511945124709475300"	"3.0028"	"7.5255"	"7.4415"	"7.5527"	"15.5145"	"50.043699"	"40.637925996344535000"	"-8.640168562713841000"	"0"	"0.0000"	"0"	"0.0000"	"10"	"0.2326"	"1"	"0.0233"	"0"	"0.0000"	"0"	"0.0000"
"909"	"0"	"3906"	"0.8106"	"10.008547934274336000"	"0.399366449138150170"	"3.0021"	"8.0128"	"7.8602"	"7.9258"	"16.7407"	"52.886173"	"40.637945227290110000"	"-8.639378932112509000"	"3"	"0.0768"	"2"	"0.0512"	"0"	"0.0000"	"3"	"0.0768"	"3"	"0.0768"	"0"	"0.0000"
"906"	"0"	"3881"	"0.8055"	"4.220120896771355500"	"0.400600149337519100"	"2.9974"	"8.0384"	"8.0222"	"7.8995"	"16.4066"	"53.244530"	"40.637761141889110000"	"-8.639363837654425000"	"2"	"0.0515"	"0"	"0.0000"	"0"	"0.0000"	"1"	"0.0258"	"2"	"0.0515"	"1"	"0.0258"
"316"	"0"	"3784"	"0.7853"	"10.496860389520000000"	"0.409360765680572060"	"3.0013"	"8.7693"	"8.6506"	"8.7690"	"18.8673"	"58.197762"	"40.637956044471990000"	"-8.641319334635938000"	"1"	"0.0264"	"0"	"0.0000"	"3"	"0.0793"	"1"	"0.0264"	"0"	"0.0000"	"0"	"0.0000"
"216"	"1265"	"3725"	"0.7731"	"8.905917377130410000"	"0.605873807285765300"	"2.9933"	"7.9509"	"7.8609"	"7.9979"	"16.7640"	"52.910435"	"40.637893141530306000"	"-8.635860539444536000"	"1"	"0.0268"	"0"	"0.0000"	"11"	"0.2953"	"1"	"0.0268"	"2"	"0.0537"	"0"	"0.0000"
"747"	"0"	"3704"	"0.7687"	"8.178443688346597000"	"0.400375456866740800"	"3.0081"	"9.1650"	"9.1358"	"9.0651"	"19.2781"	"60.812954"	"40.637423360264980000"	"-8.638035814990530000"	"2"	"0.0540"	"0"	"0.0000"	"0"	"0.0000"	"0"	"0.0000"	"0"	"0.0000"	"0"	"0.0000"
"912"	"0"	"3522"	"0.7309"	"6.236229625556174000"	"0.498299902834750100"	"3.0037"	"7.4648"	"7.5619"	"7.4032"	"15.6306"	"49.844015"	"40.637470862461160000"	"-8.639322023469933000"	"3"	"0.0852"	"1"	"0.0284"	"0"	"0.0000"	"1"	"0.0284"	"1"	"0.0284"	"1"	"0.0284"
"25"	"598"	"3456"	"0.7172"	"6.183632462400041000"	"0.400644168644361530"	"3.0017"	"7.5723"	"7.3741"	"7.5072"	"15.7135"	"49.897072"	"40.637351596815180000"	"-8.639057353478437000"	"1"	"0.0289"	"0"	"0.0000"	"8"	"0.2315"	"0"	"0.0000"	"0"	"0.0000"	"2"	"0.0579"
"167"	"0"	"3449"	"0.7158"	"8.735611928903023000"	"0.510039016574163000"	"2.9980"	"8.6379"	"8.4903"	"8.6121"	"18.2201"	"57.200537"	"40.638092720371400000"	"-8.632454119126505000"	"3"	"0.0870"	"1"	"0.0290"	"9"	"0.2609"	"0"	"0.0000"	"0"	"0.0000"	"0"	"0.0000"
"396"	"1658"	"3441"	"0.7141"	"2.037867892588883000"	"0.299084917986979840"	"2.9939"	"8.1549"	"8.2363"	"8.2435"	"17.2976"	"54.743836"	"40.637558560470430000"	"-8.636305557287090000"	"3"	"0.0872"	"2"	"0.0581"	"4"	"0.1162"	"0"	"0.0000"	"5"	"0.1453"	"0"	"0.0000"
"527"	"0"	"3354"	"0.6961"	"2.140534995638635300"	"0.398719171700844640"	"2.9964"	"8.0444"	"7.9606"	"7.9669"	"16.6828"	"53.271154"	"40.636097592739660000"	"-8.641208934268814000"	"2"	"0.0596"	"0"	"0.0000"	"6"	"0.1789"	"2"	"0.0596"	"0"	"0.0000"	"0"	"0.0000"
"574"	"0"	"3305"	"0.6859"	"5.924109494741146000"	"0.399742351527397450"	"3.0071"	"7.7592"	"7.7749"	"7.7283"	"16.1189"	"51.694085"	"40.637641233675850000"	"-8.639679440433431000"	"2"	"0.0605"	"0"	"0.0000"	"3"	"0.0908"	"1"	"0.0303"	"1"	"0.0303"	"0"	"0.0000"
"287"	"0"	"3260"	"0.6766"	"24.543637355437150000"	"0.790166175903647200"	"3.0031"	"8.1255"	"7.9745"	"8.0650"	"16.9770"	"53.700166"	"40.637537449372000000"	"-8.638378668308480000"	"1"	"0.0307"	"1"	"0.0307"	"2"	"0.0613"	"0"	"0.0000"	"1"	"0.0307"	"1"	"0.0307"
"580"	"0"	"3149"	"0.6535"	"5.621001527847929500"	"0.498675867245811750"	"3.0016"	"7.9143"	"8.0829"	"8.0902"	"16.5446"	"53.527336"	"40.639310222908830000"	"-8.640058009043994000"	"1"	"0.0318"	"0"	"0.0000"	"0"	"0.0000"	"0"	"0.0000"	"0"	"0.0000"	"1"	"0.0318"
"133"	"0"	"3097"	"0.6427"	"6.668919985774421000"	"0.300156174763656000"	"3.0087"	"8.0207"	"7.9538"	"8.0242"	"16.4698"	"53.330420"	"40.637761824448080000"	"-8.642605363289046000"	"1"	"0.0323"	"1"	"0.0323"	"6"	"0.1937"	"1"	"0.0323"	"4"	"0.1292"	"5"	"0.1614"
"274"	"628"	"3076"	"0.6384"	"28.780032124832030000"	"0.991122994334971300"	"2.9967"	"7.9958"	"8.0718"	"8.1310"	"16.8362"	"53.774795"	"40.637569715606250000"	"-8.639494590672122000"	"1"	"0.0325"	"1"	"0.0325"	"0"	"0.0000"	"1"	"0.0325"	"0"	"0.0000"	"0"	"0.0000"
"29"	"776"	"2961"	"0.6145"	"7.177570733270723000"	"0.400079209801107060"	"2.9953"	"8.6707"	"8.7190"	"8.6575"	"18.3134"	"57.882908"	"40.637052190176100000"	"-8.641428935500336000"	"0"	"0.0000"	"0"	"0.0000"	"7"	"0.2364"	"0"	"0.0000"	"0"	"0.0000"	"0"	"0.0000"
"32"	"776"	"2937"	"0.6095"	"9.357412944193300000"	"0.503454578990169500"	"3.0106"	"8.5305"	"8.4848"	"8.5019"	"18.2407"	"56.704930"	"40.637419515268306000"	"-8.638022595772310000"	"2"	"0.0681"	"0"	"0.0000"	"7"	"0.2383"	"0"	"0.0000"	"0"	"0.0000"	"0"	"0.0000"
"592"	"2330"	"2889"	"0.5996"	"33.487928591532380000"	"1.194992155360605500"	"2.9996"	"7.5801"	"7.3119"	"7.5611"	"15.1291"	"49.895736"	"40.638164319357680000"	"-8.639190904536813000"	"0"	"0.0000"	"4"	"0.1385"	"8"	"0.2769"	"0"	"0.0000"	"0"	"0.0000"	"0"	"0.0000"
"13"	"616"	"2817"	"0.5846"	"3.315516463884385700"	"0.301503591926423000"	"3.0043"	"8.7977"	"8.6223"	"8.7210"	"18.3298"	"58.090962"	"40.637497729059554000"	"-8.637672268881522000"	"0"	"0.0000"	"0"	"0.0000"	"8"	"0.2840"	"3"	"0.1065"	"0"	"0.0000"	"1"	"0.0355"
"613"	"2231"	"2730"	"0.5666"	"8.703789353458385000"	"0.499055551470554100"	"2.9989"	"7.5974"	"7.5516"	"7.2484"	"15.1971"	"49.772062"	"40.637408899603220000"	"-8.639688845848974000"	"0"	"0.0000"	"0"	"0.0000"	"4"	"0.1465"	"1"	"0.0366"	"0"	"0.0000"	"0"	"0.0000"
"179"	"646"	"2721"	"0.5647"	"8.077241184398560000"	"0.611575274679004200"	"3.0000"	"7.3168"	"7.5777"	"7.5465"	"15.6134"	"49.868872"	"40.637930148643740000"	"-8.639893950691675000"	"0"	"0.0000"	"0"	"0.0000"	"5"	"0.1838"	"3"	"0.1103"	"1"	"0.0368"	"0"	"0.0000"
"761"	"0"	"2686"	"0.5574"	"3.280237379760588400"	"0.300318395764294400"	"2.9978"	"7.6660"	"7.9360"	"7.9728"	"16.1668"	"52.388559"	"40.638036574471585000"	"-8.639524747897612000"	"1"	"0.0372"	"0"	"0.0000"	"0"	"0.0000"	"1"	"0.0372"	"0"	"0.0000"	"0"	"0.0000"
"676"	"2629"	"2677"	"0.5556"	"28.324457581705616000"	"1.193189511147527200"	"2.9947"	"7.4983"	"7.4199"	"7.4867"	"15.5581"	"49.788618"	"40.637720561707425000"	"-8.638344508250260000"	"0"	"0.0000"	"0"	"0.0000"	"4"	"0.1494"	"0"	"0.0000"	"1"	"0.0374"	"0"	"0.0000"
"220"	"1277"	"2648"	"0.5496"	"6.656703942211122000"	"0.409456949136741240"	"2.9954"	"7.9543"	"7.9566"	"7.8969"	"16.3648"	"52.906126"	"40.637589249911110000"	"-8.639293209400920000"	"0"	"0.0000"	"0"	"0.0000"	"4"	"0.1511"	"0"	"0.0000"	"0"	"0.0000"	"1"	"0.0378"
"265"	"0"	"2646"	"0.5491"	"3.724203600556046000"	"0.301061944923468400"	"3.0038"	"7.3284"	"7.5733"	"7.7079"	"15.3575"	"50.243636"	"40.637947943908510000"	"-8.636396232590124000"	"0"	"0.0000"	"0"	"0.0000"	"4"	"0.1512"	"0"	"0.0000"	"0"	"0.0000"	"0"	"0.0000"
"304"	"1469"	"2610"	"0.5417"	"61.423340316372226000"	"0.409382363702589350"	"2.9965"	"7.7368"	"7.7674"	"7.7759"	"16.2471"	"51.733521"	"40.636941610946145000"	"-8.637686843850773000"	"0"	"0.0000"	"1"	"0.0383"	"4"	"0.1533"	"1"	"0.0383"	"1"	"0.0383"	"0"	"0.0000"
"58"	"280"	"2583"	"0.5361"	"19.557857044728990000"	"0.700006478280407100"	"2.9911"	"7.9028"	"8.0213"	"8.0143"	"16.7387"	"53.196493"	"40.637252888732604000"	"-8.638367945334082000"	"2"	"0.0774"	"0"	"0.0000"	"4"	"0.1549"	"0"	"0.0000"	"2"	"0.0774"	"0"	"0.0000"
"539"	"0"	"2581"	"0.5357"	"52.343027321472940000"	"1.399915538086643300"	"3.0019"	"8.7052"	"8.6219"	"8.7497"	"18.0124"	"57.948249"	"40.636928333037870000"	"-8.642439048006036000"	"1"	"0.0387"	"0"	"0.0000"	"3"	"0.1162"	"0"	"0.0000"	"0"	"0.0000"	"0"	"0.0000"
"228"	"229"	"2465"	"0.5116"	"11.071194795872675000"	"0.609077975099295500"	"2.9951"	"8.1525"	"8.2345"	"8.2933"	"17.0430"	"54.845258"	"40.637417558391180000"	"-8.639199368377245000"	"0"	"0.0000"	"0"	"0.0000"	"5"	"0.2028"	"0"	"0.0000"	"0"	"0.0000"	"0"	"0.0000"
"557"	"0"	"2432"	"0.5047"	"14.813317273130123000"	"0.299119580123842400"	"2.9992"	"8.0280"	"8.1057"	"8.1386"	"16.6694"	"53.938294"	"40.638784658094000000"	"-8.639857285609573000"	"0"	"0.0000"	"0"	"0.0000"	"4"	"0.1645"	"0"	"0.0000"	"1"	"0.0411"	"0"	"0.0000"
"309"	"1484"	"2371"	"0.4921"	"15.516528884317350000"	"0.608504972118081200"	"2.9941"	"7.6989"	"7.5951"	"7.5546"	"15.5521"	"50.774741"	"40.636800508860915000"	"-8.635725985603331000"	"0"	"0.0000"	"0"	"0.0000"	"6"	"0.2531"	"1"	"0.0422"	"0"	"0.0000"	"3"	"0.1265"
"928"	"0"	"2362"	"0.4902"	"6.650228771465456000"	"0.299251457800467860"	"2.9996"	"8.7790"	"8.7007"	"8.8764"	"18.5432"	"58.568980"	"40.637309677160246000"	"-8.639273329388457000"	"0"	"0.0000"	"0"	"0.0000"	"0"	"0.0000"	"1"	"0.0423"	"1"	"0.0423"	"1"	"0.0423"
"234"	"941"	"2349"	"0.4875"	"73.467825709933250000"	"1.401974392874227600"	"2.9983"	"7.8914"	"8.0298"	"8.1490"	"16.9860"	"53.489536"	"40.637840285831440000"	"-8.638274002761591000"	"0"	"0.0000"	"0"	"0.0000"	"6"	"0.2554"	"0"	"0.0000"	"0"	"0.0000"	"0"	"0.0000"
"38"	"57"	"2343"	"0.4863"	"20.487117290394632000"	"1.103465717185274200"	"2.9987"	"7.8464"	"7.8391"	"7.8502"	"16.4678"	"52.301417"	"40.637852583059356000"	"-8.639325725607290000"	"1"	"0.0427"	"2"	"0.0854"	"0"	"0.0000"	"0"	"0.0000"	"1"	"0.0427"	"0"	"0.0000"
"203"	"0"	"2292"	"0.4757"	"42.466383705823330000"	"1.500419994038859600"	"3.0083"	"8.6239"	"8.4708"	"8.3652"	"17.9799"	"56.577417"	"40.639472793506165000"	"-8.638146909509405000"	"0"	"0.0000"	"0"	"0.0000"	"3"	"0.1309"	"0"	"0.0000"	"0"	"0.0000"	"0"	"0.0000"
"52"	"63"	"2288"	"0.4748"	"4.297093568610852000"	"0.400289373904688940"	"2.9974"	"7.7496"	"7.7788"	"7.7491"	"15.9104"	"51.727902"	"40.637435507362810000"	"-8.639208506705225000"	"1"	"0.0437"	"0"	"0.0000"	"2"	"0.0874"	"1"	"0.0437"	"2"	"0.0874"	"0"	"0.0000"
"353"	"908"	"2286"	"0.4744"	"2.372790707248300000"	"0.610202135512472000"	"3.0018"	"7.4965"	"7.4038"	"7.6273"	"15.5547"	"50.061234"	"40.637024635750490000"	"-8.641326897840006000"	"0"	"0.0000"	"1"	"0.0437"	"3"	"0.1312"	"0"	"0.0000"	"0"	"0.0000"	"0"	"0.0000"
"50"	"59"	"2262"	"0.4694"	"0.824070947850018400"	"0.200354228682732300"	"2.9996"	"7.7639"	"7.6335"	"7.5920"	"16.0177"	"51.087542"	"40.637522003700035000"	"-8.638310897331735000"	"0"	"0.0000"	"0"	"0.0000"	"6"	"0.2653"	"1"	"0.0442"	"0"	"0.0000"	"0"	"0.0000"
"110"	"706"	"2221"	"0.4609"	"9.638140013094143000"	"1.193370990424877300"	"2.9977"	"8.9586"	"8.9036"	"8.9212"	"19.3935"	"59.518748"	"40.638562281891280000"	"-8.648046212966891000"	"1"	"0.0450"	"0"	"0.0000"	"0"	"0.0000"	"0"	"0.0000"	"0"	"0.0000"	"3"	"0.1351"
"307"	"0"	"2216"	"0.4599"	"11.558955705489508000"	"0.612047934195035200"	"2.9991"	"9.0564"	"9.0230"	"9.1480"	"19.5023"	"60.505524"	"40.637805302937740000"	"-8.639404967955624000"	"0"	"0.0000"	"0"	"0.0000"	"6"	"0.2708"	"0"	"0.0000"	"2"	"0.0903"	"2"	"0.0903"
"741"	"2679"	"2177"	"0.4518"	"3.491539162416845300"	"0.599400093139552300"	"2.9977"	"8.5425"	"8.5981"	"8.6454"	"18.2076"	"57.302067"	"40.638211052034740000"	"-8.636932388348800000"	"2"	"0.0919"	"0"	"0.0000"	"0"	"0.0000"	"0"	"0.0000"	"0"	"0.0000"	"1"	"0.0459"
"100"	"2728"	"2129"	"0.4418"	"13.324503808288450000"	"0.501081205869438700"	"2.9995"	"7.7933"	"7.8685"	"7.8469"	"16.5237"	"52.241578"	"40.637508670813140000"	"-8.641211137251736000"	"1"	"0.0470"	"1"	"0.0470"	"0"	"0.0000"	"0"	"0.0000"	"0"	"0.0000"	"1"	"0.0470"
"338"	"0"	"2067"	"0.4290"	"157.091686036747900000"	"1.189551246358878900"	"3.0000"	"8.6028"	"8.5878"	"8.7833"	"18.0832"	"57.719691"	"40.637726043282235000"	"-8.638911404671166000"	"1"	"0.0484"	"0"	"0.0000"	"1"	"0.0484"	"0"	"0.0000"	"1"	"0.0484"	"0"	"0.0000"
"618"	"2345"	"2057"	"0.4269"	"21.216858118554335000"	"0.703476355243392500"	"3.0093"	"7.7754"	"7.8483"	"7.8576"	"16.3004"	"52.180618"	"40.637732852861630000"	"-8.641031493795618000"	"2"	"0.0972"	"0"	"0.0000"	"23"	"1.1181"	"0"	"0.0000"	"0"	"0.0000"	"2"	"0.0972"
"17"	"0"	"2027"	"0.4207"	"30.743584228248558000"	"1.099653439583347500"	"2.9940"	"8.6492"	"8.7148"	"8.5999"	"18.3365"	"57.697765"	"40.637482685644585000"	"-8.629906584913519000"	"0"	"0.0000"	"0"	"0.0000"	"0"	"0.0000"	"0"	"0.0000"	"0"	"0.0000"	"0"	"0.0000"
"559"	"0"	"1971"	"0.4091"	"11.997545547509680000"	"0.596959929593971800"	"2.9954"	"8.2973"	"8.5748"	"8.6007"	"17.3658"	"56.606413"	"40.637897083346660000"	"-8.640764054290790000"	"0"	"0.0000"	"0"	"0.0000"	"4"	"0.2029"	"1"	"0.0507"	"1"	"0.0507"	"4"	"0.2029"
"84"	"0"	"1949"	"0.4045"	"40.214628066573034000"	"1.398687173106565500"	"3.0052"	"8.4536"	"8.6721"	"8.5788"	"18.3350"	"57.120939"	"40.637809435331825000"	"-8.637955225948417000"	"1"	"0.0513"	"0"	"0.0000"	"5"	"0.2565"	"0"	"0.0000"	"1"	"0.0513"	"1"	"0.0513"
"605"	"0"	"1761"	"0.3655"	"9.317238796822510000"	"0.501697437111532100"	"3.0046"	"8.0165"	"7.9938"	"8.0454"	"16.8739"	"53.457047"	"40.637641389866225000"	"-8.639727785956900000"	"1"	"0.0568"	"0"	"0.0000"	"2"	"0.1136"	"0"	"0.0000"	"2"	"0.1136"	"0"	"0.0000"
"176"	"0"	"1677"	"0.3480"	"3.297523168962823300"	"0.611184850798554400"	"3.0018"	"9.0865"	"8.8032"	"8.7030"	"18.9147"	"59.094908"	"40.639229137815340000"	"-8.641965554723237000"	"1"	"0.0596"	"0"	"0.0000"	"4"	"0.2385"	"0"	"0.0000"	"0"	"0.0000"	"0"	"0.0000"
"33"	"785"	"1676"	"0.3478"	"20.010899754786190000"	"0.899057894588444300"	"3.0018"	"8.6587"	"8.5656"	"8.6432"	"18.1510"	"57.483324"	"40.637670386402200000"	"-8.637601158705644000"	"1"	"0.0597"	"0"	"0.0000"	"0"	"0.0000"	"0"	"0.0000"	"1"	"0.0597"	"0"	"0.0000"
"30"	"779"	"1672"	"0.3470"	"20.769229433090565000"	"0.805644616716914300"	"3.0090"	"8.7984"	"8.7368"	"8.6286"	"18.3457"	"58.141878"	"40.637239723085806000"	"-8.637088957972507000"	"1"	"0.0598"	"0"	"0.0000"	"0"	"0.0000"	"1"	"0.0598"	"1"	"0.0598"	"0"	"0.0000"
"335"	"0"	"1646"	"0.3416"	"41.550633630857110000"	"1.305564020568647800"	"3.0018"	"7.9587"	"7.9216"	"7.8706"	"16.6154"	"52.779830"	"40.636546675508390000"	"-8.636052634456650000"	"0"	"0.0000"	"0"	"0.0000"	"4"	"0.2430"	"0"	"0.0000"	"0"	"0.0000"	"0"	"0.0000"
"262"	"1370"	"1644"	"0.3412"	"38.317755492635090000"	"0.992211151319665800"	"2.9963"	"7.3583"	"7.2968"	"7.6460"	"15.1454"	"49.558066"	"40.637665094200860000"	"-8.638179103419263000"	"0"	"0.0000"	"1"	"0.0608"	"0"	"0.0000"	"0"	"0.0000"	"1"	"0.0608"	"0"	"0.0000"
"275"	"631"	"1627"	"0.3377"	"61.250681978916404000"	"1.305783150999138700"	"3.0111"	"8.0209"	"8.2022"	"8.0658"	"16.7056"	"53.975298"	"40.637465597262980000"	"-8.639911393902434000"	"1"	"0.0615"	"0"	"0.0000"	"0"	"0.0000"	"1"	"0.0615"	"0"	"0.0000"	"0"	"0.0000"
"92"	"0"	"1554"	"0.3225"	"0.103357497135242020"	"1.305583054916585700"	"3.0051"	"8.3224"	"8.6017"	"8.6197"	"18.2001"	"56.763900"	"40.638183378063616000"	"-8.641269503418531000"	"1"	"0.0644"	"0"	"0.0000"	"1"	"0.0644"	"0"	"0.0000"	"1"	"0.0644"	"1"	"0.0644"
"108"	"0"	"1551"	"0.3219"	"66.435809158275820000"	"1.194478422499783300"	"2.9819"	"8.1006"	"8.0774"	"7.7537"	"16.5912"	"53.181431"	"40.638116471813960000"	"-8.635632944447195000"	"0"	"0.0000"	"0"	"0.0000"	"24"	"1.5474"	"0"	"0.0000"	"0"	"0.0000"	"0"	"0.0000"
"454"	"0"	"1537"	"0.3190"	"46.295073065661330000"	"1.311907523182273700"	"3.0150"	"8.8959"	"9.0534"	"8.9883"	"18.9857"	"59.861288"	"40.638017293180700000"	"-8.639351253972760000"	"0"	"0.0000"	"0"	"0.0000"	"0"	"0.0000"	"0"	"0.0000"	"0"	"0.0000"	"0"	"0.0000"
"296"	"1451"	"1487"	"0.3086"	"87.360652750830870000"	"0.983627257844815700"	"2.9879"	"8.4701"	"8.7122"	"8.6550"	"18.1513"	"57.416288"	"40.638539860098850000"	"-8.649175664170713000"	"1"	"0.0672"	"1"	"0.0672"	"6"	"0.4035"	"0"	"0.0000"	"0"	"0.0000"	"0"	"0.0000"
"28"	"53"	"1397"	"0.2899"	"30.340697266279026000"	"1.002345753814945000"	"2.9950"	"7.8912"	"8.0544"	"8.0093"	"16.6364"	"53.233064"	"40.637901294538160000"	"-8.638962158726393000"	"1"	"0.0716"	"0"	"0.0000"	"0"	"0.0000"	"0"	"0.0000"	"0"	"0.0000"	"0"	"0.0000"
"603"	"0"	"1360"	"0.2823"	"22.983817866466662000"	"1.209949231015311300"	"3.0096"	"7.8044"	"7.5162"	"7.6044"	"15.2544"	"50.944338"	"40.637616608353030000"	"-8.639828284312463000"	"1"	"0.0735"	"0"	"0.0000"	"0"	"0.0000"	"0"	"0.0000"	"0"	"0.0000"	"0"	"0.0000"
"171"	"0"	"1359"	"0.2820"	"23.030702661324252000"	"1.190314096806234200"	"2.9963"	"7.2892"	"7.3186"	"7.6188"	"15.5717"	"49.392524"	"40.637816849188870000"	"-8.640081652418335000"	"0"	"0.0000"	"0"	"0.0000"	"0"	"0.0000"	"0"	"0.0000"	"0"	"0.0000"	"0"	"0.0000"
"195"	"1229"	"1353"	"0.2808"	"77.396575799164950000"	"1.404137610108764100"	"3.0022"	"7.9143"	"7.8817"	"8.0547"	"16.6275"	"53.001500"	"40.637956166532590000"	"-8.639573934366300000"	"1"	"0.0739"	"1"	"0.0739"	"0"	"0.0000"	"1"	"0.0739"	"0"	"0.0000"	"0"	"0.0000"
"739"	"0"	"1346"	"0.2793"	"7.029008038447563000"	"0.593993658187405300"	"2.9851"	"8.4740"	"8.4629"	"8.2370"	"17.5245"	"55.941858"	"40.637517938697130000"	"-8.639486929646061000"	"0"	"0.0000"	"0"	"0.0000"	"0"	"0.0000"	"0"	"0.0000"	"2"	"0.1486"	"0"	"0.0000"
"159"	"1139"	"1331"	"0.2762"	"25.266434210817557000"	"1.080540091968050100"	"2.9819"	"7.4793"	"7.4388"	"7.5958"	"15.1503"	"50.030932"	"40.637464162894370000"	"-8.639291679284260000"	"0"	"0.0000"	"0"	"0.0000"	"0"	"0.0000"	"1"	"0.0751"	"2"	"0.1503"	"1"	"0.0751"
"432"	"0"	"1291"	"0.2679"	"44.913028470631794000"	"0.997952089491804800"	"2.9977"	"7.7769"	"7.3888"	"7.7235"	"16.3470"	"50.865004"	"40.637708279863140000"	"-8.640072065059924000"	"0"	"0.0000"	"0"	"0.0000"	"0"	"0.0000"	"0"	"0.0000"	"0"	"0.0000"	"0"	"0.0000"
"156"	"1130"	"1287"	"0.2671"	"19.509202661782293000"	"0.890075189214865700"	"3.0000"	"8.0202"	"7.9448"	"7.8089"	"16.6286"	"52.830839"	"40.637733544151760000"	"-8.639662419468003000"	"0"	"0.0000"	"0"	"0.0000"	"0"	"0.0000"	"0"	"0.0000"	"2"	"0.1554"	"0"	"0.0000"
"592"	"2168"	"1279"	"0.2654"	"33.668325472405360000"	"1.196557640464385000"	"2.9897"	"7.5966"	"7.5450"	"7.7162"	"15.3745"	"50.794863"	"40.637575345893254000"	"-8.639497793295872000"	"0"	"0.0000"	"0"	"0.0000"	"4"	"0.3127"	"0"	"0.0000"	"1"	"0.0782"	"0"	"0.0000"
"554"	"2063"	"1276"	"0.2648"	"38.408711775187710000"	"0.598561196393801600"	"2.9961"	"7.8550"	"7.8997"	"7.9804"	"16.2030"	"52.744812"	"40.636987724704970000"	"-8.637364604940101000"	"1"	"0.0784"	"0"	"0.0000"	"4"	"0.3135"	"1"	"0.0784"	"1"	"0.0784"	"0"	"0.0000"
"297"	"1454"	"1270"	"0.2636"	"259.048713494400940000"	"2.302344999260665500"	"2.9945"	"8.6748"	"8.6661"	"8.6772"	"18.4315"	"57.818039"	"40.637132671710155000"	"-8.651562129720293000"	"1"	"0.0787"	"0"	"0.0000"	"0"	"0.0000"	"0"	"0.0000"	"1"	"0.0787"	"0"	"0.0000"
"153"	"1121"	"1234"	"0.2561"	"16.128769665423448000"	"1.186097692474117100"	"3.0081"	"7.9968"	"7.8290"	"7.8331"	"15.9822"	"52.575219"	"40.637638239077920000"	"-8.639534624613354000"	"0"	"0.0000"	"0"	"0.0000"	"0"	"0.0000"	"0"	"0.0000"	"0"	"0.0000"	"1"	"0.0810"
"753"	"0"	"1208"	"0.2507"	"1.548634224152505000"	"0.301625781048764250"	"3.0059"	"7.5497"	"7.7508"	"7.6515"	"15.9421"	"51.004371"	"40.637103166642135000"	"-8.635710431973969000"	"0"	"0.0000"	"0"	"0.0000"	"1"	"0.0828"	"1"	"0.0828"	"1"	"0.0828"	"1"	"0.0828"
"755"	"0"	"1180"	"0.2449"	"1.546836770922075000"	"0.200683857174306900"	"3.0061"	"8.1771"	"7.9263"	"7.7847"	"16.3356"	"53.084805"	"40.637515903577450000"	"-8.638203304188368000"	"1"	"0.0847"	"0"	"0.0000"	"3"	"0.2542"	"0"	"0.0000"	"0"	"0.0000"	"0"	"0.0000"
"280"	"292"	"1161"	"0.2410"	"6.842553613665602000"	"0.413410501017368700"	"2.9983"	"8.8734"	"8.9363"	"9.0827"	"19.5228"	"59.760595"	"40.637676773225020000"	"-8.639628915158923000"	"0"	"0.0000"	"0"	"0.0000"	"3"	"0.2584"	"0"	"0.0000"	"0"	"0.0000"	"0"	"0.0000"
"48"	"259"	"1143"	"0.2372"	"30.301611224740693000"	"0.993704025100283800"	"3.0070"	"8.5022"	"8.7148"	"8.5206"	"18.7839"	"57.194497"	"40.637360581688090000"	"-8.639455469684421000"	"0"	"0.0000"	"0"	"0.0000"	"1"	"0.0875"	"0"	"0.0000"	"1"	"0.0875"	"0"	"0.0000"
"767"	"0"	"1121"	"0.2326"	"12.306564537584247000"	"0.498066806881496350"	"2.9865"	"7.5076"	"7.3336"	"7.4978"	"15.1088"	"49.642097"	"40.638682092975520000"	"-8.642800980822468000"	"1"	"0.0892"	"0"	"0.0000"	"0"	"0.0000"	"1"	"0.0892"	"0"	"0.0000"	"0"	"0.0000"
"190"	"1214"	"1117"	"0.2318"	"11.849713665332725000"	"0.792462250391999600"	"2.9973"	"7.9382"	"7.9194"	"7.8469"	"16.8138"	"52.676947"	"40.637929630036480000"	"-8.646792072628717000"	"0"	"0.0000"	"1"	"0.0895"	"2"	"0.1791"	"0"	"0.0000"	"0"	"0.0000"	"0"	"0.0000"
"661"	"0"	"1083"	"0.2248"	"1.743445805527947100"	"0.300492295929695500"	"2.9926"	"8.6020"	"8.6223"	"8.5162"	"17.9289"	"57.201099"	"40.638210216967400000"	"-8.638113504113840000"	"0"	"0.0000"	"0"	"0.0000"	"2"	"0.1847"	"0"	"0.0000"	"0"	"0.0000"	"2"	"0.1847"
"421"	"94"	"1066"	"0.2212"	"9.604809244996623000"	"0.502856868578303300"	"3.0094"	"7.4475"	"7.4897"	"7.5713"	"15.7786"	"50.018781"	"40.638635389237436000"	"-8.639323462228335000"	"0"	"0.0000"	"0"	"0.0000"	"0"	"0.0000"	"1"	"0.0938"	"0"	"0.0000"	"0"	"0.0000"
"777"	"0"	"1046"	"0.2171"	"3.343436811029853600"	"0.298971079125299000"	"3.0038"	"7.5650"	"7.5124"	"7.7189"	"15.7467"	"50.658537"	"40.636733808278485000"	"-8.636929718802302000"	"0"	"0.0000"	"0"	"0.0000"	"0"	"0.0000"	"0"	"0.0000"	"0"	"0.0000"	"0"	"0.0000"
"374"	"764"	"1043"	"0.2165"	"95.855729605264710000"	"0.604680870178241100"	"3.0077"	"8.0412"	"7.7862"	"7.8849"	"16.9549"	"52.694084"	"40.637875075901160000"	"-8.640865781113039000"	"2"	"0.1918"	"1"	"0.0959"	"7"	"0.6711"	"1"	"0.0959"	"0"	"0.0000"	"1"	"0.0959"
"520"	"0"	"1005"	"0.2086"	"15.474340527707880000"	"0.602421999098074600"	"3.0182"	"8.6199"	"8.5294"	"8.5353"	"18.2647"	"57.076806"	"40.637945958062290000"	"-8.640128678647422000"	"0"	"0.0000"	"0"	"0.0000"	"0"	"0.0000"	"0"	"0.0000"	"0"	"0.0000"	"0"	"0.0000"
"111"	"846"	"976"	"0.2026"	"118.276936739284150000"	"1.000686080092382000"	"3.0000"	"8.2951"	"8.3576"	"8.3689"	"17.9795"	"55.603248"	"40.639512691651000000"	"-8.638179191964381000"	"0"	"0.0000"	"0"	"0.0000"	"1"	"0.1025"	"0"	"0.0000"	"1"	"0.1025"	"0"	"0.0000"
"616"	"0"	"974"	"0.2021"	"7.987206549894920000"	"0.400991160503131000"	"3.0051"	"7.3973"	"7.6612"	"7.7115"	"15.8049"	"50.600113"	"40.637788360021140000"	"-8.636510519713552000"	"0"	"0.0000"	"0"	"0.0000"	"0"	"0.0000"	"1"	"0.1027"	"0"	"0.0000"	"1"	"0.1027"
"74"	"67"	"956"	"0.1984"	"20.134781693611664000"	"0.396709827817624700"	"2.9948"	"8.3797"	"8.6088"	"8.3975"	"17.6935"	"56.413117"	"40.638592472929340000"	"-8.641165826067015000"	"2"	"0.2092"	"2"	"0.2092"	"1"	"0.1046"	"0"	"0.0000"	"2"	"0.2092"	"0"	"0.0000"
"81"	"655"	"933"	"0.1936"	"6.198534163410572000"	"0.300894464146297840"	"2.9914"	"7.4277"	"7.3108"	"7.5263"	"15.8081"	"49.477310"	"40.637638939539656000"	"-8.649313193737060000"	"1"	"0.1072"	"1"	"0.1072"	"3"	"0.3215"	"0"	"0.0000"	"0"	"0.0000"	"0"	"0.0000"
"279"	"0"	"932"	"0.1934"	"28.600195333601707000"	"1.185021913141236300"	"3.0097"	"8.0633"	"8.2253"	"8.2886"	"17.0987"	"54.616148"	"40.643558064205870000"	"-8.638971674750884000"	"1"	"0.1073"	"0"	"0.0000"	"0"	"0.0000"	"0"	"0.0000"	"1"	"0.1073"	"1"	"0.1073"
"278"	"0"	"911"	"0.1891"	"10.003819921925581000"	"0.616205571764740400"	"2.9978"	"8.2898"	"8.2667"	"8.5060"	"17.2876"	"55.694446"	"40.644860859832825000"	"-8.637089825371600000"	"0"	"0.0000"	"0"	"0.0000"	"1"	"0.1098"	"0"	"0.0000"	"0"	"0.0000"	"2"	"0.2195"
"507"	"0"	"910"	"0.1889"	"15.097622954568198000"	"0.898264134775100500"	"2.9989"	"7.9681"	"7.8505"	"8.1275"	"16.5110"	"53.213572"	"40.637265444507690000"	"-8.638915822725163000"	"0"	"0.0000"	"0"	"0.0000"	"0"	"0.0000"	"0"	"0.0000"	"0"	"0.0000"	"0"	"0.0000"
"765"	"0"	"881"	"0.1828"	"78.114382011743770000"	"1.501724874851100700"	"2.9966"	"8.2917"	"8.3689"	"8.5448"	"17.5709"	"56.012179"	"40.637666219338854000"	"-8.634655707910305000"	"1"	"0.1135"	"0"	"0.0000"	"0"	"0.0000"	"1"	"0.1135"	"0"	"0.0000"	"0"	"0.0000"
"588"	"0"	"876"	"0.1818"	"6.042447189102217000"	"0.499970129741319400"	"3.0126"	"7.8105"	"7.7637"	"7.6279"	"15.2511"	"51.559898"	"40.637512597410510000"	"-8.635897316983641000"	"0"	"0.0000"	"0"	"0.0000"	"1"	"0.1142"	"0"	"0.0000"	"0"	"0.0000"	"0"	"0.0000"
"938"	"0"	"846"	"0.1756"	"0.401506652561835500"	"0.298036641600620300"	"2.9976"	"7.5083"	"7.3865"	"7.6832"	"15.6288"	"50.173322"	"40.637633594702660000"	"-8.638789399734755000"	"0"	"0.0000"	"1"	"0.1182"	"0"	"0.0000"	"0"	"0.0000"	"0"	"0.0000"	"0"	"0.0000"
"19"	"45"	"845"	"0.1754"	"3.657167919867095700"	"0.302473422601109430"	"3.0190"	"7.5964"	"7.6911"	"7.6284"	"16.8556"	"50.924355"	"40.636921936326935000"	"-8.637824133187552000"	"0"	"0.0000"	"0"	"0.0000"	"1"	"0.1183"	"0"	"0.0000"	"0"	"0.0000"	"0"	"0.0000"
"577"	"0"	"841"	"0.1745"	"1.011566584675514400"	"0.297784876119606600"	"2.9902"	"7.4530"	"7.3246"	"7.5874"	"15.6171"	"49.700179"	"40.637214182042090000"	"-8.638538980838540000"	"0"	"0.0000"	"0"	"0.0000"	"2"	"0.2378"	"0"	"0.0000"	"0"	"0.0000"	"0"	"0.0000"
"123"	"247"	"835"	"0.1733"	"59.016503555270340000"	"1.516824489531035700"	"3.0228"	"8.3545"	"8.4240"	"8.2407"	"17.4000"	"55.598144"	"40.637574077417820000"	"-8.631386519242486000"	"0"	"0.0000"	"0"	"0.0000"	"11"	"1.3174"	"0"	"0.0000"	"0"	"0.0000"	"0"	"0.0000"
"397"	"1661"	"828"	"0.1718"	"15.754612845889593000"	"0.592819437528926600"	"2.9697"	"8.2899"	"8.4384"	"8.2271"	"16.6304"	"55.456365"	"40.637598206885140000"	"-8.636250276488505000"	"0"	"0.0000"	"0"	"0.0000"	"0"	"0.0000"	"0"	"0.0000"	"0"	"0.0000"	"0"	"0.0000"
"543"	"0"	"823"	"0.1708"	"5.467753473203063500"	"0.401266297531446600"	"3.0000"	"8.5796"	"8.4095"	"8.5516"	"18.5869"	"56.757023"	"40.637776049002450000"	"-8.639584417668456000"	"0"	"0.0000"	"0"	"0.0000"	"3"	"0.3645"	"0"	"0.0000"	"0"	"0.0000"	"0"	"0.0000"
"371"	"755"	"818"	"0.1698"	"43.478049158903715000"	"0.616076298359712900"	"3.0123"	"8.1149"	"8.3778"	"8.3484"	"17.4523"	"55.202445"	"40.637075170056890000"	"-8.640034363964170000"	"0"	"0.0000"	"0"	"0.0000"	"1"	"0.1222"	"0"	"0.0000"	"0"	"0.0000"	"0"	"0.0000"
"359"	"830"	"813"	"0.1687"	"47.031444795149610000"	"1.180652814177343400"	"2.9975"	"7.3801"	"7.4600"	"7.4157"	"15.3506"	"49.457257"	"40.637257595550670000"	"-8.639465179955362000"	"0"	"0.0000"	"1"	"0.1230"	"5"	"0.6150"	"0"	"0.0000"	"0"	"0.0000"	"0"	"0.0000"
"345"	"1568"	"761"	"0.1579"	"24.682181185689466000"	"0.996196115206660300"	"3.0146"	"8.8095"	"8.4862"	"8.3653"	"18.3127"	"57.024337"	"40.638351467504460000"	"-8.640632427476715000"	"0"	"0.0000"	"0"	"0.0000"	"0"	"0.0000"	"0"	"0.0000"	"0"	"0.0000"	"0"	"0.0000"
"667"	"0"	"752"	"0.1561"	"13.899032909924117000"	"0.601023240944993000"	"2.9867"	"7.9282"	"7.9455"	"8.2340"	"16.5811"	"53.572846"	"40.639494102236520000"	"-8.639901141142717000"	"0"	"0.0000"	"0"	"0.0000"	"2"	"0.2660"	"0"	"0.0000"	"0"	"0.0000"	"0"	"0.0000"
"708"	"0"	"732"	"0.1519"	"7.258352136025663000"	"0.400802294392891830"	"2.9904"	"7.8347"	"7.9891"	"7.8033"	"17.0451"	"52.504700"	"40.637530894090040000"	"-8.633476336264128000"	"0"	"0.0000"	"0"	"0.0000"	"3"	"0.4098"	"0"	"0.0000"	"0"	"0.0000"	"0"	"0.0000"
"339"	"0"	"693"	"0.1438"	"1.950602387741792000"	"0.410591464819513640"	"3.0174"	"7.9149"	"7.9365"	"7.9986"	"17.2713"	"52.999899"	"40.644490472382174000"	"-8.640154138617753000"	"0"	"0.0000"	"0"	"0.0000"	"1"	"0.1443"	"0"	"0.0000"	"0"	"0.0000"	"0"	"0.0000"
"524"	"0"	"668"	"0.1386"	"18.240215679842557000"	"0.397276848799989600"	"3.0000"	"7.8847"	"7.7680"	"7.9446"	"16.2680"	"52.438428"	"40.636983929433560000"	"-8.639212747679066000"	"0"	"0.0000"	"0"	"0.0000"	"3"	"0.4491"	"0"	"0.0000"	"1"	"0.1497"	"0"	"0.0000"
"168"	"0"	"661"	"0.1372"	"34.313520195267415000"	"1.091226584170803800"	"3.0061"	"8.4796"	"8.4191"	"8.4251"	"17.7943"	"56.274826"	"40.638227975205120000"	"-8.631232420381336000"	"0"	"0.0000"	"0"	"0.0000"	"0"	"0.0000"	"0"	"0.0000"	"0"	"0.0000"	"0"	"0.0000"
"221"	"1280"	"657"	"0.1364"	"58.429809674004500000"	"1.102101790412096700"	"3.0184"	"8.1218"	"7.9680"	"8.0654"	"16.4429"	"53.678402"	"40.637784940007810000"	"-8.639071161087136000"	"0"	"0.0000"	"0"	"0.0000"	"0"	"0.0000"	"0"	"0.0000"	"0"	"0.0000"	"0"	"0.0000"
"751"	"0"	"656"	"0.1361"	"4.147045414837858000"	"0.301459696724874160"	"2.9924"	"7.6220"	"7.7530"	"7.4710"	"15.8293"	"50.769009"	"40.644825635296250000"	"-8.639775998409041000"	"1"	"0.1524"	"0"	"0.0000"	"0"	"0.0000"	"0"	"0.0000"	"1"	"0.1524"	"0"	"0.0000"
"196"	"0"	"651"	"0.1351"	"27.294788605288456000"	"0.893769045271002400"	"3.0093"	"8.0891"	"7.9432"	"8.1352"	"16.6528"	"53.705330"	"40.637417759572360000"	"-8.639961269306110000"	"1"	"0.1536"	"0"	"0.0000"	"0"	"0.0000"	"0"	"0.0000"	"0"	"0.0000"	"0"	"0.0000"
"197"	"0"	"646"	"0.1341"	"27.843284349263826000"	"0.993802280575962500"	"3.0093"	"7.6749"	"7.5774"	"7.3142"	"15.2833"	"50.147879"	"40.637794709772630000"	"-8.639157174584678000"	"0"	"0.0000"	"0"	"0.0000"	"0"	"0.0000"	"0"	"0.0000"	"0"	"0.0000"	"0"	"0.0000"
"20"	"47"	"642"	"0.1332"	"18.561640211487415000"	"0.693842168844921400"	"2.9875"	"8.0685"	"8.0467"	"8.0358"	"16.4938"	"53.669159"	"40.637901853723330000"	"-8.639272015572418000"	"1"	"0.1558"	"1"	"0.1558"	"0"	"0.0000"	"0"	"0.0000"	"0"	"0.0000"	"0"	"0.0000"
"286"	"0"	"637"	"0.1322"	"40.396220111545600000"	"1.192301691237595900"	"2.9858"	"8.8760"	"8.7881"	"8.8257"	"18.5620"	"58.866280"	"40.637318788463690000"	"-8.639638864456124000"	"1"	"0.1570"	"0"	"0.0000"	"0"	"0.0000"	"0"	"0.0000"	"0"	"0.0000"	"0"	"0.0000"
"570"	"0"	"637"	"0.1322"	"13.010434107517632000"	"0.705488946588020600"	"3.0063"	"7.5338"	"7.5746"	"7.7033"	"15.6970"	"50.692449"	"40.637610455988790000"	"-8.639184765489375000"	"0"	"0.0000"	"0"	"0.0000"	"3"	"0.4710"	"0"	"0.0000"	"0"	"0.0000"	"0"	"0.0000"
"310"	"1487"	"618"	"0.1283"	"40.314349588533730000"	"1.482737503206826800"	"2.9854"	"7.3706"	"7.5793"	"7.6812"	"16.0129"	"50.291214"	"40.636626394352696000"	"-8.635383733916115000"	"1"	"0.1618"	"0"	"0.0000"	"6"	"0.9709"	"0"	"0.0000"	"0"	"0.0000"	"0"	"0.0000"
"136"	"0"	"614"	"0.1274"	"26.028295163437114000"	"0.908762201983877900"	"3.0131"	"7.9691"	"7.7850"	"8.0342"	"16.6629"	"52.862964"	"40.636689479190950000"	"-8.642200869673834000"	"0"	"0.0000"	"0"	"0.0000"	"0"	"0.0000"	"0"	"0.0000"	"0"	"0.0000"	"0"	"0.0000"
"347"	"1574"	"606"	"0.1258"	"12.921783326667875000"	"0.710235347565319300"	"2.9817"	"8.3531"	"8.4323"	"8.0380"	"17.4356"	"55.163300"	"40.639684203782830000"	"-8.639205223893995000"	"0"	"0.0000"	"0"	"0.0000"	"2"	"0.3300"	"0"	"0.0000"	"0"	"0.0000"	"0"	"0.0000"
"313"	"0"	"604"	"0.1254"	"18.547257080030600000"	"0.720149141856998200"	"3.0000"	"7.6507"	"7.6556"	"7.4371"	"15.4553"	"50.541142"	"40.637979580372956000"	"-8.636366701510276000"	"0"	"0.0000"	"0"	"0.0000"	"0"	"0.0000"	"0"	"0.0000"	"0"	"0.0000"	"0"	"0.0000"
"218"	"0"	"601"	"0.1247"	"36.432934333483380000"	"0.712522429426511200"	"2.9950"	"8.1697"	"7.8469"	"7.9501"	"17.0932"	"53.259368"	"40.637697113763340000"	"-8.638761650601742000"	"0"	"0.0000"	"1"	"0.1664"	"0"	"0.0000"	"0"	"0.0000"	"0"	"0.0000"	"0"	"0.0000"
"180"	"649"	"598"	"0.1241"	"13.343587524538872000"	"0.780434812425366900"	"2.9849"	"7.6940"	"7.5936"	"7.5151"	"14.9615"	"50.672375"	"40.637508433224580000"	"-8.639435192720782000"	"0"	"0.0000"	"0"	"0.0000"	"0"	"0.0000"	"0"	"0.0000"	"0"	"0.0000"	"0"	"0.0000"
"602"	"0"	"576"	"0.1195"	"0.309479723761148500"	"0.201202546443705470"	"3.0105"	"7.9115"	"7.9809"	"7.6372"	"16.2865"	"52.287622"	"40.637278426568436000"	"-8.640099627042023000"	"0"	"0.0000"	"0"	"0.0000"	"0"	"0.0000"	"0"	"0.0000"	"0"	"0.0000"	"1"	"0.1736"
"548"	"0"	"570"	"0.1183"	"6.874846585534766000"	"0.503213024016782900"	"2.9911"	"7.9789"	"7.8772"	"7.8456"	"16.9228"	"52.670562"	"40.639546526311610000"	"-8.638106792956396000"	"1"	"0.1754"	"1"	"0.1754"	"0"	"0.0000"	"0"	"0.0000"	"0"	"0.0000"	"0"	"0.0000"
"36"	"0"	"568"	"0.1179"	"41.432275124538094000"	"1.307753430998094000"	"3.0159"	"8.7782"	"8.6444"	"8.3838"	"18.2430"	"57.347271"	"40.637112200985484000"	"-8.639873280784732000"	"0"	"0.0000"	"0"	"0.0000"	"0"	"0.0000"	"0"	"0.0000"	"0"	"0.0000"	"0"	"0.0000"
"456"	"0"	"541"	"0.1123"	"7.237669527198919000"	"0.399954591672141870"	"3.0000"	"7.3956"	"7.5120"	"7.9372"	"15.4843"	"50.766026"	"40.645255047354930000"	"-8.638237561052064000"	"0"	"0.0000"	"1"	"0.1848"	"3"	"0.5545"	"2"	"0.3697"	"0"	"0.0000"	"0"	"0.0000"
"49"	"262"	"532"	"0.1104"	"12.592233778838825000"	"1.481660146238212400"	"2.9944"	"8.3910"	"8.3947"	"8.7293"	"17.7688"	"56.700038"	"40.636367032319380000"	"-8.632697957587734000"	"1"	"0.1880"	"1"	"0.1880"	"0"	"0.0000"	"0"	"0.0000"	"0"	"0.0000"	"1"	"0.1880"
"53"	"65"	"531"	"0.1102"	"32.973715226459866000"	"1.002649302831620800"	"3.0247"	"7.9284"	"7.7797"	"7.7872"	"15.7062"	"52.211827"	"40.637343960777514000"	"-8.639660894398029000"	"0"	"0.0000"	"0"	"0.0000"	"0"	"0.0000"	"1"	"0.1883"	"0"	"0.0000"	"0"	"0.0000"
"42"	"160"	"492"	"0.1021"	"57.030677882636470000"	"1.609964810008925200"	"2.9980"	"8.7947"	"8.8333"	"9.2398"	"19.7236"	"59.706342"	"40.639084914184720000"	"-8.649089353644216000"	"0"	"0.0000"	"0"	"0.0000"	"0"	"0.0000"	"0"	"0.0000"	"0"	"0.0000"	"0"	"0.0000"
"18"	"0"	"483"	"0.1002"	"39.971413466637940000"	"1.487207451382199000"	"2.9730"	"8.6998"	"8.6004"	"8.6046"	"18.5673"	"57.566273"	"40.637192869293160000"	"-8.629098926700983000"	"0"	"0.0000"	"0"	"0.0000"	"4"	"0.8282"	"0"	"0.0000"	"0"	"0.0000"	"0"	"0.0000"
"421"	"95"	"475"	"0.0986"	"9.379565564672237000"	"0.497912721441185200"	"2.9893"	"8.9558"	"9.0589"	"9.0295"	"19.7432"	"60.098421"	"40.637146270160380000"	"-8.641145925437959000"	"0"	"0.0000"	"0"	"0.0000"	"0"	"0.0000"	"0"	"0.0000"	"0"	"0.0000"	"0"	"0.0000"
"354"	"911"	"466"	"0.0967"	"12.785800357830935000"	"1.084626729503787700"	"2.9634"	"7.4506"	"7.2167"	"7.8133"	"15.5858"	"49.956932"	"40.636803465708056000"	"-8.640423139540069000"	"0"	"0.0000"	"0"	"0.0000"	"4"	"0.8584"	"0"	"0.0000"	"1"	"0.2146"	"0"	"0.0000"
"669"	"2614"	"443"	"0.0919"	"0.103448693857068130"	"0.099944895835547190"	"3.0135"	"7.8262"	"8.1129"	"8.0677"	"17.4312"	"53.348352"	"40.636758961809330000"	"-8.635766696239024000"	"0"	"0.0000"	"0"	"0.0000"	"0"	"0.0000"	"0"	"0.0000"	"0"	"0.0000"	"0"	"0.0000"
"204"	"1244"	"439"	"0.0911"	"7.473169238736096000"	"0.613255010143806900"	"3.0183"	"7.5080"	"7.3576"	"7.6583"	"16.5490"	"50.053235"	"40.640318990453770000"	"-8.641280748718172000"	"2"	"0.4556"	"0"	"0.0000"	"7"	"1.5945"	"0"	"0.0000"	"0"	"0.0000"	"0"	"0.0000"
"428"	"0"	"433"	"0.0899"	"33.827294136260775000"	"1.199231647944950500"	"3.0023"	"7.8614"	"8.2910"	"8.2448"	"16.9007"	"54.216189"	"40.637613189662744000"	"-8.636670749260922000"	"0"	"0.0000"	"0"	"0.0000"	"2"	"0.4619"	"0"	"0.0000"	"0"	"0.0000"	"0"	"0.0000"
"113"	"0"	"422"	"0.0876"	"36.525577888352856000"	"1.106430550085960400"	"3.0119"	"7.5972"	"7.6114"	"7.9171"	"16.3009"	"51.390214"	"40.637528816397584000"	"-8.633894587807362000"	"0"	"0.0000"	"0"	"0.0000"	"3"	"0.7109"	"0"	"0.0000"	"0"	"0.0000"	"0"	"0.0000"
"704"	"0"	"413"	"0.0857"	"2.877112436585310000"	"0.301056226869908900"	"3.0024"	"8.5206"	"8.5254"	"8.1574"	"16.8475"	"56.007651"	"40.637025374414456000"	"-8.639790963131585000"	"0"	"0.0000"	"0"	"0.0000"	"0"	"0.0000"	"0"	"0.0000"	"0"	"0.0000"	"0"	"0.0000"
"782"	"0"	"386"	"0.0801"	"30.178877512201087000"	"0.595776878781133000"	"2.9844"	"8.1425"	"8.3549"	"8.2720"	"17.8990"	"55.043135"	"40.638245688500106000"	"-8.640210293483825000"	"0"	"0.0000"	"0"	"0.0000"	"0"	"0.0000"	"0"	"0.0000"	"0"	"0.0000"	"0"	"0.0000"
"26"	"49"	"374"	"0.0776"	"30.955252165435464000"	"0.795802523612335200"	"2.9866"	"7.9305"	"7.6444"	"7.5535"	"15.4786"	"51.396498"	"40.638076435657410000"	"-8.633672733791293000"	"0"	"0.0000"	"0"	"0.0000"	"0"	"0.0000"	"0"	"0.0000"	"0"	"0.0000"	"0"	"0.0000"
"164"	"0"	"373"	"0.0774"	"42.181466419209710000"	"1.610980109021228000"	"3.0108"	"8.3807"	"8.5416"	"8.4584"	"18.8874"	"56.401341"	"40.637686474246834000"	"-8.630788187066242000"	"0"	"0.0000"	"0"	"0.0000"	"0"	"0.0000"	"0"	"0.0000"	"0"	"0.0000"	"0"	"0.0000"
"627"	"0"	"372"	"0.0772"	"10.508949033012287000"	"0.494287886388218470"	"3.0000"	"8.3763"	"8.3280"	"8.7473"	"18.1962"	"56.559059"	"40.636913795277025000"	"-8.634058849073224000"	"0"	"0.0000"	"0"	"0.0000"	"1"	"0.2688"	"0"	"0.0000"	"0"	"0.0000"	"0"	"0.0000"
"422"	"96"	"368"	"0.0764"	"6.630301243311738000"	"0.305204682929875240"	"3.0384"	"7.3207"	"7.6522"	"7.2473"	"15.9728"	"49.378016"	"40.643584641702720000"	"-8.639369159664254000"	"0"	"0.0000"	"0"	"0.0000"	"1"	"0.2717"	"0"	"0.0000"	"0"	"0.0000"	"1"	"0.2717"
"217"	"1268"	"358"	"0.0743"	"127.475707692592420000"	"1.791724127547747600"	"3.0056"	"8.1034"	"7.8547"	"7.7765"	"16.5615"	"52.743520"	"40.637303966164374000"	"-8.637509290945587000"	"0"	"0.0000"	"0"	"0.0000"	"0"	"0.0000"	"0"	"0.0000"	"0"	"0.0000"	"0"	"0.0000"
"118"	"0"	"327"	"0.0679"	"15.969940579994738000"	"0.609413578513929900"	"3.0122"	"7.0245"	"7.9083"	"7.1284"	"15.5321"	"49.025046"	"40.646439771727660000"	"-8.635453163196630000"	"0"	"0.0000"	"0"	"0.0000"	"0"	"0.0000"	"0"	"0.0000"	"0"	"0.0000"	"0"	"0.0000"
"529"	"0"	"326"	"0.0677"	"8.545967487188486000"	"0.299130348792442900"	"3.0092"	"7.8374"	"7.7822"	"7.8006"	"16.7515"	"52.045061"	"40.638971892439370000"	"-8.638770875439295000"	"0"	"0.0000"	"0"	"0.0000"	"1"	"0.3067"	"0"	"0.0000"	"0"	"0.0000"	"0"	"0.0000"
"305"	"1472"	"315"	"0.0654"	"120.306301080612910000"	"0.881717388024405800"	"2.9968"	"7.6476"	"8.1714"	"7.9492"	"16.0317"	"52.818254"	"40.636372116282566000"	"-8.636987562599963000"	"0"	"0.0000"	"0"	"0.0000"	"0"	"0.0000"	"0"	"0.0000"	"0"	"0.0000"	"0"	"0.0000"
"288"	"0"	"313"	"0.0650"	"47.472544765472410000"	"1.395292737791615300"	"2.9903"	"7.8115"	"7.7316"	"8.0383"	"16.2045"	"52.403003"	"40.636300775539640000"	"-8.637748963081250000"	"1"	"0.3195"	"0"	"0.0000"	"0"	"0.0000"	"0"	"0.0000"	"0"	"0.0000"	"0"	"0.0000"
"281"	"295"	"308"	"0.0639"	"20.526528367748508000"	"0.790903428448485000"	"3.0032"	"9.2825"	"9.2273"	"9.2630"	"19.0974"	"61.717175"	"40.637534059146105000"	"-8.639539989469483000"	"0"	"0.0000"	"0"	"0.0000"	"0"	"0.0000"	"0"	"0.0000"	"0"	"0.0000"	"0"	"0.0000"
"662"	"0"	"289"	"0.0600"	"16.533806083913436000"	"0.702771893300508000"	"2.9895"	"8.2422"	"8.2526"	"8.0104"	"17.8789"	"54.456298"	"40.635376437076020000"	"-8.637334865335927000"	"0"	"0.0000"	"0"	"0.0000"	"0"	"0.0000"	"0"	"0.0000"	"1"	"0.3460"	"0"	"0.0000"
"93"	"0"	"274"	"0.0569"	"0.100962919652135750"	"1.587000011745160600"	"2.9854"	"8.4526"	"8.6241"	"8.8029"	"18.0292"	"57.510110"	"40.637763733556460000"	"-8.638907448914480000"	"0"	"0.0000"	"0"	"0.0000"	"0"	"0.0000"	"0"	"0.0000"	"0"	"0.0000"	"0"	"0.0000"
"79"	"1017"	"273"	"0.0567"	"36.155689181862300000"	"1.178789584627955000"	"2.9524"	"8.4322"	"8.0476"	"8.3040"	"18.2198"	"55.075202"	"40.646741134319600000"	"-8.635399767630254000"	"0"	"0.0000"	"0"	"0.0000"	"0"	"0.0000"	"0"	"0.0000"	"0"	"0.0000"	"0"	"0.0000"
"375"	"767"	"267"	"0.0554"	"208.154303093676300000"	"1.189598007247133000"	"3.0038"	"8.5356"	"7.9738"	"8.3970"	"17.5955"	"55.347378"	"40.637504823775560000"	"-8.640059301174233000"	"0"	"0.0000"	"0"	"0.0000"	"0"	"0.0000"	"0"	"0.0000"	"0"	"0.0000"	"0"	"0.0000"
"200"	"719"	"262"	"0.0544"	"1.038438346879235500"	"0.715897560690554500"	"3.0000"	"7.2863"	"7.6985"	"7.7099"	"15.3168"	"50.432710"	"40.636642430885345000"	"-8.640225859495647000"	"0"	"0.0000"	"0"	"0.0000"	"0"	"0.0000"	"0"	"0.0000"	"0"	"0.0000"	"0"	"0.0000"
"435"	"794"	"258"	"0.0535"	"39.472388134446255000"	"1.005921926031741000"	"3.0116"	"8.6163"	"8.3488"	"8.5814"	"18.1085"	"56.769923"	"40.637673781953070000"	"-8.638980757347502000"	"1"	"0.3876"	"0"	"0.0000"	"0"	"0.0000"	"0"	"0.0000"	"0"	"0.0000"	"0"	"0.0000"
"34"	"788"	"253"	"0.0525"	"62.540020222720420000"	"1.394839769766735800"	"3.0040"	"8.7905"	"9.0237"	"8.7708"	"18.7945"	"59.077945"	"40.636984610518674000"	"-8.638748260283927000"	"0"	"0.0000"	"0"	"0.0000"	"0"	"0.0000"	"0"	"0.0000"	"0"	"0.0000"	"0"	"0.0000"
"54"	"286"	"250"	"0.0519"	"19.548857473373413000"	"0.791993201851844600"	"2.9920"	"7.5640"	"7.5440"	"7.5840"	"14.8080"	"50.426360"	"40.646926203768860000"	"-8.637680518871239000"	"0"	"0.0000"	"0"	"0.0000"	"0"	"0.0000"	"0"	"0.0000"	"0"	"0.0000"	"0"	"0.0000"
"328"	"746"	"247"	"0.0513"	"15.439984810109042000"	"0.710481231309929600"	"3.0041"	"8.5344"	"8.0121"	"8.9919"	"17.5263"	"56.751903"	"40.638601605378430000"	"-8.640289674299245000"	"0"	"0.0000"	"0"	"0.0000"	"0"	"0.0000"	"0"	"0.0000"	"0"	"0.0000"	"0"	"0.0000"
"82"	"658"	"241"	"0.0500"	"62.104821264743805000"	"1.006634485100706500"	"2.9875"	"7.8631"	"7.5436"	"7.9336"	"16.2531"	"51.867262"	"40.636940532324154000"	"-8.649436139446518000"	"0"	"0.0000"	"0"	"0.0000"	"0"	"0.0000"	"0"	"0.0000"	"0"	"0.0000"	"0"	"0.0000"
"85"	"0"	"224"	"0.0465"	"89.663966619380390000"	"1.827168731411476400"	"3.0269"	"8.4330"	"8.8393"	"8.4554"	"18.4330"	"57.172098"	"40.637302043526056000"	"-8.635082175681430000"	"0"	"0.0000"	"0"	"0.0000"	"0"	"0.0000"	"0"	"0.0000"	"0"	"0.0000"	"0"	"0.0000"
"31"	"782"	"221"	"0.0459"	"61.345633739799396000"	"1.300366559988772600"	"3.0090"	"9.4344"	"8.8100"	"8.7964"	"18.4796"	"60.090543"	"40.636906534323760000"	"-8.637182630382918000"	"1"	"0.4525"	"0"	"0.0000"	"0"	"0.0000"	"0"	"0.0000"	"0"	"0.0000"	"0"	"0.0000"
"769"	"0"	"219"	"0.0455"	"73.078744748316780000"	"0.506430040805711900"	"2.9817"	"7.9132"	"7.5936"	"7.7626"	"16.8950"	"51.709863"	"40.644864776592310000"	"-8.638208198742670000"	"0"	"0.0000"	"0"	"0.0000"	"0"	"0.0000"	"0"	"0.0000"	"0"	"0.0000"	"0"	"0.0000"
"550"	"137"	"217"	"0.0450"	"18.546043605716140000"	"1.003926624302511000"	"3.0046"	"8.1521"	"7.4240"	"7.3134"	"16.3318"	"50.865484"	"40.644188776844880000"	"-8.637961163001828000"	"1"	"0.4608"	"0"	"0.0000"	"0"	"0.0000"	"0"	"0.0000"	"0"	"0.0000"	"1"	"0.4608"
"143"	"199"	"214"	"0.0444"	"471.082400241744840000"	"2.094392516902674500"	"2.9766"	"8.1776"	"8.2710"	"8.0888"	"16.5234"	"54.527570"	"40.637903496584500000"	"-8.640228843390444000"	"0"	"0.0000"	"0"	"0.0000"	"0"	"0.0000"	"0"	"0.0000"	"0"	"0.0000"	"0"	"0.0000"
"302"	"923"	"211"	"0.0438"	"10.984710508048252000"	"0.502367587874851000"	"3.0190"	"7.5261"	"7.7109"	"7.4929"	"15.4171"	"50.511043"	"40.637905475661510000"	"-8.638356886802491000"	"0"	"0.0000"	"0"	"0.0000"	"1"	"0.4739"	"0"	"0.0000"	"0"	"0.0000"	"0"	"0.0000"
"318"	"734"	"203"	"0.0421"	"22.500610737800600000"	"0.806922101825475400"	"3.0600"	"7.3744"	"7.7783"	"7.3695"	"15.4778"	"50.049113"	"40.645796350732745000"	"-8.637991230017647000"	"0"	"0.0000"	"0"	"0.0000"	"0"	"0.0000"	"0"	"0.0000"	"0"	"0.0000"	"0"	"0.0000"
"289"	"0"	"196"	"0.0407"	"139.378930057623450000"	"2.050114259047386000"	"3.0154"	"8.2041"	"7.9031"	"8.2806"	"16.9541"	"54.195102"	"40.637441601917810000"	"-8.638249050842447000"	"0"	"0.0000"	"0"	"0.0000"	"0"	"0.0000"	"0"	"0.0000"	"0"	"0.0000"	"0"	"0.0000"
"372"	"758"	"196"	"0.0407"	"115.476631636472090000"	"1.108234530257195200"	"3.0309"	"8.7449"	"8.3622"	"8.2908"	"17.8469"	"56.439745"	"40.636686092138035000"	"-8.640309235125576000"	"1"	"0.5102"	"0"	"0.0000"	"0"	"0.0000"	"0"	"0.0000"	"0"	"0.0000"	"0"	"0.0000"
"134"	"0"	"192"	"0.0398"	"30.981930886705715000"	"1.017763876666625300"	"3.0260"	"7.5938"	"7.7240"	"7.7760"	"15.8125"	"51.319427"	"40.638940749612516000"	"-8.645826593006818000"	"0"	"0.0000"	"0"	"0.0000"	"0"	"0.0000"	"0"	"0.0000"	"0"	"0.0000"	"0"	"0.0000"
"398"	"1664"	"192"	"0.0398"	"24.616976565715530000"	"1.182003820441780200"	"2.9895"	"8.1354"	"8.7292"	"7.7813"	"16.4531"	"54.768854"	"40.638346329836600000"	"-8.634667104852493000"	"1"	"0.5208"	"0"	"0.0000"	"0"	"0.0000"	"0"	"0.0000"	"0"	"0.0000"	"0"	"0.0000"
"104"	"224"	"190"	"0.0394"	"6.831006399581307000"	"0.401254821372659050"	"2.9947"	"7.4579"	"8.3632"	"7.9474"	"16.5737"	"52.818895"	"40.637481029961876000"	"-8.640920967588546000"	"0"	"0.0000"	"0"	"0.0000"	"0"	"0.0000"	"0"	"0.0000"	"0"	"0.0000"	"0"	"0.0000"
"282"	"298"	"189"	"0.0392"	"49.801787906222870000"	"1.601831709266339700"	"3.0000"	"8.8042"	"8.6455"	"8.6296"	"19.2593"	"57.954392"	"40.637822368057580000"	"-8.639021228558330000"	"0"	"0.0000"	"0"	"0.0000"	"1"	"0.5291"	"0"	"0.0000"	"0"	"0.0000"	"0"	"0.0000"
"242"	"0"	"182"	"0.0378"	"46.736609701293610000"	"1.480642766583690000"	"3.0055"	"7.8242"	"7.7527"	"7.6703"	"17.7802"	"51.660385"	"40.638670502069060000"	"-8.639975981377926000"	"1"	"0.5495"	"0"	"0.0000"	"0"	"0.0000"	"0"	"0.0000"	"0"	"0.0000"	"0"	"0.0000"
"154"	"1124"	"179"	"0.0371"	"106.811268774311190000"	"1.833226070310292700"	"3.0112"	"8.3911"	"7.5754"	"7.9721"	"16.9162"	"53.197039"	"40.638124064196866000"	"-8.639798399269548000"	"0"	"0.0000"	"0"	"0.0000"	"0"	"0.0000"	"0"	"0.0000"	"0"	"0.0000"	"0"	"0.0000"
"688"	"0"	"178"	"0.0369"	"33.378913793670996000"	"0.512827051322112500"	"3.0506"	"7.5674"	"8.1854"	"7.0843"	"17.0843"	"50.748820"	"40.645947023114815000"	"-8.636724653519797000"	"0"	"0.0000"	"0"	"0.0000"	"0"	"0.0000"	"0"	"0.0000"	"0"	"0.0000"	"0"	"0.0000"
"135"	"0"	"176"	"0.0365"	"26.969663733785804000"	"0.827253029935739200"	"3.0455"	"7.4545"	"7.5625"	"7.0057"	"15.6080"	"48.939602"	"40.638994139200990000"	"-8.645479153968418000"	"0"	"0.0000"	"0"	"0.0000"	"0"	"0.0000"	"0"	"0.0000"	"0"	"0.0000"	"0"	"0.0000"
"160"	"1142"	"171"	"0.0355"	"87.473614475183330000"	"2.268229364651685600"	"2.9766"	"7.1871"	"7.1228"	"7.2573"	"15.6433"	"47.927369"	"40.638071347185180000"	"-8.639930800036659000"	"0"	"0.0000"	"0"	"0.0000"	"0"	"0.0000"	"0"	"0.0000"	"0"	"0.0000"	"0"	"0.0000"
"157"	"1133"	"165"	"0.0342"	"80.152169071544310000"	"1.683895900393977300"	"3.0242"	"8.3091"	"8.0727"	"7.9697"	"15.9939"	"54.114606"	"40.637828713967140000"	"-8.638443202470134000"	"0"	"0.0000"	"0"	"0.0000"	"0"	"0.0000"	"0"	"0.0000"	"0"	"0.0000"	"0"	"0.0000"
"714"	"0"	"164"	"0.0340"	"8.247211667095742000"	"0.500101364058692500"	"2.9939"	"8.9634"	"8.2622"	"7.6951"	"17.9268"	"55.379451"	"40.637512362737624000"	"-8.638352420531358000"	"0"	"0.0000"	"0"	"0.0000"	"1"	"0.6098"	"0"	"0.0000"	"0"	"0.0000"	"0"	"0.0000"
"14"	"619"	"163"	"0.0338"	"10.219394468822362000"	"0.599916836052584700"	"3.0000"	"8.7178"	"8.6196"	"8.7362"	"18.9080"	"57.941717"	"40.638586591504996000"	"-8.631492424719130000"	"0"	"0.0000"	"0"	"0.0000"	"0"	"0.0000"	"0"	"0.0000"	"0"	"0.0000"	"0"	"0.0000"
"544"	"0"	"155"	"0.0322"	"60.607710992136310000"	"1.214215890053780000"	"3.0323"	"8.0452"	"8.1097"	"8.2710"	"18.0065"	"54.279548"	"40.638009387169600000"	"-8.637815075125227000"	"0"	"0.0000"	"0"	"0.0000"	"0"	"0.0000"	"0"	"0.0000"	"0"	"0.0000"	"0"	"0.0000"
"246"	"313"	"149"	"0.0309"	"79.195031889333020000"	"0.628771814723942800"	"3.0403"	"8.8456"	"8.6577"	"8.6309"	"17.2148"	"58.076376"	"40.636767745998770000"	"-8.634880663267984000"	"1"	"0.6711"	"0"	"0.0000"	"0"	"0.0000"	"0"	"0.0000"	"0"	"0.0000"	"0"	"0.0000"
"317"	"0"	"143"	"0.0297"	"84.467800260423790000"	"1.711603273044932900"	"2.9441"	"8.0000"	"8.6783"	"8.6783"	"18.3077"	"56.348462"	"40.635742807784080000"	"-8.649967434581466000"	"0"	"0.0000"	"0"	"0.0000"	"0"	"0.0000"	"0"	"0.0000"	"0"	"0.0000"	"0"	"0.0000"
"690"	"0"	"136"	"0.0282"	"7.845257960698184000"	"0.510712247122736900"	"3.0147"	"8.3676"	"8.8235"	"8.2426"	"17.7059"	"56.519633"	"40.644771633186570000"	"-8.639073394266370000"	"0"	"0.0000"	"0"	"0.0000"	"2"	"1.4706"	"0"	"0.0000"	"0"	"0.0000"	"0"	"0.0000"
"971"	"0"	"130"	"0.0270"	"35.312311771304110000"	"0.596450204304022400"	"3.0310"	"7.3615"	"7.5615"	"7.9769"	"17.0308"	"50.888769"	"40.636869598426710000"	"-8.640217944855454000"	"0"	"0.0000"	"0"	"0.0000"	"0"	"0.0000"	"0"	"0.0000"	"0"	"0.0000"	"0"	"0.0000"
"308"	"0"	"128"	"0.0266"	"32.669843485974890000"	"1.301136832537613600"	"3.0079"	"9.3359"	"8.9297"	"9.1016"	"18.0938"	"60.815938"	"40.638103919154624000"	"-8.639398278117785000"	"0"	"0.0000"	"0"	"0.0000"	"2"	"1.5625"	"0"	"0.0000"	"0"	"0.0000"	"0"	"0.0000"
"98"	"870"	"120"	"0.0249"	"6.331218367815017000"	"0.390030897160371100"	"3.0167"	"7.1000"	"7.6667"	"6.7667"	"15.3000"	"47.852000"	"40.646092529082480000"	"-8.636204758002814000"	"0"	"0.0000"	"0"	"0.0000"	"0"	"0.0000"	"0"	"0.0000"	"0"	"0.0000"	"0"	"0.0000"
"207"	"803"	"118"	"0.0245"	"66.313527328627440000"	"1.105055134743452000"	"3.0446"	"8.9322"	"9.0169"	"9.5169"	"18.6186"	"61.035932"	"40.637008742114270000"	"-8.636312424942858000"	"0"	"0.0000"	"0"	"0.0000"	"0"	"0.0000"	"1"	"0.8475"	"0"	"0.0000"	"0"	"0.0000"
"119"	"0"	"118"	"0.0245"	"39.292373329906140000"	"1.292862828505241300"	"3.0085"	"7.6441"	"7.3220"	"6.8220"	"16.7458"	"48.418221"	"40.646320535814880000"	"-8.638106399166753000"	"0"	"0.0000"	"0"	"0.0000"	"0"	"0.0000"	"0"	"0.0000"	"0"	"0.0000"	"0"	"0.0000"
"996"	"0"	"106"	"0.0220"	"17.450339798657400000"	"0.497098378696531840"	"2.9906"	"8.0377"	"7.8774"	"7.6604"	"17.5472"	"52.390472"	"40.636389382182170000"	"-8.639157181071367000"	"0"	"0.0000"	"0"	"0.0000"	"0"	"0.0000"	"0"	"0.0000"	"0"	"0.0000"	"0"	"0.0000"
"55"	"289"	"103"	"0.0214"	"81.825219023461430000"	"1.706924849865483200"	"3.0098"	"8.1165"	"7.4369"	"7.4078"	"14.1845"	"51.024175"	"40.646260396533580000"	"-8.637953427601369000"	"0"	"0.0000"	"0"	"0.0000"	"0"	"0.0000"	"0"	"0.0000"	"0"	"0.0000"	"0"	"0.0000"
"457"	"0"	"95"	"0.0197"	"25.176805355674343000"	"1.208270112464302700"	"3.0105"	"7.2842"	"7.3053"	"8.4316"	"15.3789"	"51.158105"	"40.645363551342065000"	"-8.637395079584193000"	"0"	"0.0000"	"0"	"0.0000"	"0"	"0.0000"	"0"	"0.0000"	"0"	"0.0000"	"0"	"0.0000"
"340"	"0"	"93"	"0.0193"	"23.660786792796145000"	"0.882636666297912900"	"2.9677"	"7.5591"	"8.1613"	"9.2258"	"16.1828"	"55.436129"	"40.646358902305070000"	"-8.637086041679781000"	"0"	"0.0000"	"0"	"0.0000"	"0"	"0.0000"	"0"	"0.0000"	"0"	"0.0000"	"0"	"0.0000"
"124"	"0"	"93"	"0.0193"	"41.145536873930250000"	"1.398124944779180800"	"2.9892"	"7.8280"	"8.3871"	"8.0108"	"18.0215"	"53.834732"	"40.638744466138310000"	"-8.640394046338573000"	"0"	"0.0000"	"0"	"0.0000"	"0"	"0.0000"	"0"	"0.0000"	"0"	"0.0000"	"0"	"0.0000"
"181"	"652"	"88"	"0.0183"	"60.864632178997170000"	"1.371168880627073400"	"2.9655"	"8.0909"	"7.2727"	"6.7273"	"16.4205"	"49.090796"	"40.637566753299275000"	"-8.640301935744356000"	"0"	"0.0000"	"0"	"0.0000"	"1"	"1.1364"	"0"	"0.0000"	"0"	"0.0000"	"0"	"0.0000"
"306"	"1475"	"84"	"0.0174"	"381.443260329110300000"	"2.142266358648028000"	"3.0000"	"8.3929"	"8.3929"	"8.2262"	"15.6786"	"55.581667"	"40.637072385821640000"	"-8.639473522787947000"	"0"	"0.0000"	"0"	"0.0000"	"0"	"0.0000"	"0"	"0.0000"	"0"	"0.0000"	"0"	"0.0000"
"698"	"0"	"76"	"0.0158"	"25.626533985137940000"	"1.300925461085219200"	"2.9868"	"7.9474"	"8.4737"	"7.4474"	"15.4868"	"53.041316"	"40.645211048171040000"	"-8.638010245220410000"	"0"	"0.0000"	"0"	"0.0000"	"0"	"0.0000"	"0"	"0.0000"	"0"	"0.0000"	"0"	"0.0000"
"779"	"0"	"75"	"0.0156"	"19.215055175729700000"	"0.892715222126728600"	"3.0000"	"8.5067"	"7.2000"	"7.1600"	"16.5467"	"50.814667"	"40.645147574389510000"	"-8.639685065183276000"	"0"	"0.0000"	"0"	"0.0000"	"0"	"0.0000"	"0"	"0.0000"	"0"	"0.0000"	"0"	"0.0000"
"59"	"283"	"68"	"0.0141"	"149.757063837612380000"	"1.856354845797314500"	"2.9706"	"8.1029"	"7.8824"	"7.5147"	"14.8529"	"52.222941"	"40.635123472242945000"	"-8.634463898925090000"	"1"	"1.4706"	"0"	"0.0000"	"0"	"0.0000"	"0"	"0.0000"	"0"	"0.0000"	"0"	"0.0000"
"205"	"1247"	"65"	"0.0135"	"135.083822455772970000"	"1.217288773793440400"	"2.9846"	"7.2615"	"7.0769"	"8.4462"	"15.7077"	"50.632923"	"40.644788432207380000"	"-8.640488757251510000"	"0"	"0.0000"	"0"	"0.0000"	"0"	"0.0000"	"0"	"0.0000"	"0"	"0.0000"	"0"	"0.0000"
"80"	"1020"	"65"	"0.0135"	"86.549231573251570000"	"1.653203116013453300"	"3.0308"	"7.9846"	"7.8000"	"8.8308"	"17.7538"	"54.700923"	"40.645390071561260000"	"-8.635249166216923000"	"0"	"0.0000"	"0"	"0.0000"	"1"	"1.5385"	"0"	"0.0000"	"0"	"0.0000"	"0"	"0.0000"
"343"	"0"	"65"	"0.0135"	"23.239913746714592000"	"0.524524053558707300"	"3.0000"	"8.2769"	"8.8462"	"7.7385"	"19.3538"	"55.248615"	"40.638840393711725000"	"-8.638778215744273000"	"0"	"0.0000"	"0"	"0.0000"	"0"	"0.0000"	"0"	"0.0000"	"0"	"0.0000"	"0"	"0.0000"
"631"	"0"	"63"	"0.0131"	"58.104292687915620000"	"1.398022098200662100"	"3.0159"	"7.5556"	"7.0317"	"8.0794"	"15.7460"	"50.370318"	"40.636728397439840000"	"-8.642192579967292000"	"0"	"0.0000"	"0"	"0.0000"	"1"	"1.5873"	"0"	"0.0000"	"0"	"0.0000"	"0"	"0.0000"
"376"	"770"	"58"	"0.0120"	"575.686145447848200000"	"1.603446299569648800"	"3.0175"	"8.6724"	"7.6724"	"8.0517"	"16.8793"	"54.214311"	"40.639829384094070000"	"-8.637621470287291000"	"0"	"0.0000"	"0"	"0.0000"	"0"	"0.0000"	"0"	"0.0000"	"0"	"0.0000"	"0"	"0.0000"
"126"	"634"	"50"	"0.0104"	"43.108386726379390000"	"1.262247550487518400"	"2.9200"	"6.5000"	"7.9400"	"9.1800"	"15.4400"	"52.489400"	"40.638177829917590000"	"-8.638377443053260000"	"0"	"0.0000"	"0"	"0.0000"	"0"	"0.0000"	"0"	"0.0000"	"0"	"0.0000"	"0"	"0.0000"
"346"	"1571"	"49"	"0.0102"	"60.234801193078360000"	"1.482069416592518800"	"2.9167"	"8.5510"	"8.9592"	"7.6939"	"17.1633"	"56.008368"	"40.642541827684525000"	"-8.639804949158126000"	"0"	"0.0000"	"0"	"0.0000"	"0"	"0.0000"	"0"	"0.0000"	"0"	"0.0000"	"0"	"0.0000"
"185"	"0"	"48"	"0.0100"	"43.808130142536570000"	"1.263292170585470300"	"3.0000"	"9.1250"	"8.1042"	"7.7917"	"15.1875"	"55.601459"	"40.641022237830460000"	"-8.636091352836333000"	"0"	"0.0000"	"0"	"0.0000"	"0"	"0.0000"	"0"	"0.0000"	"0"	"0.0000"	"0"	"0.0000"
"373"	"761"	"47"	"0.0098"	"111.443999838321770000"	"1.529873104805642000"	"3.0000"	"7.3830"	"9.5532"	"9.2979"	"17.7234"	"58.298298"	"40.639426598987290000"	"-8.641876918958662000"	"0"	"0.0000"	"0"	"0.0000"	"1"	"2.1277"	"0"	"0.0000"	"0"	"0.0000"	"1"	"2.1277"
"169"	"202"	"45"	"0.0093"	"81.077311537000870000"	"1.886262604925368000"	"3.0667"	"8.7556"	"8.0000"	"7.9333"	"19.9111"	"54.863556"	"40.636934411640304000"	"-8.651777605723865000"	"0"	"0.0000"	"0"	"0.0000"	"0"	"0.0000"	"0"	"0.0000"	"0"	"0.0000"	"0"	"0.0000"
"229"	"232"	"44"	"0.0091"	"40.904659878123890000"	"1.510559919205579200"	"3.1364"	"8.1591"	"7.8864"	"7.4773"	"18.5000"	"52.273409"	"40.637625642173050000"	"-8.633849646651074000"	"0"	"0.0000"	"0"	"0.0000"	"0"	"0.0000"	"0"	"0.0000"	"0"	"0.0000"	"0"	"0.0000"
"95"	"902"	"41"	"0.0085"	"221.023297193573740000"	"8.915261931535674000"	"3.0244"	"9.6098"	"8.2439"	"8.7317"	"18.8049"	"59.078293"	"40.638196269911260000"	"-8.639213490429107000"	"0"	"0.0000"	"0"	"0.0000"	"0"	"0.0000"	"0"	"0.0000"	"0"	"0.0000"	"0"	"0.0000"
"348"	"1577"	"40"	"0.0083"	"66.089833879470830000"	"1.464304226636886900"	"2.9750"	"8.5750"	"8.3000"	"7.2750"	"16.6250"	"53.667750"	"40.643533982557860000"	"-8.640314782864353000"	"0"	"0.0000"	"0"	"0.0000"	"0"	"0.0000"	"0"	"0.0000"	"0"	"0.0000"	"0"	"0.0000"
"696"	"0"	"36"	"0.0075"	"30.385126882129246000"	"0.857008356187078700"	"3.1389"	"7.9444"	"8.9722"	"7.5278"	"20.3611"	"54.321667"	"40.643621646866656000"	"-8.638817802066800000"	"0"	"0.0000"	"0"	"0.0000"	"0"	"0.0000"	"0"	"0.0000"	"0"	"0.0000"	"0"	"0.0000"
"219"	"0"	"36"	"0.0075"	"57.957383844587540000"	"0.814084812998770800"	"3.0833"	"8.2778"	"7.5278"	"8.5278"	"18.1111"	"54.073889"	"40.636657763712510000"	"-8.647581807164949000"	"0"	"0.0000"	"0"	"0.0000"	"0"	"0.0000"	"0"	"0.0000"	"0"	"0.0000"	"0"	"0.0000"
"622"	"0"	"31"	"0.0064"	"83.406721238167050000"	"0.943613021604476200"	"2.9355"	"8.4194"	"8.0968"	"9.1613"	"18.0323"	"57.061613"	"40.638327931336570000"	"-8.642508846815344000"	"0"	"0.0000"	"0"	"0.0000"	"0"	"0.0000"	"0"	"0.0000"	"0"	"0.0000"	"0"	"0.0000"
"247"	"316"	"31"	"0.0064"	"160.397705570344020000"	"1.224677272381321700"	"3.1613"	"9.2581"	"8.4516"	"9.1935"	"16.6452"	"59.784839"	"40.638349890193520000"	"-8.630604759707865000"	"0"	"0.0000"	"0"	"0.0000"	"0"	"0.0000"	"0"	"0.0000"	"0"	"0.0000"	"0"	"0.0000"
"105"	"79"	"28"	"0.0058"	"50.377431971686230000"	"1.019837859485830800"	"2.9643"	"7.9286"	"8.0714"	"8.1071"	"16.1429"	"53.571429"	"40.638654390535110000"	"-8.629785567318750000"	"0"	"0.0000"	"0"	"0.0000"	"0"	"0.0000"	"0"	"0.0000"	"0"	"0.0000"	"0"	"0.0000"
"669"	"2616"	"26"	"0.0054"	"0.100544188171624600"	"0.098551591858268080"	"2.9231"	"8.2692"	"9.0000"	"7.7692"	"19.9231"	"55.641154"	"40.634437043022510000"	"-8.633521431488910000"	"0"	"0.0000"	"0"	"0.0000"	"0"	"0.0000"	"0"	"0.0000"	"0"	"0.0000"	"0"	"0.0000"
"669"	"2618"	"25"	"0.0052"	"0.102754843533038800"	"0.097899220436811220"	"2.9600"	"7.8400"	"8.6800"	"7.6400"	"16.3600"	"53.689199"	"40.635995061398710000"	"-8.635310271962204000"	"0"	"0.0000"	"0"	"0.0000"	"0"	"0.0000"	"0"	"0.0000"	"0"	"0.0000"	"0"	"0.0000"
"319"	"737"	"21"	"0.0044"	"84.301518249511720000"	"1.744076693058013800"	"3.0000"	"7.5714"	"7.1429"	"7.1905"	"14.0952"	"48.677143"	"40.645489139626590000"	"-8.635195030589713000"	"0"	"0.0000"	"0"	"0.0000"	"0"	"0.0000"	"0"	"0.0000"	"0"	"0.0000"	"0"	"0.0000"
"94"	"1044"	"21"	"0.0044"	"40.827794165838334000"	"1.495794301941281200"	"2.9524"	"8.1429"	"10.9524"	"8.1429"	"19.2381"	"60.529048"	"40.638746374223930000"	"-8.649687548342720000"	"0"	"0.0000"	"0"	"0.0000"	"0"	"0.0000"	"0"	"0.0000"	"0"	"0.0000"	"0"	"0.0000"
"594"	"0"	"21"	"0.0044"	"31.924864087785995000"	"1.181378855591728800"	"3.0476"	"8.5238"	"8.5714"	"6.1905"	"15.5238"	"51.745238"	"40.643932369587960000"	"-8.640796531797506000"	"0"	"0.0000"	"0"	"0.0000"	"0"	"0.0000"	"0"	"0.0000"	"0"	"0.0000"	"0"	"0.0000"
"90"	"876"	"18"	"0.0037"	"3.635300430986616000"	"0.290879040956496600"	"3.0000"	"9.0000"	"8.5000"	"6.2778"	"15.8889"	"52.839445"	"40.641895300543810000"	"-8.641063976194113000"	"0"	"0.0000"	"0"	"0.0000"	"0"	"0.0000"	"0"	"0.0000"	"0"	"0.0000"	"0"	"0.0000"
"112"	"849"	"15"	"0.0031"	"97.628625361124680000"	"1.724311661720276000"	"2.8000"	"8.3333"	"7.4667"	"8.5333"	"13.9333"	"54.074000"	"40.638819395605400000"	"-8.642823668558400000"	"0"	"0.0000"	"0"	"0.0000"	"0"	"0.0000"	"0"	"0.0000"	"0"	"0.0000"	"0"	"0.0000"
"344"	"0"	"14"	"0.0029"	"116.853213174002500000"	"1.552429786750248600"	"3.0714"	"7.5714"	"8.7857"	"8.2857"	"20.1429"	"54.761428"	"40.644144034658744000"	"-8.641252181269792000"	"0"	"0.0000"	"0"	"0.0000"	"0"	"0.0000"	"0"	"0.0000"	"0"	"0.0000"	"0"	"0.0000"
"99"	"873"	"14"	"0.0029"	"53.282967703683035000"	"1.243817465645926400"	"3.0000"	"8.2857"	"6.7857"	"7.0714"	"14.4286"	"49.206429"	"40.646478168098490000"	"-8.632034253566472000"	"0"	"0.0000"	"0"	"0.0000"	"0"	"0.0000"	"0"	"0.0000"	"0"	"0.0000"	"0"	"0.0000"
"525"	"0"	"12"	"0.0025"	"102.089062083851200000"	"0.875075405294244700"	"3.0000"	"7.8333"	"6.5000"	"7.3333"	"12.1667"	"48.147501"	"40.643748468120620000"	"-8.644297583856206000"	"0"	"0.0000"	"0"	"0.0000"	"0"	"0.0000"	"0"	"0.0000"	"0"	"0.0000"	"0"	"0.0000"
"329"	"749"	"6"	"0.0012"	"13.519077618916830000"	"1.028644392887753300"	"2.8333"	"7.8333"	"9.3333"	"5.8333"	"14.5000"	"51.111666"	"40.640295465795940000"	"-8.634881621735590000"	"0"	"0.0000"	"0"	"0.0000"	"0"	"0.0000"	"0"	"0.0000"	"0"	"0.0000"	"0"	"0.0000"
"248"	"319"	"5"	"0.0010"	"225.615470886230470000"	"2.117639088630678400"	"3.0000"	"6.8000"	"7.6000"	"8.4000"	"17.2000"	"50.666001"	"40.632575543827370000"	"-8.646214260336682000"	"0"	"0.0000"	"0"	"0.0000"	"0"	"0.0000"	"0"	"0.0000"	"0"	"0.0000"	"0"	"0.0000"
"436"	"0"	"5"	"0.0010"	"58.485164642333984000"	"0.511193150281905900"	"3.0000"	"5.4000"	"9.2000"	"7.4000"	"17.0000"	"48.886000"	"40.643279207421780000"	"-8.641042034347821000"	"0"	"0.0000"	"0"	"0.0000"	"0"	"0.0000"	"0"	"0.0000"	"0"	"0.0000"	"0"	"0.0000"
"15"	"622"	"3"	"0.0006"	"36.291238784790040000"	"1.191837151845296600"	"3.6667"	"4.0000"	"5.6667"	"9.3333"	"14.0000"	"42.223333"	"40.642156266497420000"	"-8.624217947791854000"	"0"	"0.0000"	"0"	"0.0000"	"0"	"0.0000"	"0"	"0.0000"	"0"	"0.0000"	"0"	"0.0000"
"330"	"752"	"3"	"0.0006"	"77.737848917643230000"	"1.889967044194536600"	"3.0000"	"13.0000"	"10.0000"	"12.6667"	"23.3333"	"79.256668"	"40.632874034511080000"	"-8.638447317559340000"	"0"	"0.0000"	"0"	"0.0000"	"0"	"0.0000"	"0"	"0.0000"	"0"	"0.0000"	"0"	"0.0000"
"213"	"827"	"3"	"0.0006"	"18.391189575195312000"	"0.615649422009790000"	"3.0000"	"9.0000"	"12.3333"	"9.3333"	"18.3333"	"68.149999"	"40.647359482327660000"	"-8.613648804570703000"	"0"	"0.0000"	"0"	"0.0000"	"0"	"0.0000"	"0"	"0.0000"	"0"	"0.0000"	"0"	"0.0000"
"132"	"59"	"3"	"0.0006"	\N	\N	"3.0000"	"6.0000"	"10.3333"	"9.0000"	"9.6667"	"56.300001"	"40.638265199547070000"	"-8.618372891505850000"	"0"	"0.0000"	"0"	"0.0000"	"0"	"0.0000"	"0"	"0.0000"	"0"	"0.0000"	"0"	"0.0000"
"4"	"0"	"2"	"0.0004"	"14.146385669708256000"	"0.691815733909604900"	"3.0000"	"11.0000"	"8.0000"	"6.0000"	"17.0000"	"55.554998"	"40.633422918249410000"	"-8.653698949035425000"	"0"	"0.0000"	"0"	"0.0000"	"0"	"0.0000"	"0"	"0.0000"	"0"	"0.0000"	"0"	"0.0000"
"254"	"0"	"2"	"0.0004"	"46.443597793579100000"	"1.730257749557495000"	"3.0000"	"10.0000"	"8.0000"	"5.0000"	"5.0000"	"51.115000"	"40.643446085483660000"	"-8.650777071749960000"	"0"	"0.0000"	"0"	"0.0000"	"0"	"0.0000"	"0"	"0.0000"	"0"	"0.0000"	"0"	"0.0000"
"315"	"0"	"2"	"0.0004"	"2.157790482044220000"	"0.303917035460475000"	"3.0000"	"10.0000"	"10.0000"	"8.0000"	"19.5000"	"62.220001"	"40.628797430858140000"	"-8.643988950023590000"	"0"	"0.0000"	"0"	"0.0000"	"0"	"0.0000"	"0"	"0.0000"	"0"	"0.0000"	"0"	"0.0000"
"74"	"68"	"2"	"0.0004"	"17.917038917541504000"	"0.407408311963080000"	"3.0000"	"9.0000"	"9.5000"	"0.0000"	"16.0000"	"41.110000"	"40.648294500000006000"	"-8.630997500000000000"	"0"	"0.0000"	"0"	"0.0000"	"0"	"0.0000"	"0"	"0.0000"	"0"	"0.0000"	"0"	"0.0000"
"91"	"879"	"2"	"0.0004"	"125.017623901367190000"	"1.413472473621365000"	"3.0000"	"6.5000"	"5.5000"	"4.5000"	"16.5000"	"36.665001"	"40.654275327584150000"	"-8.625559452093054000"	"0"	"0.0000"	"0"	"0.0000"	"0"	"0.0000"	"0"	"0.0000"	"0"	"0.0000"	"0"	"0.0000"
"361"	"0"	"2"	"0.0004"	"15.834857940673832000"	"0.707025259733200100"	"3.0000"	"2.5000"	"8.5000"	"9.5000"	"16.0000"	"45.555000"	"40.641033000000000000"	"-8.639619500000000000"	"0"	"0.0000"	"0"	"0.0000"	"0"	"0.0000"	"0"	"0.0000"	"0"	"0.0000"	"0"	"0.0000"
"75"	"69"	"2"	"0.0004"	"85.879623413085940000"	"0.896268904209135000"	"3.0000"	"6.5000"	"10.5000"	"6.5000"	"19.0000"	"52.220001"	"40.643963388254120000"	"-8.661691534933034000"	"0"	"0.0000"	"0"	"0.0000"	"0"	"0.0000"	"0"	"0.0000"	"0"	"0.0000"	"0"	"0.0000"
"425"	"0"	"2"	"0.0004"	"1.064755648374555000"	"0.373377114534375000"	"3.0000"	"7.5000"	"11.5000"	"7.5000"	"22.0000"	"58.890001"	"40.637718983758575000"	"-8.648929501686190000"	"0"	"0.0000"	"0"	"0.0000"	"0"	"0.0000"	"0"	"0.0000"	"0"	"0.0000"	"0"	"0.0000"
"142"	"1110"	"2"	"0.0004"	"59.849739074707030000"	"1.830287635326385000"	"3.0000"	"7.0000"	"12.5000"	"5.0000"	"15.5000"	"54.445000"	"40.640280425521020000"	"-8.638920210951738000"	"0"	"0.0000"	"0"	"0.0000"	"0"	"0.0000"	"0"	"0.0000"	"0"	"0.0000"	"0"	"0.0000"
"56"	"0"	"2"	"0.0004"	"20.741966247558590000"	"0.396220490336420040"	"3.0000"	"8.5000"	"6.0000"	"10.5000"	"24.0000"	"55.555000"	"40.635086108310176000"	"-8.639950321768776000"	"0"	"0.0000"	"0"	"0.0000"	"0"	"0.0000"	"0"	"0.0000"	"0"	"0.0000"	"0"	"0.0000"
"43"	"265"	"1"	"0.0002"	"1.448439598083500000"	"0.396248012781140000"	"3.0000"	"11.0000"	"11.0000"	"15.0000"	"25.0000"	"82.220001"	"40.643244867408690000"	"-8.655546586329610000"	"0"	"0.0000"	"0"	"0.0000"	"0"	"0.0000"	"0"	"0.0000"	"0"	"0.0000"	"0"	"0.0000"
"252"	"0"	"1"	"0.0002"	"5.045249938964840000"	"0.517515420913700000"	"3.0000"	"6.0000"	"10.0000"	"10.0000"	"10.0000"	"57.779999"	"40.646245512799430000"	"-8.640766354984470000"	"0"	"0.0000"	"0"	"0.0000"	"0"	"0.0000"	"0"	"0.0000"	"0"	"0.0000"	"0"	"0.0000"
"226"	"0"	"1"	"0.0002"	"287.989837646484400000"	"2.361027717590330000"	"3.0000"	"7.0000"	"6.0000"	"13.0000"	"25.0000"	"57.779999"	"40.646860716001010000"	"-8.650390367064750000"	"0"	"0.0000"	"0"	"0.0000"	"0"	"0.0000"	"0"	"0.0000"	"0"	"0.0000"	"0"	"0.0000"
"395"	"0"	"1"	"0.0002"	"101.062568664550780000"	"1.892925858497620000"	"3.0000"	"9.0000"	"9.0000"	"15.0000"	"16.0000"	"73.330002"	"40.654540101289160000"	"-8.622552795346850000"	"0"	"0.0000"	"0"	"0.0000"	"0"	"0.0000"	"0"	"0.0000"	"0"	"0.0000"	"0"	"0.0000"
"191"	"0"	"1"	"0.0002"	"0.936668217182160000"	"0.225680902600290000"	"3.0000"	"7.0000"	"0.0000"	"14.0000"	"13.0000"	"46.669998"	"40.625792000000000000"	"-8.647302000000000000"	"0"	"0.0000"	"0"	"0.0000"	"0"	"0.0000"	"0"	"0.0000"	"0"	"0.0000"	"0"	"0.0000"
"39"	"0"	"1"	"0.0002"	"8.657195091247560000"	"0.609606623649600000"	"3.0000"	"12.0000"	"6.0000"	"14.0000"	"9.0000"	"71.110001"	"40.629062083970780000"	"-8.653569994515390000"	"0"	"0.0000"	"0"	"0.0000"	"0"	"0.0000"	"0"	"0.0000"	"0"	"0.0000"	"0"	"0.0000"
"202"	"602"	"1"	"0.0002"	"24.935504913330080000"	"1.247799992561339900"	"3.0000"	"1.0000"	"0.0000"	"1.0000"	"21.0000"	"4.440000"	"40.653497866150480000"	"-8.618601370654560000"	"0"	"0.0000"	"0"	"0.0000"	"0"	"0.0000"	"0"	"0.0000"	"0"	"0.0000"	"0"	"0.0000"
"46"	"0"	"1"	"0.0002"	"4.871963500976560000"	"0.275343418121340000"	"3.0000"	"8.0000"	"0.0000"	"7.0000"	"26.0000"	"33.330002"	"40.627069364182160000"	"-8.629768968802990000"	"0"	"0.0000"	"0"	"0.0000"	"0"	"0.0000"	"0"	"0.0000"	"0"	"0.0000"	"0"	"0.0000"
"106"	"713"	"1"	"0.0002"	"52.228073120117190000"	"1.549743652343750000"	"3.0000"	"6.0000"	"5.0000"	"10.0000"	"8.0000"	"46.669998"	"40.640045470163220000"	"-8.652023132211640000"	"0"	"0.0000"	"0"	"0.0000"	"0"	"0.0000"	"0"	"0.0000"	"0"	"0.0000"	"0"	"0.0000"
"391"	"821"	"1"	"0.0002"	"25.451187133789060000"	"0.976249814033510000"	"3.0000"	"10.0000"	"4.0000"	"8.0000"	"18.0000"	"48.889999"	"40.637132400119260000"	"-8.646781220490680000"	"0"	"0.0000"	"0"	"0.0000"	"0"	"0.0000"	"0"	"0.0000"	"0"	"0.0000"	"0"	"0.0000"
"2"	"166"	"1"	"0.0002"	"7.398719310760500000"	"0.781063795089720000"	"3.0000"	"9.0000"	"7.0000"	"11.0000"	"15.0000"	"60.000000"	"40.637226278992310000"	"-8.632947737949190000"	"0"	"0.0000"	"0"	"0.0000"	"0"	"0.0000"	"0"	"0.0000"	"0"	"0.0000"	"0"	"0.0000"
"189"	"1211"	"1"	"0.0002"	"2.183590412139890000"	"0.699646472930910000"	"3.0000"	"6.0000"	"15.0000"	"4.0000"	"9.0000"	"55.560001"	"40.645061608690510000"	"-8.649187299271030000"	"0"	"0.0000"	"0"	"0.0000"	"0"	"0.0000"	"0"	"0.0000"	"0"	"0.0000"	"0"	"0.0000"
"96"	"214"	"1"	"0.0002"	"14.422689437866210000"	"0.863914370536800000"	"3.0000"	"13.0000"	"11.0000"	"11.0000"	"2.0000"	"77.779999"	"40.630132281296320000"	"-8.633033652466450000"	"0"	"0.0000"	"0"	"0.0000"	"0"	"0.0000"	"0"	"0.0000"	"0"	"0.0000"	"0"	"0.0000"
"263"	"945"	"1"	"0.0002"	"22.104364395141600000"	"0.483191609382630000"	"3.0000"	"2.0000"	"13.0000"	"4.0000"	"12.0000"	"42.220001"	"40.651450963524850000"	"-8.618601370654560000"	"0"	"0.0000"	"0"	"0.0000"	"0"	"0.0000"	"0"	"0.0000"	"0"	"0.0000"	"0"	"0.0000"
"437"	"0"	"1"	"0.0002"	"109.443283081054690000"	"0.991059482097630000"	"3.0000"	"11.0000"	"14.0000"	"9.0000"	"11.0000"	"75.559998"	"40.642079733201470000"	"-8.652195004255570000"	"0"	"0.0000"	"0"	"0.0000"	"0"	"0.0000"	"0"	"0.0000"	"0"	"0.0000"	"0"	"0.0000"
"535"	"0"	"1"	"0.0002"	"0.883967161178590000"	"0.248442187905310000"	"1.0000"	"0.0000"	"6.0000"	"13.0000"	"1.0000"	"42.220001"	"40.645419312789460000"	"-8.646523430828431000"	"0"	"0.0000"	"0"	"0.0000"	"0"	"0.0000"	"0"	"0.0000"	"0"	"0.0000"	"0"	"0.0000"
"223"	"0"	"1"	"0.0002"	"6.401192665100100000"	"0.506801307201390000"	"3.0000"	"2.0000"	"4.0000"	"8.0000"	"21.0000"	"31.110001"	"40.631781969611480000"	"-8.656148167891250000"	"0"	"0.0000"	"0"	"0.0000"	"0"	"0.0000"	"0"	"0.0000"	"0"	"0.0000"	"0"	"0.0000"
"742"	"0"	"1"	"0.0002"	"0.331449031829830000"	"0.120218493044380000"	"3.0000"	"6.0000"	"11.0000"	"1.0000"	"9.0000"	"40.000000"	"40.626167887267340000"	"-8.628136679349460000"	"0"	"0.0000"	"0"	"0.0000"	"0"	"0.0000"	"0"	"0.0000"	"0"	"0.0000"	"0"	"0.0000"
"1"	"163"	"1"	"0.0002"	"8.417283058166500000"	"0.822654247283940000"	"3.0000"	"9.0000"	"9.0000"	"2.0000"	"2.0000"	"44.439999"	"40.632815482427410000"	"-8.647640525645320000"	"0"	"0.0000"	"0"	"0.0000"	"0"	"0.0000"	"0"	"0.0000"	"0"	"0.0000"	"0"	"0.0000"
"426"	"0"	"1"	"0.0002"	"19.956527709960940000"	"1.415251255035400000"	"3.0000"	"4.0000"	"7.0000"	"9.0000"	"30.0000"	"44.439999"	"40.623816427150750000"	"-8.652109068185310000"	"0"	"0.0000"	"0"	"0.0000"	"0"	"0.0000"	"0"	"0.0000"	"0"	"0.0000"	"0"	"0.0000"
"587"	"0"	"1"	"0.0002"	"5.185948371887210000"	"0.428597271442410000"	"3.0000"	"12.0000"	"8.0000"	"8.0000"	"26.0000"	"62.220001"	"40.647049281299570000"	"-8.648929501492970000"	"0"	"0.0000"	"0"	"0.0000"	"0"	"0.0000"	"0"	"0.0000"	"0"	"0.0000"	"0"	"0.0000"
"40"	"0"	"1"	"0.0002"	"10.874380111694340000"	"0.980472624301910000"	"3.0000"	"15.0000"	"7.0000"	"12.0000"	"11.0000"	"75.559998"	"40.645884969418510000"	"-8.600393105027800000"	"0"	"0.0000"	"0"	"0.0000"	"0"	"0.0000"	"0"	"0.0000"	"0"	"0.0000"	"0"	"0.0000"
"184"	"0"	"1"	"0.0002"	"40.086902618408200000"	"0.984759926795960000"	"3.0000"	"9.0000"	"3.0000"	"13.0000"	"6.0000"	"55.560001"	"40.655877709533780000"	"-8.626762146897190000"	"0"	"0.0000"	"0"	"0.0000"	"0"	"0.0000"	"0"	"0.0000"	"0"	"0.0000"	"0"	"0.0000"
"187"	"1205"	"1"	"0.0002"	"0.259462863206860000"	"0.337255299091340000"	"3.0000"	"0.0000"	"12.0000"	"14.0000"	"1.0000"	"57.779999"	"40.625257508343920000"	"-8.649702897435540000"	"0"	"0.0000"	"0"	"0.0000"	"0"	"0.0000"	"0"	"0.0000"	"0"	"0.0000"	"0"	"0.0000"
"633"	"0"	"1"	"0.0002"	"21.722749710083010000"	"0.998203396797180000"	"3.0000"	"11.0000"	"10.0000"	"15.0000"	"28.0000"	"80.000000"	"40.644082070459820000"	"-8.647554594695060000"	"0"	"0.0000"	"0"	"0.0000"	"0"	"0.0000"	"0"	"0.0000"	"0"	"0.0000"	"0"	"0.0000"
"451"	"1796"	"1"	"0.0002"	"10.559412956237790000"	"0.760115385055540000"	"3.0000"	"14.0000"	"10.0000"	"14.0000"	"34.0000"	"84.440002"	"40.640968643478020000"	"-8.634494214056260000"	"0"	"0.0000"	"0"	"0.0000"	"0"	"0.0000"	"0"	"0.0000"	"0"	"0.0000"	"0"	"0.0000"
"759"	"0"	"1"	"0.0002"	"9.081745147705080000"	"0.607595086097720000"	"3.0000"	"9.0000"	"11.0000"	"7.0000"	"9.0000"	"60.000000"	"40.632152866901360000"	"-8.618687269013490000"	"0"	"0.0000"	"0"	"0.0000"	"0"	"0.0000"	"0"	"0.0000"	"0"	"0.0000"	"0"	"0.0000"
"6"	"178"	"1"	"0.0002"	"105.482513427734380000"	"1.897978067398070000"	"3.0000"	"7.0000"	"8.0000"	"4.0000"	"12.0000"	"42.220001"	"40.630058215541760000"	"-8.658124826335920000"	"0"	"0.0000"	"0"	"0.0000"	"0"	"0.0000"	"0"	"0.0000"	"0"	"0.0000"	"0"	"0.0000"
"531"	"0"	"1"	"0.0002"	"17.830186843872070000"	"0.993344962596890000"	"3.0000"	"8.0000"	"6.0000"	"14.0000"	"13.0000"	"62.220001"	"40.639032988859120000"	"-8.656062227378460000"	"0"	"0.0000"	"0"	"0.0000"	"0"	"0.0000"	"0"	"0.0000"	"0"	"0.0000"	"0"	"0.0000"
"83"	"2338"	"1"	"0.0002"	"43.235366821289060000"	"0.738596320152280000"	"3.0000"	"8.0000"	"2.0000"	"15.0000"	"18.0000"	"55.560001"	"40.638088344591750000"	"-8.611987487755600000"	"0"	"0.0000"	"0"	"0.0000"	"0"	"0.0000"	"0"	"0.0000"	"0"	"0.0000"	"0"	"0.0000"
"78"	"1014"	"1"	"0.0002"	"37.969024658203120000"	"1.311276435852050000"	"3.0000"	"6.0000"	"11.0000"	"1.0000"	"25.0000"	"40.000000"	"40.626503592013070000"	"-8.643601875436900000"	"0"	"0.0000"	"0"	"0.0000"	"0"	"0.0000"	"0"	"0.0000"	"0"	"0.0000"	"0"	"0.0000"
"618"	"2246"	"1"	"0.0002"	"13.100342750549320000"	"0.751392781734470000"	"3.0000"	"11.0000"	"6.0000"	"4.0000"	"30.0000"	"46.669998"	"40.627083301306260000"	"-8.645320423903180000"	"0"	"0.0000"	"0"	"0.0000"	"0"	"0.0000"	"0"	"0.0000"	"0"	"0.0000"	"0"	"0.0000"
"496"	"0"	"1"	"0.0002"	"17.419279098510740000"	"0.851650714874270000"	"3.0000"	"13.0000"	"5.0000"	"4.0000"	"15.0000"	"48.889999"	"40.617905262867340000"	"-8.629081684776680000"	"0"	"0.0000"	"0"	"0.0000"	"0"	"0.0000"	"0"	"0.0000"	"0"	"0.0000"	"0"	"0.0000"
"162"	"0"	"1"	"0.0002"	"55.578712463378910000"	"2.234879493713380000"	"3.0000"	"13.0000"	"10.0000"	"9.0000"	"7.0000"	"71.110001"	"40.634691143077360000"	"-8.636298475780190000"	"0"	"0.0000"	"0"	"0.0000"	"0"	"0.0000"	"0"	"0.0000"	"0"	"0.0000"	"0"	"0.0000"
"517"	"0"	"1"	"0.0002"	"18.648700714111330000"	"0.591005563735960000"	"3.0000"	"11.0000"	"15.0000"	"6.0000"	"8.0000"	"71.110001"	"40.637442133068710000"	"-8.605889481168970000"	"0"	"0.0000"	"0"	"0.0000"	"0"	"0.0000"	"0"	"0.0000"	"0"	"0.0000"	"0"	"0.0000"
"615"	"0"	"1"	"0.0002"	"77.601150512695310000"	"0.733632564544680000"	"2.0000"	"1.0000"	"10.0000"	"9.0000"	"27.0000"	"44.439999"	"40.645287460852020000"	"-8.616797527479190000"	"0"	"0.0000"	"0"	"0.0000"	"0"	"0.0000"	"0"	"0.0000"	"0"	"0.0000"	"0"	"0.0000"
"444"	"864"	"1"	"0.0002"	"75.524696350097660000"	"1.662216663360600100"	"3.0000"	"4.0000"	"12.0000"	"11.0000"	"23.0000"	"60.000000"	"40.638224852289310000"	"-8.607005981067150000"	"0"	"0.0000"	"0"	"0.0000"	"0"	"0.0000"	"0"	"0.0000"	"0"	"0.0000"	"0"	"0.0000"
"102"	"729"	"1"	"0.0002"	"2.587996482849120000"	"0.396665990352630000"	"3.0000"	"6.0000"	"13.0000"	"5.0000"	"35.0000"	"53.330002"	"40.645531867683520000"	"-8.613533538836340000"	"0"	"0.0000"	"0"	"0.0000"	"0"	"0.0000"	"0"	"0.0000"	"0"	"0.0000"	"0"	"0.0000"
"331"	"610"	"1"	"0.0002"	"28.904335021972660000"	"0.319081366062160000"	"3.0000"	"3.0000"	"6.0000"	"12.0000"	"17.0000"	"46.669998"	"40.644188201296650000"	"-8.602024800268829000"	"0"	"0.0000"	"0"	"0.0000"	"0"	"0.0000"	"0"	"0.0000"	"0"	"0.0000"	"0"	"0.0000"
"241"	"0"	"1"	"0.0002"	"60.424503326416020000"	"1.095904707908630000"	"3.0000"	"13.0000"	"10.0000"	"10.0000"	"15.0000"	"73.330002"	"40.636715312251150000"	"-8.649187299271030000"	"0"	"0.0000"	"0"	"0.0000"	"0"	"0.0000"	"0"	"0.0000"	"0"	"0.0000"	"0"	"0.0000"
"64"	"307"	"1"	"0.0002"	"66.652099609375000000"	"1.472572088241580000"	"3.0000"	"4.0000"	"3.0000"	"9.0000"	"17.0000"	"35.560001"	"40.648684379211960000"	"-8.615594989081330000"	"0"	"0.0000"	"0"	"0.0000"	"0"	"0.0000"	"0"	"0.0000"	"0"	"0.0000"	"0"	"0.0000"
"209"	"1253"	"1"	"0.0002"	"5.180798053741460000"	"0.457746416330340000"	"3.0000"	"11.0000"	"6.0000"	"10.0000"	"17.0000"	"60.000000"	"40.631701319559010000"	"-8.638360541391280000"	"0"	"0.0000"	"0"	"0.0000"	"0"	"0.0000"	"0"	"0.0000"	"0"	"0.0000"	"0"	"0.0000"
"132"	"67"	"1"	"0.0002"	\N	\N	\N	"15.0000"	"5.0000"	"1.0000"	"14.0000"	"46.669998"	"40.642859817458370000"	"-8.646007854112800000"	"0"	"0.0000"	"0"	"0.0000"	"0"	"0.0000"	"0"	"0.0000"	"0"	"0.0000"	"0"	"0.0000"
"132"	"0"	"1"	"0.0002"	\N	\N	"3.0000"	"1.0000"	"9.0000"	"0.0000"	"4.0000"	"22.219999"	"40.638771305170730000"	"-8.608122497337340000"	"0"	"0.0000"	"0"	"0.0000"	"0"	"0.0000"	"0"	"0.0000"	"0"	"0.0000"	"0"	"0.0000"
"257"	"1364"	"1"	"0.0002"	"72.377761840820310000"	"2.344007968902590000"	"3.0000"	"12.0000"	"15.0000"	"12.0000"	"24.0000"	"86.669998"	"40.630256797538830000"	"-8.659671812050860000"	"0"	"0.0000"	"0"	"0.0000"	"0"	"0.0000"	"0"	"0.0000"	"0"	"0.0000"	"0"	"0.0000"
