pokemon_id,form,count_poke,percentage,avg_level,avg_iv,iv_100,iv100_percentage,iv_0,iv0_percentage,shinies,shiny_odds,little_top_1,little_top1_percentage,great_top_1,great_top1_percentage,ultra_top_1,ultra_top1_percentage
915,0,664482,123509.6654,16.8868,53.67749,189,0.0284,106,0.0160,1276,0.1920,156,0.0235,91,0.0137,114,0.0172
194,1226,616448,114581.4126,17.1103,54.266477,233,0.0378,113,0.0183,1222,0.1982,133,0.0216,101,0.0164,0,0.0000
427,0,584358,108616.7286,17.2247,54.58623,206,0.0353,89,0.0152,1119,0.1915,159,0.0272,347,0.0594,66,0.0113
37,55,448742,83409.2937,17.0541,54.09316,161,0.0359,76,0.0169,881,0.1963,75,0.0167,78,0.0174,156,0.0348
27,51,430273,79976.3941,17.9137,56.40924,169,0.0393,61,0.0142,825,0.1917,58,0.0135,204,0.0474,59,0.0137
109,703,422434,78519.3309,18.2995,57.464894,192,0.0455,41,0.0097,766,0.1813,28,0.0066,30,0.0071,194,0.0459
513,0,400759,74490.5204,17.8583,56.274948,178,0.0444,73,0.0182,762,0.1901,49,0.0122,36,0.0090,57,0.0142
333,0,382360,71070.6320,18.9440,59.104427,176,0.0460,28,0.0073,798,0.2087,55,0.0144,45,0.0118,27,0.0071
206,0,374248,69562.8253,15.8482,50.912,110,0.0294,96,0.0257,712,0.1902,30,0.0080,90,0.0240,0,0.0000
273,625,361397,67174.1636,17.7439,55.934045,144,0.0398,55,0.0152,756,0.2092,97,0.0268,26,0.0072,45,0.0125
41,157,352677,65553.3457,18.3260,57.57136,164,0.0465,32,0.0091,692,0.1962,71,0.0201,56,0.0159,30,0.0085
237,0,335604,62379.9257,17.5148,55.332726,105,0.0313,53,0.0158,667,0.1987,16,0.0048,41,0.0122,105,0.0313
453,0,331319,61583.4572,18.3250,57.601505,138,0.0417,36,0.0109,604,0.1823,34,0.0103,24,0.0072,41,0.0124
285,0,322786,59997.3978,16.9929,53.950722,117,0.0362,51,0.0158,622,0.1927,134,0.0415,48,0.0149,40,0.0124
921,0,312155,58021.3755,15.7161,50.527317,77,0.0247,73,0.0234,0,0.0000,120,0.0384,216,0.0692,82,0.0263
304,1469,300910,55931.2268,16.3546,52.385233,91,0.0302,50,0.0166,601,0.1997,61,0.0203,246,0.0818,117,0.0389
170,0,298007,55391.6357,15.9287,51.09524,85,0.0285,65,0.0218,550,0.1846,83,0.0279,59,0.0198,85,0.0285
684,0,294863,54807.2491,17.5011,55.2962,138,0.0468,32,0.0109,592,0.2008,27,0.0092,37,0.0125,138,0.0468
35,0,288529,53629.9257,17.4467,55.166556,82,0.0284,38,0.0132,573,0.1986,31,0.0107,36,0.0125,43,0.0149
158,1136,285782,53119.3309,15.6714,50.397135,73,0.0255,56,0.0196,557,0.1949,80,0.0280,121,0.0423,74,0.0259
585,587,281385,52302.0446,17.9341,56.536798,115,0.0409,36,0.0128,0,0.0000,29,0.0103,29,0.0103,36,0.0128
155,1127,268612,49927.8810,17.0742,54.20969,107,0.0398,51,0.0190,487,0.1813,83,0.0309,83,0.0309,52,0.0194
263,946,265333,49318.4015,16.3936,52.351043,93,0.0351,58,0.0219,4106,1.5475,125,0.0471,101,0.0381,49,0.0185
736,0,261507,48607.2491,15.8159,50.900344,80,0.0306,48,0.0184,514,0.1966,77,0.0294,104,0.0398,59,0.0226
152,1118,258666,48079.1822,17.0521,54.166899,81,0.0313,37,0.0143,506,0.1956,73,0.0282,119,0.0460,52,0.0201
506,0,245920,45710.0372,16.7614,53.379909,103,0.0419,46,0.0187,476,0.1936,66,0.0268,64,0.0260,46,0.0187
557,0,218972,40701.1152,17.0476,54.162328,68,0.0311,38,0.0174,467,0.2133,27,0.0123,26,0.0119,46,0.0210
909,0,213741,39728.8104,17.7909,56.049072,74,0.0346,37,0.0173,0,0.0000,34,0.0159,64,0.0299,29,0.0136
906,0,213364,39658.7361,17.8007,56.068682,84,0.0394,23,0.0108,0,0.0000,44,0.0206,43,0.0202,30,0.0141
519,0,209356,38913.7546,18.3927,57.718148,85,0.0406,23,0.0110,441,0.2106,39,0.0186,36,0.0172,21,0.0100
590,0,206359,38356.6914,19.0586,59.47231,98,0.0475,26,0.0126,428,0.2074,16,0.0078,15,0.0073,98,0.0475
16,0,205875,38266.7286,18.1422,57.132873,85,0.0413,23,0.0112,415,0.2016,55,0.0267,34,0.0165,110,0.0534
261,1367,197233,36660.4089,15.4912,50.032408,44,0.0223,41,0.0208,385,0.1952,71,0.0360,48,0.0243,0,0.0000
747,0,187175,34790.8922,18.4986,57.923952,94,0.0502,14,0.0075,0,0.0000,28,0.0150,22,0.0118,0,0.0000
919,0,180759,33598.3271,15.6653,50.493413,50,0.0277,52,0.0288,0,0.0000,64,0.0354,44,0.0243,54,0.0299
912,0,177954,33076.9517,15.6707,50.466042,53,0.0298,45,0.0253,0,0.0000,45,0.0253,60,0.0337,36,0.0202
431,0,174886,32506.6914,16.8962,53.788947,51,0.0292,25,0.0143,353,0.2018,39,0.0223,21,0.0120,0,0.0000
702,0,174872,32504.0892,17.5418,55.538969,65,0.0372,36,0.0206,327,0.1870,11,0.0063,21,0.0120,0,0.0000
274,628,172630,32087.3606,17.7471,56.046196,84,0.0487,21,0.0122,0,0.0000,33,0.0191,9,0.0052,21,0.0122
316,0,166957,31032.8996,17.4871,55.296603,58,0.0347,23,0.0138,349,0.2090,32,0.0192,29,0.0174,0,0.0000
25,598,164746,30621.9331,15.7666,50.555542,44,0.0267,34,0.0206,324,0.1967,36,0.0219,37,0.0225,85,0.0516
580,0,162390,30184.0149,16.9651,53.903825,64,0.0394,27,0.0166,0,0.0000,24,0.0148,31,0.0191,64,0.0394
287,0,161875,30088.2900,16.8621,53.651436,68,0.0420,33,0.0204,278,0.1717,33,0.0204,37,0.0229,29,0.0179
574,0,159488,29644.6097,16.3895,52.458216,61,0.0382,43,0.0270,259,0.1624,39,0.0245,57,0.0357,24,0.0150
554,2063,157395,29255.5762,17.1845,54.474832,63,0.0400,28,0.0178,299,0.1900,16,0.0102,37,0.0235,26,0.0165
133,0,155944,28985.8736,16.7852,53.479678,42,0.0269,26,0.0167,298,0.1911,84,0.0539,134,0.0859,222,0.1424
434,791,155024,28814.8699,17.3984,55.170822,63,0.0406,14,0.0090,0,0.0000,21,0.0135,13,0.0084,20,0.0129
527,0,155022,28814.4981,16.6089,53.064869,45,0.0290,26,0.0168,320,0.2064,52,0.0335,26,0.0168,0,0.0000
731,0,154142,28650.9294,18.0449,56.794642,74,0.0480,23,0.0149,0,0.0000,36,0.0234,23,0.0149,16,0.0104
163,0,149760,27836.4312,17.8129,56.126618,68,0.0454,11,0.0073,297,0.1983,25,0.0167,16,0.0107,0,0.0000
179,646,145121,26974.1636,15.7172,50.581241,41,0.0283,29,0.0200,282,0.1943,45,0.0310,75,0.0517,58,0.0400
592,2330,140189,26057.4349,15.6804,50.622433,40,0.0285,32,0.0228,247,0.1762,29,0.0207,67,0.0478,31,0.0221
216,1265,134838,25062.8253,16.8663,53.621023,45,0.0334,26,0.0193,270,0.2002,25,0.0185,59,0.0438,56,0.0415
613,2231,133294,24775.8364,15.4740,50.019202,34,0.0255,32,0.0240,284,0.2131,21,0.0158,17,0.0128,28,0.0210
761,0,132708,24666.9145,17.0642,54.232088,51,0.0384,24,0.0181,0,0.0000,65,0.0490,15,0.0113,33,0.0249
220,1277,132134,24560.2230,17.0531,54.16513,44,0.0333,19,0.0144,243,0.1839,25,0.0189,39,0.0295,64,0.0484
539,0,131501,24442.5651,17.4739,55.319339,41,0.0312,21,0.0160,264,0.2008,4,0.0030,11,0.0084,13,0.0099
676,2629,129013,23980.1115,16.1882,51.834512,32,0.0248,34,0.0264,233,0.1806,5,0.0039,16,0.0124,32,0.0248
265,0,128499,23884.5725,15.6856,50.476542,31,0.0241,25,0.0195,239,0.1860,33,0.0257,27,0.0210,0,0.0000
396,1658,127787,23752.2305,17.4477,55.22957,41,0.0321,18,0.0141,259,0.2027,36,0.0282,51,0.0399,21,0.0164
13,616,126349,23484.9442,17.6358,55.660327,39,0.0309,21,0.0166,243,0.1923,93,0.0736,45,0.0356,20,0.0158
52,63,125200,23271.3755,16.4409,52.379464,40,0.0319,14,0.0112,244,0.1949,24,0.0192,26,0.0208,0,0.0000
122,1080,125120,23256.5056,18.7067,58.493808,57,0.0456,7,0.0056,255,0.2038,3,0.0024,9,0.0072,60,0.0480
92,0,117546,21848.6989,17.4301,55.148026,41,0.0349,18,0.0153,229,0.1948,23,0.0196,36,0.0306,22,0.0187
29,776,117362,21814.4981,17.3644,54.994607,43,0.0366,19,0.0162,208,0.1772,22,0.0187,58,0.0494,16,0.0136
203,0,116182,21595.1673,18.0612,56.953241,54,0.0465,16,0.0138,248,0.2135,3,0.0026,4,0.0034,0,0.0000
777,0,113711,21135.8736,15.6291,50.211945,29,0.0255,31,0.0273,0,0.0000,7,0.0062,20,0.0176,29,0.0255
167,0,113570,21109.6654,17.5370,55.435877,53,0.0467,16,0.0141,238,0.2096,15,0.0132,16,0.0141,0,0.0000
100,2728,112251,20864.4981,17.1908,54.492171,38,0.0339,23,0.0205,0,0.0000,20,0.0178,15,0.0134,81,0.0722
32,776,111574,20738.6617,17.4192,55.130247,43,0.0385,12,0.0108,230,0.2061,32,0.0287,48,0.0430,15,0.0134
58,280,110455,20530.6691,17.5435,55.397948,40,0.0362,19,0.0172,212,0.1919,16,0.0145,48,0.0435,16,0.0145
38,57,107813,20039.5911,17.0198,54.091729,29,0.0269,15,0.0139,0,0.0000,5,0.0046,10,0.0093,30,0.0278
353,908,107557,19992.0074,15.4914,50.07978,22,0.0205,21,0.0195,220,0.2045,29,0.0270,39,0.0363,47,0.0437
338,0,105612,19630.4833,18.7779,58.734241,40,0.0379,8,0.0076,204,0.1932,3,0.0028,6,0.0057,56,0.0530
307,0,104391,19403.5316,18.6034,58.362997,51,0.0489,8,0.0077,202,0.1935,22,0.0211,98,0.0939,11,0.0105
228,229,103521,19241.8216,18.1003,56.866912,52,0.0502,16,0.0155,198,0.1913,13,0.0126,18,0.0174,21,0.0203
50,59,103046,19153.5316,15.9374,51.157793,29,0.0281,21,0.0204,191,0.1854,30,0.0291,19,0.0184,0,0.0000
618,2345,102764,19101.1152,16.9917,54.197999,45,0.0438,16,0.0156,1537,1.4957,6,0.0058,21,0.0204,45,0.0438
74,67,101626,18889.5911,18.7786,58.748061,50,0.0492,12,0.0118,185,0.1820,4,0.0039,63,0.0620,11,0.0108
84,0,99157,18430.6691,18.1578,57.072587,40,0.0403,12,0.0121,200,0.2017,13,0.0131,6,0.0061,27,0.0272
767,0,96926,18015.9851,15.6372,50.326238,26,0.0268,29,0.0299,0,0.0000,30,0.0310,16,0.0165,30,0.0310
559,0,93098,17304.4610,16.8091,53.510819,31,0.0333,12,0.0129,181,0.1944,8,0.0086,47,0.0505,39,0.0419
661,0,90779,16873.4201,18.4449,57.832239,41,0.0452,11,0.0121,182,0.2005,15,0.0165,25,0.0275,72,0.0793
524,0,90534,16827.8810,16.8567,53.855084,32,0.0353,11,0.0122,173,0.1911,11,0.0122,23,0.0254,11,0.0122
234,941,87547,16272.6766,16.9220,53.699473,33,0.0377,16,0.0183,165,0.1885,5,0.0057,12,0.0137,32,0.0366
275,631,86662,16108.1784,17.7670,56.117414,42,0.0485,3,0.0035,0,0.0000,7,0.0081,12,0.0138,11,0.0127
928,0,86161,16015.0558,18.8531,58.959947,42,0.0487,10,0.0116,0,0.0000,11,0.0128,44,0.0511,6,0.0070
176,0,86123,16007.9926,17.8657,56.177949,29,0.0337,8,0.0093,169,0.1962,2,0.0023,22,0.0255,12,0.0139
741,2679,81290,15109.6654,18.9040,58.932398,38,0.0467,3,0.0037,0,0.0000,5,0.0062,4,0.0049,45,0.0554
108,0,79214,14723.7918,16.7629,53.311147,22,0.0278,12,0.0151,1198,1.5124,33,0.0417,34,0.0429,11,0.0139
605,0,78705,14629.1822,16.8622,53.470055,23,0.0292,11,0.0140,156,0.1982,10,0.0127,32,0.0407,12,0.0152
111,846,78641,14617.2862,18.4431,57.974842,34,0.0432,7,0.0089,148,0.1882,8,0.0102,10,0.0127,2,0.0025
753,0,76505,14220.2602,17.2371,54.667796,27,0.0353,8,0.0105,146,0.1908,10,0.0131,6,0.0078,7,0.0091
81,655,74310,13812.2677,15.7029,50.486344,15,0.0202,16,0.0215,128,0.1723,16,0.0215,36,0.0484,14,0.0188
171,0,72038,13389.9628,15.9397,50.945213,17,0.0236,15,0.0208,0,0.0000,4,0.0056,16,0.0222,17,0.0236
328,746,70982,13193.6803,18.7248,58.585716,29,0.0409,7,0.0099,115,0.1620,10,0.0141,33,0.0465,3,0.0042
48,259,70570,13117.1004,17.4197,55.17586,21,0.0298,11,0.0156,146,0.2069,11,0.0156,7,0.0099,21,0.0298
739,0,68216,12679.5539,16.8503,53.430697,18,0.0264,10,0.0147,0,0.0000,6,0.0088,32,0.0469,17,0.0249
603,0,66747,12406.5056,15.6755,50.336289,14,0.0210,18,0.0270,0,0.0000,8,0.0120,24,0.0360,15,0.0225
195,1229,66012,12269.8885,17.1983,54.632061,21,0.0318,17,0.0258,0,0.0000,3,0.0045,13,0.0197,0,0.0000
432,0,65934,12255.3903,16.3756,52.29196,21,0.0319,15,0.0228,0,0.0000,3,0.0046,15,0.0228,0,0.0000
42,160,65751,12221.3755,18.4329,57.690209,34,0.0517,10,0.0152,0,0.0000,6,0.0091,9,0.0137,5,0.0076
592,2168,65026,12086.6171,15.7055,50.364401,12,0.0185,19,0.0292,123,0.1892,14,0.0215,22,0.0338,16,0.0246
280,292,64920,12066.9145,18.4812,58.077459,32,0.0493,11,0.0169,117,0.1802,18,0.0277,6,0.0092,4,0.0062
159,1139,64394,11969.1450,15.6508,50.352503,20,0.0311,14,0.0217,0,0.0000,14,0.0217,25,0.0388,16,0.0248
28,53,64191,11931.4126,17.9892,56.547391,34,0.0530,4,0.0062,0,0.0000,4,0.0062,5,0.0078,6,0.0093
156,1130,63152,11738.2900,17.0835,54.212865,16,0.0253,13,0.0206,0,0.0000,11,0.0174,22,0.0348,11,0.0174
110,706,61573,11444.7955,18.3487,57.576267,33,0.0536,4,0.0065,0,0.0000,3,0.0049,3,0.0049,21,0.0341
153,1121,61520,11434.9442,17.0397,54.160847,23,0.0374,17,0.0276,0,0.0000,8,0.0130,32,0.0520,17,0.0276
218,0,59477,11055.2045,18.1343,56.891419,16,0.0269,8,0.0135,143,0.2404,2,0.0034,10,0.0168,0,0.0000
667,0,59476,11055.0186,18.1774,57.185646,24,0.0404,2,0.0034,122,0.2051,3,0.0050,45,0.0757,5,0.0084
454,0,58946,10956.5056,18.2899,57.461865,27,0.0458,8,0.0136,0,0.0000,1,0.0017,7,0.0119,3,0.0051
262,1370,58456,10865.4275,15.4712,50.088276,9,0.0154,11,0.0188,0,0.0000,5,0.0086,18,0.0308,0,0.0000
602,0,58321,10840.3346,17.7546,56.047822,17,0.0291,3,0.0051,0,0.0000,8,0.0137,16,0.0274,8,0.0137
309,1484,56301,10464.8699,15.7247,50.551084,12,0.0213,12,0.0213,90,0.1599,13,0.0231,17,0.0302,17,0.0302
190,1214,54593,10147.3978,16.6603,53.120261,15,0.0275,9,0.0165,116,0.2125,7,0.0128,34,0.0623,15,0.0275
278,0,53936,10025.2788,17.2235,54.682433,21,0.0389,11,0.0204,94,0.1743,9,0.0167,10,0.0185,44,0.0816
421,94,53010,9853.1599,15.6578,50.424202,14,0.0264,13,0.0245,0,0.0000,6,0.0113,15,0.0283,0,0.0000
755,0,52644,9785.1301,18.3241,57.573045,28,0.0532,4,0.0076,77,0.1463,7,0.0133,13,0.0247,0,0.0000
616,0,50212,9333.0855,15.6755,50.568932,7,0.0139,11,0.0219,84,0.1673,14,0.0279,10,0.0199,15,0.0299
520,0,49823,9260.7807,18.4992,57.840775,21,0.0421,3,0.0060,0,0.0000,8,0.0161,6,0.0120,3,0.0060
374,764,48475,9010.2230,16.4168,52.831508,22,0.0454,14,0.0289,86,0.1774,11,0.0227,14,0.0289,8,0.0165
296,1451,47883,8900.1859,17.4714,55.252424,12,0.0251,5,0.0104,94,0.1963,8,0.0167,10,0.0209,9,0.0188
588,0,46395,8623.6059,15.6947,50.683752,14,0.0302,2,0.0043,87,0.1875,9,0.0194,6,0.0129,10,0.0216
19,45,45831,8518.7732,16.6836,53.157753,14,0.0305,15,0.0327,86,0.1876,15,0.0327,11,0.0240,0,0.0000
33,785,45557,8467.8439,17.4904,55.300818,14,0.0307,10,0.0220,0,0.0000,1,0.0022,20,0.0439,8,0.0176
30,779,45270,8414.4981,17.5546,55.437774,13,0.0287,4,0.0088,0,0.0000,3,0.0066,19,0.0420,5,0.0110
136,0,43003,7993.1227,17.8792,56.355646,9,0.0209,4,0.0093,0,0.0000,0,0.0000,4,0.0093,3,0.0070
938,0,42619,7921.7472,15.4859,49.91339,9,0.0211,12,0.0282,0,0.0000,12,0.0282,9,0.0211,21,0.0493
313,0,41635,7738.8476,15.9956,51.373356,7,0.0168,14,0.0336,79,0.1897,2,0.0048,9,0.0216,0,0.0000
456,0,41590,7730.4833,15.6185,50.262796,8,0.0192,12,0.0289,87,0.2092,7,0.0168,19,0.0457,0,0.0000
577,0,41561,7725.0929,16.4939,52.605341,10,0.0241,8,0.0192,70,0.1684,8,0.0192,21,0.0505,4,0.0096
421,95,40292,7489.2193,20.1028,62.143905,21,0.0521,0,0.0000,0,0.0000,1,0.0025,0,0.0000,0,0.0000
371,755,40268,7484.7584,17.2270,54.587235,10,0.0248,9,0.0224,79,0.1962,7,0.0174,7,0.0174,10,0.0248
335,0,39522,7346.0967,16.8121,53.615044,17,0.0430,7,0.0177,81,0.2049,1,0.0025,6,0.0152,8,0.0202
279,0,39026,7253.9033,17.2992,54.795794,15,0.0384,4,0.0102,0,0.0000,0,0.0000,7,0.0179,29,0.0743
359,830,38777,7207.6208,15.5144,50.140485,17,0.0438,12,0.0309,550,1.4184,9,0.0232,7,0.0181,13,0.0335
751,0,38769,7206.1338,15.6442,50.517056,12,0.0310,12,0.0310,85,0.2192,8,0.0206,8,0.0206,0,0.0000
662,0,37835,7032.5279,18.1952,57.378067,17,0.0449,6,0.0159,0,0.0000,1,0.0026,15,0.0396,36,0.0951
305,1472,37643,6996.8401,16.3541,52.554693,16,0.0425,8,0.0213,0,0.0000,6,0.0159,7,0.0186,8,0.0213
297,1454,37041,6884.9442,17.3903,55.073441,14,0.0378,14,0.0378,0,0.0000,1,0.0027,8,0.0216,6,0.0162
17,0,36753,6831.4126,18.1221,57.075205,17,0.0463,6,0.0163,0,0.0000,4,0.0109,5,0.0136,19,0.0517
180,649,36417,6768.9591,15.7334,50.715568,8,0.0220,2,0.0055,0,0.0000,4,0.0110,17,0.0467,10,0.0275
36,0,36079,6706.1338,17.4660,55.082322,13,0.0360,0,0.0000,0,0.0000,2,0.0055,6,0.0166,1,0.0028
707,0,35378,6575.8364,17.4930,55.646646,9,0.0254,3,0.0085,0,0.0000,3,0.0085,4,0.0113,0,0.0000
548,0,35204,6543.4944,18.2686,57.263661,15,0.0426,8,0.0227,75,0.2130,2,0.0057,0,0.0000,4,0.0114
708,0,35124,6528.6245,17.4205,54.974285,12,0.0342,0,0.0000,66,0.1879,6,0.0171,3,0.0085,4,0.0114
345,1568,34937,6493.8662,18.8833,59.030826,11,0.0315,1,0.0029,57,0.1632,1,0.0029,12,0.0343,11,0.0315
197,0,33316,6192.5651,15.4229,50.225683,10,0.0300,8,0.0240,0,0.0000,1,0.0030,7,0.0210,10,0.0300
221,1280,33312,6191.8216,17.0382,54.082681,13,0.0390,10,0.0300,0,0.0000,4,0.0120,9,0.0270,11,0.0330
286,0,33206,6172.1190,18.4220,57.596993,16,0.0482,4,0.0120,0,0.0000,2,0.0060,5,0.0151,2,0.0060
196,0,33147,6161.1524,16.5449,53.005247,9,0.0272,5,0.0151,0,0.0000,4,0.0121,3,0.0091,7,0.0211
570,0,32823,6100.9294,15.4635,50.063054,8,0.0244,8,0.0244,64,0.1950,6,0.0183,5,0.0152,6,0.0183
339,0,32349,6012.8253,17.8965,56.579387,11,0.0340,3,0.0093,60,0.1855,6,0.0185,2,0.0062,0,0.0000
543,0,31089,5778.6245,17.6227,55.783811,13,0.0418,1,0.0032,72,0.2316,9,0.0289,3,0.0096,4,0.0129
104,224,30787,5722.4907,17.7029,56.089423,12,0.0390,3,0.0097,51,0.1657,4,0.0130,2,0.0065,0,0.0000
529,0,29481,5479.7398,17.6214,55.730592,13,0.0441,6,0.0204,59,0.2001,4,0.0136,24,0.0814,2,0.0068
698,0,28657,5326.5799,16.9323,53.780956,5,0.0174,4,0.0140,55,0.1919,5,0.0174,14,0.0489,4,0.0140
343,0,28606,5317.1004,19.0759,59.845043,13,0.0454,1,0.0035,59,0.2063,5,0.0175,3,0.0105,0,0.0000
765,0,28527,5302.4164,17.4112,55.235839,5,0.0175,8,0.0280,50,0.1753,1,0.0035,5,0.0175,6,0.0210
397,1661,28282,5256.8773,17.4754,55.171649,6,0.0212,7,0.0248,0,0.0000,2,0.0071,8,0.0283,8,0.0283
204,1244,27271,5068.9591,15.8400,50.543661,10,0.0367,7,0.0257,418,1.5328,1,0.0037,8,0.0293,12,0.0440
696,0,27131,5042.9368,18.8949,59.086892,13,0.0479,1,0.0037,56,0.2064,3,0.0111,4,0.0147,1,0.0037
347,1574,27012,5020.8178,17.0394,53.992295,7,0.0259,6,0.0222,64,0.2369,1,0.0037,6,0.0222,1,0.0037
53,65,26968,5012.6394,16.3028,52.281238,6,0.0222,8,0.0297,0,0.0000,2,0.0074,5,0.0185,0,0.0000
123,247,25762,4788.4758,17.4570,55.188168,9,0.0349,4,0.0155,406,1.5760,0,0.0000,7,0.0272,3,0.0116
704,0,24318,4520.0743,17.0801,54.272556,12,0.0493,3,0.0123,29,0.1193,3,0.0123,7,0.0288,3,0.0123
93,0,24012,4463.1970,17.5099,55.335008,9,0.0375,4,0.0167,0,0.0000,2,0.0083,4,0.0167,5,0.0208
428,0,23852,4433.4572,16.8645,53.69934,14,0.0587,3,0.0126,212,0.8888,1,0.0042,7,0.0293,4,0.0168
354,911,23612,4388.8476,15.4357,49.935317,8,0.0339,5,0.0212,177,0.7496,3,0.0127,3,0.0127,8,0.0339
143,199,21610,4016.7286,16.8288,53.314403,8,0.0370,7,0.0324,34,0.1573,2,0.0093,2,0.0093,3,0.0139
782,0,21192,3939.0335,17.1637,54.546857,4,0.0189,0,0.0000,0,0.0000,2,0.0094,5,0.0236,2,0.0094
302,923,20852,3875.8364,15.5292,50.003651,1,0.0048,4,0.0192,166,0.7961,6,0.0288,9,0.0432,0,0.0000
26,49,19047,3540.3346,15.8088,50.708143,9,0.0473,5,0.0263,0,0.0000,1,0.0053,2,0.0105,14,0.0735
507,0,18757,3486.4312,16.7152,53.426881,6,0.0320,6,0.0320,0,0.0000,0,0.0000,4,0.0213,1,0.0053
422,96,16773,3117.6580,15.6592,50.205722,6,0.0358,1,0.0060,34,0.2027,3,0.0179,8,0.0477,3,0.0179
669,2614,16097,2992.0074,16.5732,52.583731,5,0.0311,1,0.0062,0,0.0000,8,0.0497,6,0.0373,5,0.0311
185,0,15711,2920.2602,16.4609,52.624526,4,0.0255,2,0.0127,27,0.1719,1,0.0064,0,0.0000,4,0.0255
79,1017,15551,2890.5204,17.2519,54.811891,6,0.0386,4,0.0257,38,0.2444,2,0.0129,3,0.0193,6,0.0386
118,0,14630,2719.3309,15.6607,50.389005,2,0.0137,7,0.0478,36,0.2461,2,0.0137,5,0.0342,2,0.0137
20,47,14602,2714.1264,16.8705,53.567694,3,0.0205,2,0.0137,0,0.0000,4,0.0274,4,0.0274,0,0.0000
113,0,14586,2711.1524,16.8189,53.501047,4,0.0274,2,0.0137,230,1.5769,2,0.0137,5,0.0343,4,0.0274
124,0,14209,2641.0781,17.7278,55.75844,4,0.0282,2,0.0141,29,0.2041,0,0.0000,1,0.0070,0,0.0000
207,803,13655,2538.1041,18.9520,59.444391,6,0.0439,1,0.0073,218,1.5965,3,0.0220,2,0.0146,1,0.0073
54,286,13074,2430.1115,15.6069,50.438195,5,0.0382,4,0.0306,24,0.1836,4,0.0306,2,0.0153,7,0.0535
281,295,13010,2418.2156,18.6885,58.403271,4,0.0307,2,0.0154,2,0.0154,1,0.0077,1,0.0077,1,0.0077
200,719,12687,2358.1784,15.6222,50.537319,2,0.0158,2,0.0158,28,0.2207,1,0.0079,5,0.0394,4,0.0315
375,767,12297,2285.6877,16.5544,52.748022,2,0.0163,3,0.0244,0,0.0000,0,0.0000,1,0.0081,1,0.0081
971,0,12294,2285.1301,15.4859,50.164096,4,0.0325,0,0.0000,0,0.0000,3,0.0244,0,0.0000,2,0.0163
318,734,12104,2249.8141,15.6328,49.968021,3,0.0248,0,0.0000,21,0.1735,3,0.0248,2,0.0165,3,0.0248
168,0,12044,2238.6617,17.6223,55.760184,5,0.0415,2,0.0166,0,0.0000,1,0.0083,3,0.0249,0,0.0000
631,0,11199,2081.5985,17.4273,54.790776,5,0.0446,5,0.0446,18,0.1607,0,0.0000,0,0.0000,2,0.0179
688,0,10967,2038.4758,16.6971,53.642307,4,0.0365,3,0.0274,24,0.2188,3,0.0274,1,0.0091,1,0.0091
769,0,10706,1989.9628,17.1915,54.650537,3,0.0280,1,0.0093,0,0.0000,2,0.0187,0,0.0000,1,0.0093
310,1487,10581,1966.7286,15.6876,50.598046,8,0.0756,3,0.0284,74,0.6994,1,0.0095,3,0.0284,3,0.0284
242,0,10147,1886.0595,16.8365,53.67495,5,0.0493,6,0.0591,0,0.0000,0,0.0000,0,0.0000,3,0.0296
372,758,10034,1865.0558,17.0981,54.667458,9,0.0897,2,0.0199,0,0.0000,0,0.0000,3,0.0299,2,0.0199
82,658,9853,1831.4126,15.7862,50.779992,2,0.0203,2,0.0203,0,0.0000,0,0.0000,2,0.0203,1,0.0101
98,870,9739,1810.2230,15.5097,50.199804,2,0.0205,0,0.0000,18,0.1848,2,0.0205,5,0.0513,5,0.0513
622,0,9523,1770.0743,18.3082,57.13606,1,0.0105,2,0.0210,19,0.1995,1,0.0105,0,0.0000,0,0.0000
306,1475,9440,1754.6468,16.3958,52.211862,9,0.0953,2,0.0212,67,0.7097,0,0.0000,0,0.0000,4,0.0424
18,0,9226,1714.8699,18.1142,57.023419,4,0.0434,1,0.0108,69,0.7479,2,0.0217,2,0.0217,4,0.0434
544,0,8976,1668.4015,16.8192,53.705382,8,0.0891,2,0.0223,0,0.0000,1,0.0111,2,0.0223,1,0.0111
714,0,8932,1660.2230,16.9590,54.012077,2,0.0224,1,0.0112,16,0.1791,3,0.0336,0,0.0000,2,0.0224
435,794,8388,1559.1078,17.3965,55.154517,4,0.0477,2,0.0238,0,0.0000,0,0.0000,1,0.0119,2,0.0238
550,137,8379,1557.4349,15.6424,50.266935,2,0.0239,2,0.0239,0,0.0000,1,0.0119,5,0.0597,2,0.0239
160,1142,8319,1546.2825,15.7181,50.493813,3,0.0361,2,0.0240,0,0.0000,2,0.0240,1,0.0120,2,0.0240
282,298,8231,1529.9257,17.9855,56.878177,3,0.0364,2,0.0243,76,0.9233,0,0.0000,2,0.0243,1,0.0121
288,0,8036,1493.6803,16.5561,53.753379,6,0.0747,0,0.0000,0,0.0000,0,0.0000,1,0.0124,0,0.0000
95,902,7931,1474.1636,18.8698,58.968342,2,0.0252,1,0.0126,130,1.6391,0,0.0000,2,0.0252,0,0.0000
157,1133,7914,1471.0037,17.0931,54.619653,2,0.0253,2,0.0253,0,0.0000,3,0.0379,1,0.0126,0,0.0000
219,0,7883,1465.2416,18.6772,58.885912,3,0.0381,4,0.0507,0,0.0000,0,0.0000,1,0.0127,0,0.0000
49,262,7881,1464.8699,17.7092,55.904663,4,0.0508,1,0.0127,0,0.0000,0,0.0000,1,0.0127,4,0.0508
154,1124,7686,1428.6245,17.1837,54.429402,4,0.0520,1,0.0130,0,0.0000,1,0.0130,0,0.0000,2,0.0260
690,0,7640,1420.0743,17.4300,55.596278,1,0.0131,1,0.0131,18,0.2356,2,0.0262,0,0.0000,3,0.0393
627,0,7267,1350.7435,18.0621,56.653091,2,0.0275,2,0.0275,15,0.2064,0,0.0000,2,0.0275,0,0.0000
344,0,7243,1346.2825,19.4415,59.931229,4,0.0552,1,0.0138,0,0.0000,0,0.0000,2,0.0276,0,0.0000
217,1268,7181,1334.7584,16.9209,53.722611,2,0.0279,2,0.0279,0,0.0000,0,0.0000,3,0.0418,1,0.0139
105,79,7055,1311.3383,18.0560,57.013926,6,0.0850,2,0.0283,0,0.0000,0,0.0000,1,0.0142,0,0.0000
134,0,6987,1298.6989,15.6465,50.318831,2,0.0286,4,0.0572,0,0.0000,1,0.0143,0,0.0000,1,0.0143
246,313,6957,1293.1227,18.5530,58.534483,4,0.0575,0,0.0000,11,0.1581,1,0.0144,0,0.0000,2,0.0287
398,1664,6901,1282.7138,17.3983,55.441875,1,0.0145,0,0.0000,0,0.0000,0,0.0000,0,0.0000,0,0.0000
135,0,6781,1260.4089,15.6686,50.27963,1,0.0147,3,0.0442,0,0.0000,1,0.0147,0,0.0000,2,0.0295
308,0,6411,1191.6357,18.6022,58.125421,3,0.0468,0,0.0000,53,0.8267,0,0.0000,11,0.1716,0,0.0000
164,0,6281,1167.4721,17.9803,56.149565,9,0.1433,0,0.0000,0,0.0000,0,0.0000,0,0.0000,0,0.0000
14,619,6057,1125.8364,17.7694,56.370084,4,0.0660,0,0.0000,0,0.0000,4,0.0660,2,0.0330,0,0.0000
457,0,6010,1117.1004,15.5571,50.426015,4,0.0666,0,0.0000,0,0.0000,0,0.0000,1,0.0166,0,0.0000
112,849,5289,983.0855,18.6548,58.338263,1,0.0189,1,0.0189,0,0.0000,0,0.0000,1,0.0189,0,0.0000
119,0,5000,929.3680,15.5662,50.796438,0,0.0000,1,0.0200,0,0.0000,1,0.0200,1,0.0200,0,0.0000
169,202,5000,929.3680,18.2312,57.360402,4,0.0800,1,0.0200,0,0.0000,0,0.0000,0,0.0000,0,0.0000
996,0,5000,929.3680,17.2862,54.470244,3,0.0600,0,0.0000,0,0.0000,2,0.0400,7,0.1400,3,0.0600
317,0,4870,905.2045,17.3485,54.963269,2,0.0411,2,0.0411,0,0.0000,2,0.0411,0,0.0000,0,0.0000
55,289,4799,892.0074,15.4909,50.376677,0,0.0000,2,0.0417,0,0.0000,0,0.0000,0,0.0000,2,0.0417
181,652,4539,843.6803,15.7334,50.422278,1,0.0220,1,0.0220,38,0.8372,1,0.0220,1,0.0220,2,0.0441
31,782,4520,840.1487,19.4920,60.020182,3,0.0664,0,0.0000,0,0.0000,0,0.0000,0,0.0000,0,0.0000
34,788,4446,826.3941,19.0976,59.673034,3,0.0675,1,0.0225,0,0.0000,0,0.0000,0,0.0000,0,0.0000
289,0,4227,785.6877,16.8488,53.712953,1,0.0237,2,0.0473,0,0.0000,0,0.0000,0,0.0000,0,0.0000
340,0,4082,758.7361,17.9451,56.746215,0,0.0000,0,0.0000,0,0.0000,0,0.0000,1,0.0245,0,0.0000
126,634,3750,697.0260,17.9181,56.772125,1,0.0267,1,0.0267,7,0.1867,0,0.0000,0,0.0000,1,0.0267
779,0,3714,690.3346,16.4176,52.731422,3,0.0808,1,0.0269,0,0.0000,0,0.0000,0,0.0000,0,0.0000
329,749,3707,689.0335,19.0472,59.661867,3,0.0809,0,0.0000,0,0.0000,0,0.0000,0,0.0000,0,0.0000
205,1247,3604,669.8885,15.7528,50.632692,0,0.0000,0,0.0000,0,0.0000,0,0.0000,1,0.0277,0,0.0000
85,0,3023,561.8959,17.9950,57.578581,0,0.0000,3,0.0992,0,0.0000,0,0.0000,0,0.0000,1,0.0331
376,770,2956,549.4424,16.5122,52.703424,0,0.0000,1,0.0338,0,0.0000,0,0.0000,0,0.0000,0,0.0000
80,1020,2788,518.2156,17.1069,54.404509,1,0.0359,1,0.0359,23,0.8250,0,0.0000,1,0.0359,2,0.0717
346,1571,2472,459.4796,18.7900,59.139685,3,0.1214,0,0.0000,0,0.0000,1,0.0405,0,0.0000,3,0.1214
373,761,2452,455.7621,17.0893,54.894001,1,0.0408,1,0.0408,13,0.5302,0,0.0000,0,0.0000,1,0.0408
59,283,2257,419.5167,17.9322,56.927085,1,0.0443,1,0.0443,0,0.0000,0,0.0000,0,0.0000,0,0.0000
90,876,1891,351.4870,16.1063,50.588255,1,0.0529,0,0.0000,1,0.0529,2,0.1058,0,0.0000,1,0.0529
348,1577,1855,344.7955,16.6706,53.44834,1,0.0539,0,0.0000,0,0.0000,0,0.0000,0,0.0000,0,0.0000
247,316,1791,332.8996,18.7739,59.313769,0,0.0000,0,0.0000,0,0.0000,0,0.0000,0,0.0000,0,0.0000
229,232,1711,318.0297,18.5137,57.725926,2,0.1169,0,0.0000,9,0.5260,0,0.0000,0,0.0000,0,0.0000
594,0,1616,300.3717,15.3595,49.975186,1,0.0619,0,0.0000,29,1.7946,0,0.0000,1,0.0619,1,0.0619
319,737,1510,280.6691,15.3848,49.949835,1,0.0662,1,0.0662,0,0.0000,0,0.0000,0,0.0000,1,0.0662
525,0,1497,278.2528,16.6232,52.865725,3,0.2004,0,0.0000,0,0.0000,0,0.0000,0,0.0000,0,0.0000
99,873,1280,237.9182,15.5156,51.003446,0,0.0000,2,0.1563,0,0.0000,0,0.0000,0,0.0000,0,0.0000
669,2618,1016,188.8476,16.5295,52.928622,0,0.0000,0,0.0000,0,0.0000,0,0.0000,0,0.0000,0,0.0000
669,2616,1001,186.0595,16.5095,53.262418,1,0.0999,1,0.0999,0,0.0000,0,0.0000,0,0.0000,0,0.0000
94,1044,739,137.3606,18.0338,55.107551,0,0.0000,0,0.0000,9,1.2179,0,0.0000,0,0.0000,0,0.0000
75,69,707,131.4126,18.4399,57.538911,0,0.0000,0,0.0000,0,0.0000,0,0.0000,0,0.0000,0,0.0000
15,622,645,119.8885,18.3085,57.002558,0,0.0000,0,0.0000,4,0.6202,0,0.0000,0,0.0000,0,0.0000
422,97,485,90.1487,16.4804,53.388392,1,0.2062,0,0.0000,1,0.2062,0,0.0000,0,0.0000,0,0.0000
330,752,482,89.5911,19.2241,58.769129,1,0.2075,0,0.0000,0,0.0000,0,0.0000,0,0.0000,0,0.0000
248,319,355,65.9851,17.9099,54.190986,0,0.0000,0,0.0000,0,0.0000,0,0.0000,0,0.0000,0,0.0000
132,0,306,56.8773,14.2451,43.747386,0,0.0000,0,0.0000,0,0.0000,0,0.0000,0,0.0000,0,0.0000
550,136,240,44.6097,16.6000,52.222042,0,0.0000,0,0.0000,0,0.0000,0,0.0000,0,0.0000,0,0.0000
91,879,216,40.1487,16.2315,49.321111,0,0.0000,0,0.0000,0,0.0000,0,0.0000,0,0.0000,0,0.0000
76,71,95,17.6580,17.6211,55.976632,0,0.0000,0,0.0000,0,0.0000,0,0.0000,0,0.0000,0,0.0000
132,59,50,9.2937,15.7000,39.0664,0,0.0000,0,0.0000,0,0.0000,0,0.0000,0,0.0000,0,0.0000
284,0,39,7.2491,17.3846,53.902821,0,0.0000,0,0.0000,0,0.0000,0,0.0000,0,0.0000,0,0.0000
187,1205,39,7.2491,15.5641,59.600513,0,0.0000,0,0.0000,0,0.0000,0,0.0000,0,0.0000,0,0.0000
114,1059,37,6.8773,16.7297,55.074865,0,0.0000,0,0.0000,0,0.0000,0,0.0000,0,0.0000,0,0.0000
351,29,34,6.3197,15.9118,49.084706,0,0.0000,0,0.0000,0,0.0000,0,0.0000,0,0.0000,0,0.0000
425,0,33,6.1338,18.2121,65.926061,0,0.0000,0,0.0000,0,0.0000,0,0.0000,0,0.0000,0,0.0000
1,163,33,6.1338,20.6364,61.414546,0,0.0000,0,0.0000,0,0.0000,0,0.0000,0,0.0000,0,0.0000
39,0,32,5.9480,17.9063,61.458437,0,0.0000,0,0.0000,0,0.0000,0,0.0000,0,0.0000,0,0.0000
509,0,32,5.9480,13.7188,50.55625,0,0.0000,0,0.0000,0,0.0000,0,0.0000,0,0.0000,0,0.0000
682,0,31,5.7621,16.4516,56.774839,0,0.0000,0,0.0000,0,0.0000,0,0.0000,0,0.0000,0,0.0000
4,0,31,5.7621,11.9355,51.971935,0,0.0000,0,0.0000,0,0.0000,0,0.0000,0,0.0000,0,0.0000
7,0,31,5.7621,15.0645,52.042581,0,0.0000,0,0.0000,0,0.0000,0,0.0000,0,0.0000,0,0.0000
256,1361,31,5.7621,16.9032,61.075806,0,0.0000,0,0.0000,0,0.0000,0,0.0000,0,0.0000,0,0.0000
88,73,30,5.5762,16.1333,49.185,0,0.0000,0,0.0000,0,0.0000,0,0.0000,0,0.0000,0,0.0000
436,0,30,5.5762,18.2000,55.702667,0,0.0000,0,0.0000,1,3.3333,0,0.0000,0,0.0000,0,0.0000
254,0,29,5.3903,17.0345,56.935862,0,0.0000,0,0.0000,0,0.0000,0,0.0000,0,0.0000,1,3.4483
759,0,28,5.2045,15.5714,53.412143,0,0.0000,0,0.0000,0,0.0000,0,0.0000,0,0.0000,0,0.0000
258,205,28,5.2045,15.5000,54.127143,0,0.0000,0,0.0000,0,0.0000,0,0.0000,0,0.0000,0,0.0000
255,1358,27,5.0186,16.6296,61.4,0,0.0000,0,0.0000,0,0.0000,0,0.0000,0,0.0000,0,0.0000
1,0,27,5.0186,16.0741,50.865185,0,0.0000,1,3.7037,0,0.0000,0,0.0000,0,0.0000,0,0.0000
395,0,27,5.0186,15.1852,41.070741,0,0.0000,0,0.0000,0,0.0000,0,0.0000,0,0.0000,0,0.0000
43,265,26,4.8327,20.6923,58.889615,0,0.0000,0,0.0000,0,0.0000,0,0.0000,0,0.0000,0,0.0000
501,0,26,4.8327,14.9615,53.162307,0,0.0000,0,0.0000,0,0.0000,0,0.0000,0,0.0000,0,0.0000
391,821,26,4.8327,19.3846,57.692308,0,0.0000,0,0.0000,0,0.0000,0,0.0000,0,0.0000,0,0.0000
393,0,25,4.6468,17.0000,48.9776,0,0.0000,0,0.0000,0,0.0000,0,0.0000,0,0.0000,0,0.0000
426,0,25,4.6468,21.2000,61.2444,0,0.0000,0,0.0000,0,0.0000,0,0.0000,0,0.0000,0,0.0000
40,0,25,4.6468,16.3600,55.3764,0,0.0000,0,0.0000,0,0.0000,0,0.0000,0,0.0000,0,0.0000
390,818,25,4.6468,13.4800,52.088,0,0.0000,0,0.0000,0,0.0000,0,0.0000,0,0.0000,0,0.0000
263,945,24,4.4610,13.7083,54.074167,0,0.0000,0,0.0000,0,0.0000,0,0.0000,0,0.0000,0,0.0000
198,855,24,4.4610,15.5833,60.4625,0,0.0000,0,0.0000,0,0.0000,0,0.0000,0,0.0000,0,0.0000
399,1667,24,4.4610,15.5000,56.945,0,0.0000,0,0.0000,0,0.0000,0,0.0000,0,0.0000,0,0.0000
6,178,23,4.2751,23.0870,57.487391,0,0.0000,0,0.0000,0,0.0000,0,0.0000,0,0.0000,0,0.0000
437,0,23,4.2751,18.5652,50.242174,0,0.0000,0,0.0000,0,0.0000,0,0.0000,0,0.0000,0,0.0000
260,211,22,4.0892,16.5909,53.635455,0,0.0000,0,0.0000,0,0.0000,0,0.0000,0,0.0000,0,0.0000
595,0,22,4.0892,17.3636,55.453637,0,0.0000,0,0.0000,1,4.5455,0,0.0000,0,0.0000,0,0.0000
3,169,22,4.0892,20.4545,57.575455,0,0.0000,0,0.0000,0,0.0000,0,0.0000,0,0.0000,0,0.0000
193,0,22,4.0892,18.1364,51.616363,0,0.0000,0,0.0000,0,0.0000,0,0.0000,0,0.0000,0,0.0000
213,827,22,4.0892,20.4091,55.05,0,0.0000,0,0.0000,0,0.0000,0,0.0000,0,0.0000,0,0.0000
253,0,21,3.9033,20.9524,50.158095,0,0.0000,0,0.0000,0,0.0000,0,0.0000,0,0.0000,0,0.0000
188,1208,21,3.9033,15.6667,60.741428,0,0.0000,0,0.0000,0,0.0000,0,0.0000,0,0.0000,0,0.0000
444,864,21,3.9033,20.2381,48.994286,0,0.0000,0,0.0000,0,0.0000,0,0.0000,0,0.0000,0,0.0000
2,166,21,3.9033,20.3810,60.105714,0,0.0000,0,0.0000,0,0.0000,0,0.0000,0,0.0000,0,0.0000
522,0,21,3.9033,13.4762,50.476191,0,0.0000,0,0.0000,0,0.0000,0,0.0000,0,0.0000,0,0.0000
77,1011,21,3.9033,20.1429,57.142857,0,0.0000,0,0.0000,0,0.0000,0,0.0000,0,0.0000,0,0.0000
389,694,21,3.9033,15.4762,47.936667,0,0.0000,0,0.0000,0,0.0000,0,0.0000,0,0.0000,0,0.0000
53,66,21,3.9033,17.2857,46.455714,0,0.0000,0,0.0000,0,0.0000,0,0.0000,0,0.0000,0,0.0000
189,1211,20,3.7175,19.7500,57.2235,0,0.0000,0,0.0000,0,0.0000,0,0.0000,0,0.0000,0,0.0000
211,2788,20,3.7175,16.8500,54.889,0,0.0000,0,0.0000,0,0.0000,0,0.0000,0,0.0000,0,0.0000
259,208,20,3.7175,15.6500,57.2225,0,0.0000,0,0.0000,0,0.0000,0,0.0000,0,0.0000,0,0.0000
46,0,20,3.7175,21.0000,56.778,0,0.0000,0,0.0000,0,0.0000,0,0.0000,0,0.0000,0,0.0000
266,0,20,3.7175,18.5500,49.555501,0,0.0000,0,0.0000,0,0.0000,0,0.0000,0,0.0000,0,0.0000
443,861,20,3.7175,20.8500,65.4445,0,0.0000,0,0.0000,0,0.0000,0,0.0000,0,0.0000,0,0.0000
312,0,20,3.7175,15.0500,52.5565,0,0.0000,0,0.0000,0,0.0000,0,0.0000,0,0.0000,0,0.0000
587,0,19,3.5316,19.6842,48.771579,0,0.0000,0,0.0000,0,0.0000,0,0.0000,0,0.0000,0,0.0000
633,0,19,3.5316,17.3158,52.397895,0,0.0000,0,0.0000,0,0.0000,0,0.0000,0,0.0000,0,0.0000
257,1364,19,3.5316,20.1053,63.040527,0,0.0000,0,0.0000,0,0.0000,0,0.0000,0,0.0000,0,0.0000
365,1604,18,3.3457,14.8889,52.715,0,0.0000,0,0.0000,0,0.0000,0,0.0000,0,0.0000,0,0.0000
268,0,18,3.3457,16.7778,56.172778,0,0.0000,0,0.0000,0,0.0000,0,0.0000,0,0.0000,0,0.0000
100,1047,18,3.3457,14.9444,45.061666,0,0.0000,0,0.0000,0,0.0000,0,0.0000,0,0.0000,0,0.0000
412,118,18,3.3457,17.3889,45.678334,0,0.0000,0,0.0000,0,0.0000,0,0.0000,0,0.0000,0,0.0000
394,0,18,3.3457,14.9444,46.296667,0,0.0000,0,0.0000,0,0.0000,0,0.0000,0,0.0000,0,0.0000
495,0,18,3.3457,14.1667,57.531667,0,0.0000,0,0.0000,0,0.0000,0,0.0000,0,0.0000,0,0.0000
264,947,17,3.1599,17.5294,45.621765,0,0.0000,0,0.0000,0,0.0000,0,0.0000,0,0.0000,0,0.0000
634,0,17,3.1599,16.0000,48.366471,0,0.0000,0,0.0000,0,0.0000,0,0.0000,0,0.0000,0,0.0000
615,0,17,3.1599,17.9412,49.672941,0,0.0000,0,0.0000,0,0.0000,0,0.0000,0,0.0000,0,0.0000
535,0,17,3.1599,15.9412,54.248823,0,0.0000,0,0.0000,0,0.0000,0,0.0000,0,0.0000,0,0.0000
392,824,17,3.1599,16.1765,52.941765,0,0.0000,0,0.0000,0,0.0000,0,0.0000,0,0.0000,0,0.0000
56,0,17,3.1599,17.2353,58.3,0,0.0000,0,0.0000,0,0.0000,0,0.0000,0,0.0000,0,0.0000
252,0,17,3.1599,12.7059,51.241177,0,0.0000,0,0.0000,0,0.0000,0,0.0000,0,0.0000,0,0.0000
412,120,17,3.1599,17.1176,49.150588,0,0.0000,0,0.0000,0,0.0000,0,0.0000,0,0.0000,0,0.0000
618,2246,16,2.9740,21.0625,54.723125,0,0.0000,0,0.0000,0,0.0000,0,0.0000,0,0.0000,0,0.0000
388,691,16,2.9740,17.2500,50.556874,0,0.0000,0,0.0000,0,0.0000,0,0.0000,0,0.0000,0,0.0000
74,68,16,2.9740,20.1250,47.0825,0,0.0000,0,0.0000,0,0.0000,0,0.0000,0,0.0000,0,0.0000
656,0,16,2.9740,15.5000,43.4725,0,0.0000,0,0.0000,0,0.0000,0,0.0000,0,0.0000,0,0.0000
270,0,16,2.9740,18.9375,59.7225,0,0.0000,0,0.0000,0,0.0000,0,0.0000,0,0.0000,0,0.0000
311,0,16,2.9740,16.6250,57.499375,0,0.0000,0,0.0000,0,0.0000,0,0.0000,0,0.0000,0,0.0000
459,932,16,2.9740,20.5000,60.000625,0,0.0000,0,0.0000,0,0.0000,0,0.0000,0,0.0000,0,0.0000
498,0,15,2.7881,16.7333,57.926666,0,0.0000,0,0.0000,0,0.0000,0,0.0000,0,0.0000,0,0.0000
728,0,15,2.7881,15.0000,49.777334,0,0.0000,0,0.0000,0,0.0000,0,0.0000,0,0.0000,0,0.0000
83,2338,15,2.7881,14.6667,56.444667,0,0.0000,0,0.0000,1,6.6667,0,0.0000,0,0.0000,0,0.0000
540,0,15,2.7881,18.4667,53.63,0,0.0000,0,0.0000,0,0.0000,0,0.0000,0,0.0000,0,0.0000
332,613,15,2.7881,17.5333,54.814,0,0.0000,0,0.0000,0,0.0000,0,0.0000,0,0.0000,0,0.0000
272,0,15,2.7881,16.4667,59.110667,0,0.0000,0,0.0000,0,0.0000,0,0.0000,0,0.0000,0,0.0000
162,0,15,2.7881,15.5333,60.740001,0,0.0000,0,0.0000,0,0.0000,0,0.0000,0,0.0000,0,0.0000
499,0,15,2.7881,14.6667,55.258667,0,0.0000,0,0.0000,0,0.0000,0,0.0000,0,0.0000,0,0.0000
452,1799,14,2.6022,14.1429,49.365714,0,0.0000,0,0.0000,0,0.0000,0,0.0000,0,0.0000,0,0.0000
301,0,14,2.6022,17.0714,53.967858,0,0.0000,0,0.0000,0,0.0000,0,0.0000,0,0.0000,0,0.0000
610,0,14,2.6022,17.7143,49.047858,0,0.0000,0,0.0000,0,0.0000,0,0.0000,0,0.0000,0,0.0000
51,61,14,2.6022,20.3571,55.872857,0,0.0000,0,0.0000,0,0.0000,0,0.0000,0,0.0000,0,0.0000
5,175,14,2.6022,16.1429,55.239286,0,0.0000,0,0.0000,0,0.0000,0,0.0000,0,0.0000,0,0.0000
351,30,14,2.6022,22.2857,62.857858,0,0.0000,0,0.0000,0,0.0000,0,0.0000,0,0.0000,0,0.0000
241,0,14,2.6022,14.6429,51.745715,0,0.0000,0,0.0000,0,0.0000,0,0.0000,0,0.0000,0,0.0000
496,0,14,2.6022,16.7857,57.936429,0,0.0000,0,0.0000,0,0.0000,0,0.0000,0,0.0000,0,0.0000
191,0,14,2.6022,16.6429,45.874286,0,0.0000,0,0.0000,0,0.0000,0,0.0000,0,0.0000,0,0.0000
299,1460,14,2.6022,13.4286,51.112143,0,0.0000,0,0.0000,0,0.0000,0,0.0000,0,0.0000,0,0.0000
412,119,14,2.6022,15.2857,53.650715,0,0.0000,0,0.0000,0,0.0000,0,0.0000,0,0.0000,0,0.0000
361,0,14,2.6022,17.2857,51.428571,0,0.0000,0,0.0000,0,0.0000,0,0.0000,0,0.0000,0,0.0000
283,0,14,2.6022,16.7143,61.27,0,0.0000,0,0.0000,0,0.0000,0,0.0000,0,0.0000,0,0.0000
451,1796,13,2.4164,17.8462,51.621539,0,0.0000,0,0.0000,0,0.0000,0,0.0000,0,0.0000,0,0.0000
7,181,13,2.4164,14.9231,56.922308,0,0.0000,0,0.0000,0,0.0000,0,0.0000,0,0.0000,0,0.0000
103,77,13,2.4164,14.3077,53.333077,0,0.0000,0,0.0000,0,0.0000,0,0.0000,0,0.0000,0,0.0000
161,0,13,2.4164,21.5385,50.77,0,0.0000,0,0.0000,0,0.0000,0,0.0000,0,0.0000,0,0.0000
400,1670,13,2.4164,14.7692,58.290769,0,0.0000,0,0.0000,0,0.0000,0,0.0000,0,0.0000,0,0.0000
387,688,13,2.4164,18.4615,49.915385,0,0.0000,0,0.0000,0,0.0000,0,0.0000,0,0.0000,0,0.0000
77,2336,13,2.4164,17.8462,55.556923,0,0.0000,0,0.0000,0,0.0000,0,0.0000,0,0.0000,0,0.0000
742,0,12,2.2305,15.6667,59.259999,0,0.0000,0,0.0000,0,0.0000,0,0.0000,0,0.0000,0,0.0000
271,0,12,2.2305,15.7500,47.224166,0,0.0000,0,0.0000,0,0.0000,0,0.0000,0,0.0000,0,0.0000
331,610,12,2.2305,14.6667,43.15,0,0.0000,0,0.0000,0,0.0000,0,0.0000,0,0.0000,0,0.0000
4,172,12,2.2305,13.3333,51.850001,0,0.0000,0,0.0000,0,0.0000,0,0.0000,0,0.0000,0,0.0000
106,713,12,2.2305,15.8333,49.074167,0,0.0000,0,0.0000,0,0.0000,0,0.0000,0,0.0000,0,0.0000
355,914,12,2.2305,19.2500,43.334167,0,0.0000,0,0.0000,0,0.0000,0,0.0000,0,0.0000,0,0.0000
276,0,12,2.2305,21.3333,53.888333,0,0.0000,0,0.0000,0,0.0000,0,0.0000,0,0.0000,0,0.0000
315,0,12,2.2305,17.6667,57.406667,0,0.0000,0,0.0000,0,0.0000,0,0.0000,0,0.0000,0,0.0000
517,0,12,2.2305,11.8333,48.148334,0,0.0000,0,0.0000,0,0.0000,0,0.0000,0,0.0000,0,0.0000
416,0,11,2.0446,11.6364,57.375455,0,0.0000,0,0.0000,0,0.0000,0,0.0000,0,0.0000,0,0.0000
9,187,11,2.0446,10.1818,57.574546,0,0.0000,0,0.0000,0,0.0000,0,0.0000,0,0.0000,0,0.0000
303,833,11,2.0446,18.8182,54.95,0,0.0000,0,0.0000,0,0.0000,0,0.0000,0,0.0000,0,0.0000
277,0,11,2.0446,24.1818,56.970909,0,0.0000,0,0.0000,0,0.0000,0,0.0000,0,0.0000,0,0.0000
66,809,11,2.0446,14.5455,52.525455,0,0.0000,0,0.0000,0,0.0000,0,0.0000,0,0.0000,0,0.0000
129,253,11,2.0446,15.2727,52.524547,0,0.0000,0,0.0000,0,0.0000,0,0.0000,0,0.0000,0,0.0000
566,0,11,2.0446,18.3636,60.808182,0,0.0000,0,0.0000,0,0.0000,0,0.0000,0,0.0000,0,0.0000
184,0,11,2.0446,16.4545,56.767273,0,0.0000,0,0.0000,0,0.0000,0,0.0000,0,0.0000,0,0.0000
88,74,10,1.8587,19.3000,52.222,0,0.0000,0,0.0000,1,10.0000,0,0.0000,0,0.0000,0,0.0000
209,1253,10,1.8587,18.4000,56.222,0,0.0000,0,0.0000,0,0.0000,0,0.0000,0,0.0000,0,0.0000
226,0,10,1.8587,15.2000,54.222,0,0.0000,0,0.0000,0,0.0000,0,0.0000,0,0.0000,0,0.0000
89,75,10,1.8587,14.5000,51.555,0,0.0000,0,0.0000,0,0.0000,0,0.0000,0,0.0000,0,0.0000
322,0,10,1.8587,14.7000,60.666001,0,0.0000,0,0.0000,0,0.0000,0,0.0000,0,0.0000,0,0.0000
69,664,10,1.8587,19.5000,59.557,0,0.0000,0,0.0000,0,0.0000,0,0.0000,0,0.0000,0,0.0000
165,0,9,1.6729,7.3333,50.123333,0,0.0000,0,0.0000,0,0.0000,0,0.0000,0,0.0000,0,0.0000
210,1256,9,1.6729,18.4444,60.741111,0,0.0000,0,0.0000,0,0.0000,0,0.0000,0,0.0000,0,0.0000
531,0,9,1.6729,13.1111,59.013334,0,0.0000,0,0.0000,0,0.0000,0,0.0000,0,0.0000,0,0.0000
650,0,9,1.6729,19.0000,54.814445,0,0.0000,0,0.0000,0,0.0000,0,0.0000,0,0.0000,0,0.0000
23,697,9,1.6729,18.3333,43.212223,0,0.0000,0,0.0000,0,0.0000,0,0.0000,0,0.0000,0,0.0000
100,0,9,1.6729,15.6667,51.111111,0,0.0000,0,0.0000,0,0.0000,0,0.0000,0,0.0000,0,0.0000
349,0,9,1.6729,12.4444,45.925555,0,0.0000,0,0.0000,0,0.0000,0,0.0000,0,0.0000,0,0.0000
504,0,9,1.6729,17.7778,57.037778,0,0.0000,0,0.0000,0,0.0000,0,0.0000,0,0.0000,0,0.0000
24,700,8,1.4870,20.3750,50.555,0,0.0000,0,0.0000,0,0.0000,0,0.0000,0,0.0000,0,0.0000
64,307,8,1.4870,14.6250,43.611251,0,0.0000,0,0.0000,0,0.0000,0,0.0000,0,0.0000,0,0.0000
320,0,8,1.4870,16.0000,57.2225,0,0.0000,0,0.0000,0,0.0000,0,0.0000,0,0.0000,0,0.0000
325,0,8,1.4870,19.3750,61.39,0,0.0000,0,0.0000,0,0.0000,0,0.0000,0,0.0000,0,0.0000
78,1014,8,1.4870,15.2500,43.055,0,0.0000,0,0.0000,0,0.0000,0,0.0000,0,0.0000,0,0.0000
166,0,8,1.4870,15.6250,53.05625,0,0.0000,0,0.0000,0,0.0000,0,0.0000,0,0.0000,0,0.0000
142,1110,8,1.4870,21.2500,48.887501,0,0.0000,0,0.0000,0,0.0000,0,0.0000,0,0.0000,0,0.0000
211,1259,8,1.4870,18.6250,62.778749,0,0.0000,0,0.0000,1,12.5000,0,0.0000,0,0.0000,0,0.0000
107,277,8,1.4870,15.6250,53.3325,0,0.0000,0,0.0000,0,0.0000,0,0.0000,0,0.0000,0,0.0000
61,238,8,1.4870,16.5000,56.11125,0,0.0000,0,0.0000,0,0.0000,0,0.0000,0,0.0000,0,0.0000
363,1598,8,1.4870,16.5000,52.7775,0,0.0000,0,0.0000,0,0.0000,0,0.0000,0,0.0000,0,0.0000
202,602,8,1.4870,17.6250,49.16625,0,0.0000,0,0.0000,0,0.0000,0,0.0000,0,0.0000,0,0.0000
502,0,8,1.4870,18.7500,55.2775,0,0.0000,0,0.0000,0,0.0000,0,0.0000,0,0.0000,0,0.0000
8,184,7,1.3011,12.1429,48.254286,0,0.0000,0,0.0000,0,0.0000,0,0.0000,0,0.0000,0,0.0000
73,0,7,1.3011,21.1429,51.748571,0,0.0000,0,0.0000,0,0.0000,0,0.0000,0,0.0000,0,0.0000
358,0,7,1.3011,17.8571,43.172858,0,0.0000,0,0.0000,0,0.0000,0,0.0000,0,0.0000,0,0.0000
300,0,7,1.3011,15.7143,52.698572,0,0.0000,0,0.0000,0,0.0000,0,0.0000,0,0.0000,0,0.0000
183,0,6,1.1152,20.6667,67.036667,0,0.0000,0,0.0000,0,0.0000,0,0.0000,0,0.0000,0,0.0000
47,0,6,1.1152,23.5000,59.996668,0,0.0000,0,0.0000,0,0.0000,0,0.0000,0,0.0000,0,0.0000
294,1445,6,1.1152,16.1667,56.666667,0,0.0000,0,0.0000,0,0.0000,0,0.0000,0,0.0000,0,0.0000
231,0,6,1.1152,15.0000,54.813335,0,0.0000,0,0.0000,0,0.0000,0,0.0000,0,0.0000,0,0.0000
326,0,6,1.1152,20.8333,48.146666,0,0.0000,0,0.0000,0,0.0000,0,0.0000,0,0.0000,0,0.0000
597,0,6,1.1152,14.5000,51.48,0,0.0000,0,0.0000,0,0.0000,0,0.0000,0,0.0000,0,0.0000
62,241,6,1.1152,22.5000,67.038332,0,0.0000,0,0.0000,0,0.0000,0,0.0000,0,0.0000,0,0.0000
137,677,6,1.1152,19.8333,47.778333,0,0.0000,0,0.0000,0,0.0000,0,0.0000,0,0.0000,0,0.0000
96,214,6,1.1152,7.6667,44.443334,0,0.0000,0,0.0000,0,0.0000,0,0.0000,0,0.0000,0,0.0000
686,0,6,1.1152,6.6667,46.666666,0,0.0000,0,0.0000,0,0.0000,0,0.0000,0,0.0000,0,0.0000
223,0,6,1.1152,12.1667,48.146667,0,0.0000,0,0.0000,0,0.0000,0,0.0000,0,0.0000,0,0.0000
177,0,6,1.1152,20.8333,59.628334,0,0.0000,0,0.0000,0,0.0000,0,0.0000,0,0.0000,0,0.0000
546,0,6,1.1152,18.3333,44.445,0,0.0000,0,0.0000,0,0.0000,0,0.0000,0,0.0000,0,0.0000
356,917,5,0.9294,17.4000,53.778001,0,0.0000,0,0.0000,0,0.0000,0,0.0000,0,0.0000,0,0.0000
572,0,5,0.9294,17.6000,47.114001,0,0.0000,0,0.0000,0,0.0000,0,0.0000,0,0.0000,0,0.0000
342,0,5,0.9294,12.2000,36.888,0,0.0000,0,0.0000,0,0.0000,0,0.0000,0,0.0000,0,0.0000
140,1104,5,0.9294,19.4000,59.110001,0,0.0000,0,0.0000,0,0.0000,0,0.0000,0,0.0000,0,0.0000
130,256,5,0.9294,20.4000,40.888,0,0.0000,0,0.0000,0,0.0000,0,0.0000,0,0.0000,0,0.0000
158,0,5,0.9294,17.2000,47.111999,0,0.0000,0,0.0000,0,0.0000,0,0.0000,0,0.0000,0,0.0000
63,304,5,0.9294,18.6000,55.554,0,0.0000,0,0.0000,0,0.0000,0,0.0000,0,0.0000,0,0.0000
79,2582,5,0.9294,23.2000,65.778,0,0.0000,0,0.0000,0,0.0000,0,0.0000,0,0.0000,0,0.0000
21,0,5,0.9294,25.2000,61.778,0,0.0000,0,0.0000,0,0.0000,0,0.0000,0,0.0000,0,0.0000
653,0,5,0.9294,16.6000,55.112,0,0.0000,0,0.0000,0,0.0000,0,0.0000,0,0.0000,0,0.0000
712,0,5,0.9294,10.2000,35.556001,0,0.0000,0,0.0000,0,0.0000,0,0.0000,0,0.0000,0,0.0000
309,0,5,0.9294,7.4000,46.666,0,0.0000,0,0.0000,0,0.0000,0,0.0000,0,0.0000,0,0.0000
131,322,4,0.7435,15.0000,35.5575,0,0.0000,0,0.0000,0,0.0000,0,0.0000,0,0.0000,0,0.0000
52,64,4,0.7435,16.5000,57.777501,0,0.0000,0,0.0000,0,0.0000,0,0.0000,0,0.0000,0,0.0000
295,1448,4,0.7435,24.7500,63.887501,0,0.0000,0,0.0000,0,0.0000,0,0.0000,0,0.0000,0,0.0000
70,667,4,0.7435,16.0000,60.557499,0,0.0000,0,0.0000,0,0.0000,0,0.0000,0,0.0000,0,0.0000
139,743,4,0.7435,20.0000,63.335,0,0.0000,0,0.0000,0,0.0000,0,0.0000,0,0.0000,0,0.0000
722,0,4,0.7435,24.2500,59.442501,0,0.0000,0,0.0000,0,0.0000,0,0.0000,0,0.0000,0,0.0000
293,1442,4,0.7435,10.5000,47.222499,0,0.0000,0,0.0000,0,0.0000,0,0.0000,0,0.0000,0,0.0000
692,0,4,0.7435,7.5000,46.6675,0,0.0000,0,0.0000,0,0.0000,0,0.0000,0,0.0000,0,0.0000
149,196,4,0.7435,20.0000,54.442501,0,0.0000,0,0.0000,0,0.0000,0,0.0000,0,0.0000,0,0.0000
420,0,4,0.7435,15.2500,58.334999,0,0.0000,0,0.0000,0,0.0000,0,0.0000,0,0.0000,0,0.0000
147,190,3,0.5576,14.0000,42.223333,0,0.0000,0,0.0000,0,0.0000,0,0.0000,0,0.0000,0,0.0000
201,23,3,0.5576,21.6667,34.076666,0,0.0000,0,0.0000,0,0.0000,0,0.0000,0,0.0000,0,0.0000
401,0,3,0.5576,18.0000,40.74,0,0.0000,0,0.0000,0,0.0000,0,0.0000,0,0.0000,0,0.0000
57,0,3,0.5576,13.0000,51.110001,0,0.0000,0,0.0000,0,0.0000,0,0.0000,0,0.0000,0,0.0000
60,235,3,0.5576,14.6667,46.666667,0,0.0000,0,0.0000,0,0.0000,0,0.0000,0,0.0000,0,0.0000
141,1107,3,0.5576,26.0000,44.443334,0,0.0000,0,0.0000,0,0.0000,0,0.0000,0,0.0000,0,0.0000
201,1,3,0.5576,20.6667,53.333333,0,0.0000,0,0.0000,0,0.0000,0,0.0000,0,0.0000,0,0.0000
734,0,3,0.5576,25.3333,51.110001,0,0.0000,0,0.0000,0,0.0000,0,0.0000,0,0.0000,0,0.0000
10,0,3,0.5576,13.3333,49.63,0,0.0000,0,0.0000,0,0.0000,0,0.0000,0,0.0000,0,0.0000
608,0,3,0.5576,17.6667,68.886668,0,0.0000,0,0.0000,0,0.0000,0,0.0000,0,0.0000,0,0.0000
117,1065,3,0.5576,18.3333,31.85,0,0.0000,0,0.0000,0,0.0000,0,0.0000,0,0.0000,0,0.0000
68,815,3,0.5576,19.0000,54.813333,0,0.0000,0,0.0000,0,0.0000,0,0.0000,0,0.0000,0,0.0000
45,271,3,0.5576,17.3333,60.740002,0,0.0000,0,0.0000,0,0.0000,0,0.0000,0,0.0000,0,0.0000
659,0,3,0.5576,25.3333,63.700002,0,0.0000,0,0.0000,0,0.0000,0,0.0000,0,0.0000,0,0.0000
71,670,3,0.5576,24.6667,65.183334,0,0.0000,0,0.0000,0,0.0000,0,0.0000,0,0.0000,0,0.0000
65,310,3,0.5576,23.3333,36.296667,0,0.0000,0,0.0000,0,0.0000,0,0.0000,0,0.0000,0,0.0000
148,193,3,0.5576,23.6667,63.700002,0,0.0000,0,0.0000,0,0.0000,0,0.0000,0,0.0000,0,0.0000
44,268,3,0.5576,29.6667,63.703334,0,0.0000,0,0.0000,0,0.0000,0,0.0000,0,0.0000,0,0.0000
102,729,3,0.5576,21.6667,51.850001,0,0.0000,0,0.0000,0,0.0000,0,0.0000,0,0.0000,0,0.0000
101,0,3,0.5576,12.0000,41.48,0,0.0000,0,0.0000,0,0.0000,0,0.0000,0,0.0000,0,0.0000
362,0,3,0.5576,14.0000,51.853333,0,0.0000,0,0.0000,0,0.0000,0,0.0000,0,0.0000,0,0.0000
290,0,3,0.5576,23.0000,60.0,0,0.0000,0,0.0000,0,0.0000,0,0.0000,0,0.0000,0,0.0000
351,31,3,0.5576,26.0000,77.036667,0,0.0000,0,0.0000,0,0.0000,0,0.0000,0,0.0000,0,0.0000
132,55,3,0.5576,22.3333,56.293335,0,0.0000,0,0.0000,0,0.0000,0,0.0000,0,0.0000,0,0.0000
41,0,2,0.3717,5.5000,28.889999,0,0.0000,0,0.0000,0,0.0000,0,0.0000,0,0.0000,0,0.0000
228,0,2,0.3717,12.5000,25.555001,0,0.0000,0,0.0000,0,0.0000,0,0.0000,0,0.0000,0,0.0000
341,0,2,0.3717,4.5000,44.445,0,0.0000,0,0.0000,0,0.0000,0,0.0000,0,0.0000,0,0.0000
132,655,2,0.3717,19.5000,24.445,0,0.0000,0,0.0000,0,0.0000,0,0.0000,0,0.0000,0,0.0000
101,1050,2,0.3717,5.5000,68.885002,0,0.0000,0,0.0000,0,0.0000,0,0.0000,0,0.0000,0,0.0000
23,0,2,0.3717,16.0000,44.440001,0,0.0000,0,0.0000,0,0.0000,0,0.0000,0,0.0000,0,0.0000
121,0,2,0.3717,14.5000,48.89,0,0.0000,0,0.0000,0,0.0000,0,0.0000,0,0.0000,0,0.0000
450,891,2,0.3717,18.0000,32.22,0,0.0000,0,0.0000,0,0.0000,0,0.0000,0,0.0000,0,0.0000
201,2,2,0.3717,5.5000,42.220001,0,0.0000,0,0.0000,0,0.0000,0,0.0000,0,0.0000,0,0.0000
132,703,2,0.3717,16.0000,56.669998,0,0.0000,0,0.0000,0,0.0000,0,0.0000,0,0.0000,0,0.0000
449,888,2,0.3717,18.5000,48.889999,0,0.0000,0,0.0000,0,0.0000,0,0.0000,0,0.0000,0,0.0000
67,812,2,0.3717,28.5000,73.334999,0,0.0000,0,0.0000,0,0.0000,0,0.0000,0,0.0000,0,0.0000
201,7,2,0.3717,15.0000,52.220001,0,0.0000,0,0.0000,0,0.0000,0,0.0000,0,0.0000,0,0.0000
564,0,2,0.3717,16.5000,35.555,0,0.0000,0,0.0000,0,0.0000,0,0.0000,0,0.0000,0,0.0000
568,0,2,0.3717,11.5000,60.0,0,0.0000,0,0.0000,0,0.0000,0,0.0000,0,0.0000,0,0.0000
120,0,2,0.3717,17.5000,40.0,0,0.0000,0,0.0000,0,0.0000,0,0.0000,0,0.0000,0,0.0000
72,0,2,0.3717,5.5000,68.889999,0,0.0000,0,0.0000,0,0.0000,0,0.0000,0,0.0000,0,0.0000
224,0,2,0.3717,10.0000,56.665001,0,0.0000,0,0.0000,0,0.0000,0,0.0000,0,0.0000,0,0.0000
125,640,2,0.3717,14.0000,64.445,0,0.0000,0,0.0000,0,0.0000,0,0.0000,0,0.0000,0,0.0000
201,9,2,0.3717,22.5000,76.665001,0,0.0000,0,0.0000,0,0.0000,0,0.0000,0,0.0000,0,0.0000
408,0,2,0.3717,11.5000,53.334999,0,0.0000,0,0.0000,0,0.0000,0,0.0000,0,0.0000,0,0.0000
132,2728,2,0.3717,27.5000,44.445,0,0.0000,0,0.0000,0,0.0000,0,0.0000,0,0.0000,0,0.0000
201,5,2,0.3717,14.5000,76.665001,0,0.0000,0,0.0000,0,0.0000,0,0.0000,0,0.0000,0,0.0000
138,740,2,0.3717,24.5000,56.669998,0,0.0000,0,0.0000,0,0.0000,0,0.0000,0,0.0000,0,0.0000
415,0,2,0.3717,21.0000,61.110001,0,0.0000,0,0.0000,0,0.0000,0,0.0000,0,0.0000,0,0.0000
20,48,1,0.1859,18.0000,13.33,0,0.0000,0,0.0000,0,0.0000,0,0.0000,0,0.0000,0,0.0000
26,50,1,0.1859,22.0000,71.110001,0,0.0000,0,0.0000,0,0.0000,0,0.0000,0,0.0000,0,0.0000
318,0,1,0.1859,8.0000,53.330002,0,0.0000,0,0.0000,0,0.0000,0,0.0000,0,0.0000,0,0.0000
132,776,1,0.1859,19.0000,26.67,0,0.0000,0,0.0000,0,0.0000,0,0.0000,0,0.0000,0,0.0000
410,0,1,0.1859,25.0000,42.220001,0,0.0000,0,0.0000,0,0.0000,0,0.0000,0,0.0000,0,0.0000
607,0,1,0.1859,22.0000,80.0,0,0.0000,0,0.0000,0,0.0000,0,0.0000,0,0.0000,0,0.0000
227,1295,1,0.1859,6.0000,46.669998,0,0.0000,0,0.0000,0,0.0000,0,0.0000,0,0.0000,0,0.0000
366,0,1,0.1859,16.0000,31.110001,0,0.0000,0,0.0000,0,0.0000,0,0.0000,0,0.0000,0,0.0000
116,1062,1,0.1859,20.0000,42.220001,0,0.0000,0,0.0000,0,0.0000,0,0.0000,0,0.0000,0,0.0000
105,80,1,0.1859,7.0000,44.439999,0,0.0000,0,0.0000,0,0.0000,0,0.0000,0,0.0000,0,0.0000
127,898,1,0.1859,15.0000,37.779999,0,0.0000,0,0.0000,0,0.0000,0,0.0000,0,0.0000,0,0.0000
419,0,1,0.1859,17.0000,44.439999,0,0.0000,0,0.0000,0,0.0000,0,0.0000,0,0.0000,0,0.0000
50,60,1,0.1859,22.0000,40.0,0,0.0000,0,0.0000,0,0.0000,0,0.0000,0,0.0000,0,0.0000
418,0,1,0.1859,14.0000,62.220001,0,0.0000,0,0.0000,0,0.0000,0,0.0000,0,0.0000,0,0.0000
201,15,1,0.1859,13.0000,44.439999,0,0.0000,0,0.0000,0,0.0000,0,0.0000,0,0.0000,0,0.0000
11,0,1,0.1859,9.0000,57.779999,0,0.0000,0,0.0000,0,0.0000,0,0.0000,0,0.0000,0,0.0000
22,0,1,0.1859,33.0000,77.779999,0,0.0000,0,0.0000,0,0.0000,0,0.0000,0,0.0000,0,0.0000
201,6,1,0.1859,15.0000,35.560001,0,0.0000,0,0.0000,0,0.0000,0,0.0000,0,0.0000,0,0.0000
201,8,1,0.1859,21.0000,64.440002,0,0.0000,0,0.0000,0,0.0000,0,0.0000,0,0.0000,0,0.0000
97,217,1,0.1859,18.0000,8.89,0,0.0000,0,0.0000,0,0.0000,0,0.0000,0,0.0000,0,0.0000
201,20,1,0.1859,15.0000,24.440001,0,0.0000,0,0.0000,0,0.0000,0,0.0000,0,0.0000,0,0.0000
725,0,1,0.1859,21.0000,53.330002,0,0.0000,0,0.0000,0,0.0000,0,0.0000,0,0.0000,0,0.0000
694,0,1,0.1859,14.0000,57.779999,0,0.0000,0,0.0000,0,0.0000,0,0.0000,0,0.0000,0,0.0000
12,0,1,0.1859,15.0000,84.440002,0,0.0000,0,0.0000,0,0.0000,0,0.0000,0,0.0000,0,0.0000
201,25,1,0.1859,23.0000,64.440002,0,0.0000,0,0.0000,0,0.0000,0,0.0000,0,0.0000,0,0.0000
201,17,1,0.1859,16.0000,15.56,0,0.0000,0,0.0000,0,0.0000,0,0.0000,0,0.0000,0,0.0000
201,4,1,0.1859,20.0000,15.56,0,0.0000,0,0.0000,0,0.0000,0,0.0000,0,0.0000,0,0.0000
201,24,1,0.1859,34.0000,64.440002,0,0.0000,0,0.0000,0,0.0000,0,0.0000,0,0.0000,0,0.0000
364,1601,1,0.1859,25.0000,68.889999,0,0.0000,0,0.0000,0,0.0000,0,0.0000,0,0.0000,0,0.0000
304,0,1,0.1859,14.0000,33.330002,0,0.0000,0,0.0000,0,0.0000,0,0.0000,0,0.0000,0,0.0000
132,280,1,0.1859,11.0000,60.0,0,0.0000,0,0.0000,0,0.0000,0,0.0000,0,0.0000,0,0.0000
178,0,1,0.1859,28.0000,33.330002,0,0.0000,0,0.0000,0,0.0000,0,0.0000,0,0.0000,0,0.0000
132,67,1,0.1859,14.0000,46.669998,0,0.0000,0,0.0000,0,0.0000,0,0.0000,0,0.0000,0,0.0000
