pokemon_id,form,count_poke,percentage,avg_weight,avg_height,avg_size,avg_atk,avg_def,avg_sta,avg_level,avg_iv,avg_lat,avg_lon,iv_100,iv100_percentage,iv_0,iv0_percentage,shinies,shiny_odds,little_top_1,little_top1_percentage,great_top_1,great_top1_percentage,ultra_top_1,ultra_top1_percentage
328,746,13266,4307.1429,15.310814255413975,0.7084966472570146,2.9965,9.2148,9.2965,9.2287,19.8554,61.644596,37.09523546223933,-8.099504038703424,9,0.0678,0,0.0000,28,0.2111,2,0.0151,10,0.0754,0,0.0000
218,0,9935,3225.6494,35.77980324078163,0.7088853228955003,2.9980,9.0185,9.0525,9.0795,19.3593,60.334605,37.09476319752612,-8.096897423393937,2,0.0201,2,0.0201,26,0.2617,1,0.0101,0,0.0000,0,0.0000
111,846,8739,2837.3377,118.27850500833712,1.001616521087761,3.0039,9.2742,9.2746,9.1786,19.8662,61.616467,37.09915258802004,-8.090733550399824,5,0.0572,0,0.0000,17,0.1945,0,0.0000,0,0.0000,0,0.0000
427,0,8593,2789.9351,5.66222040078272,0.40124259437203924,3.0051,7.8330,7.7756,7.8493,16.5636,52.128727,37.09691445355568,-8.093621904789895,0,0.0000,2,0.0233,21,0.2444,4,0.0465,4,0.0465,3,0.0349
915,0,8211,2665.9091,10.44564301353239,0.4992406725523324,2.9934,7.9383,7.9253,7.8749,16.6244,52.752321,37.09755220000758,-8.094830182204484,2,0.0244,0,0.0000,16,0.1949,4,0.0487,1,0.0122,1,0.0122
194,1226,8109,2632.7922,8.740284696296749,0.41081646322931875,3.0037,8.8804,8.9779,8.9156,19.1263,59.497713,37.098160821244626,-8.091365754959858,4,0.0493,0,0.0000,22,0.2713,1,0.0123,0,0.0000,0,0.0000
206,0,7349,2386.0390,14.40355645685078,1.5043478669046046,3.0051,7.4924,7.4798,7.4794,15.5640,49.892501,37.095151853138155,-8.094410268458,2,0.0272,3,0.0408,20,0.2721,4,0.0544,3,0.0408,0,0.0000
513,0,7230,2347.4026,11.365227398882269,0.6018586870298346,3.0017,9.0523,9.1058,9.1271,19.2794,60.633794,37.10075467073571,-8.090722144745486,8,0.1107,0,0.0000,11,0.1521,0,0.0000,0,0.0000,0,0.0000
343,0,6734,2186.3636,21.97793702366024,0.5097809046941111,3.0004,9.2920,9.3641,9.3561,20.0180,62.24932,37.09416577449663,-8.104667223623098,6,0.0891,1,0.0149,13,0.1931,0,0.0000,1,0.0149,0,0.0000
261,1367,6488,2106.4935,13.999168568532468,0.5109650374699668,2.9955,7.4795,7.4770,7.4383,15.5920,49.766398,37.090310004797374,-8.105863015552385,1,0.0154,2,0.0308,8,0.1233,1,0.0154,2,0.0308,0,0.0000
179,646,6395,2076.2987,8.024134699299548,0.6102322464156837,2.9989,7.5844,7.5284,7.5392,15.5814,50.337594,37.09739860619099,-8.093819689031067,2,0.0313,0,0.0000,9,0.1407,3,0.0469,1,0.0156,6,0.0938
273,625,6384,2072.7273,4.104805383464046,0.50995033902353,3.0009,9.0367,9.0855,9.0757,19.4566,60.439688,37.09537136079667,-8.094373250867,4,0.0627,1,0.0157,10,0.1566,1,0.0157,0,0.0000,0,0.0000
74,67,6110,1983.7662,20.727376833409096,0.40205341817130613,3.0062,9.2764,9.2015,9.2250,20.0789,61.562151,37.10337238584949,-8.084771135621416,6,0.0982,0,0.0000,13,0.2128,0,0.0000,7,0.1146,1,0.0164
27,51,5906,1917.5325,12.326731944281976,0.6009069433403629,2.9976,8.9893,9.0461,9.0090,19.2543,60.098647,37.103885220940526,-8.079398351855739,4,0.0677,0,0.0000,12,0.2032,0,0.0000,4,0.0677,0,0.0000
37,55,5452,1770.1299,10.079897762329207,0.597768472411217,2.9985,8.8978,8.7201,8.7957,18.8003,58.696911,37.09826497111961,-8.0877924839261,1,0.0183,0,0.0000,14,0.2568,1,0.0183,0,0.0000,1,0.0183
287,0,5244,1702.5974,24.646835233901697,0.7901808789245589,3.0038,8.0543,8.0605,8.0189,16.8776,53.630397,37.10066778029608,-8.092516562970143,4,0.0763,2,0.0381,9,0.1716,1,0.0191,1,0.0191,0,0.0000
25,598,5186,1683.7662,6.208422702296738,0.40196675470143056,3.0010,7.3535,7.5150,7.5077,15.3018,49.724894,37.09899580986369,-8.088558352084213,1,0.0193,1,0.0193,8,0.1543,0,0.0000,1,0.0193,2,0.0386
58,280,4810,1561.6883,19.49580530137059,0.7005387845693705,2.9990,9.0792,9.1274,9.0707,19.5403,60.616268,37.09010316495289,-8.096540601555214,2,0.0416,0,0.0000,9,0.1871,1,0.0208,2,0.0416,0,0.0000
431,0,4801,1558.7662,4.00276191845191,0.4998082647061602,2.9981,8.0858,7.9431,8.0096,16.6032,53.418934,37.095036286157,-8.101839432580695,0,0.0000,1,0.0208,12,0.2499,1,0.0208,0,0.0000,0,0.0000
228,229,4759,1545.1299,11.073561865750257,0.6101443523454185,3.0021,9.0448,9.1084,9.1586,19.4280,60.692904,37.09223279623464,-8.10204920527525,0,0.0000,1,0.0210,15,0.3152,1,0.0210,0,0.0000,0,0.0000
203,0,4485,1456.1688,42.44542946509949,1.4959233406266614,2.9940,8.4883,8.5021,8.3115,17.8644,56.22648,37.09901070856025,-8.093439982764387,0,0.0000,1,0.0223,8,0.1784,1,0.0223,0,0.0000,0,0.0000
316,0,4233,1374.3506,10.61904653917398,0.410647054129045,3.0024,7.5089,7.3218,7.5400,15.4732,49.712665,37.10149190456424,-8.087301755664914,0,0.0000,2,0.0472,14,0.3307,2,0.0472,1,0.0236,0,0.0000
109,703,4108,1333.7662,1.0158624669318082,0.597697823782016,3.0002,7.5679,7.5278,7.4674,15.5312,50.140185,37.08670122613956,-8.100268272732965,0,0.0000,3,0.0730,5,0.1217,2,0.0487,1,0.0243,1,0.0243
921,0,4098,1330.5195,2.596885109081762,0.30154260326602944,3.0044,7.5703,7.3880,7.4322,15.5351,49.756464,37.09746421756324,-8.092646015629578,1,0.0244,3,0.0732,0,0.0000,1,0.0244,3,0.0732,0,0.0000
529,0,3933,1276.9481,8.703358303527134,0.2994263171581057,3.0031,8.9853,9.0959,9.0826,19.2563,60.363873,37.092635121930556,-8.103198599638953,2,0.0509,0,0.0000,8,0.2034,0,0.0000,2,0.0509,0,0.0000
731,0,3856,1251.9481,1.2323250801850059,0.2996595009956214,3.0023,8.3664,8.4629,8.4225,17.6901,56.115138,37.087477177485695,-8.11322105743924,5,0.1297,0,0.0000,0,0.0000,1,0.0259,1,0.0259,0,0.0000
216,1265,3838,1246.1039,9.056359331051405,0.6108480213673827,3.0052,8.0479,8.0211,8.1008,16.5732,53.710784,37.09417683372726,-8.103707101052214,2,0.0521,1,0.0261,6,0.1563,0,0.0000,2,0.0521,2,0.0521
524,0,3832,1244.1558,18.387543630014516,0.39927336759281384,3.0000,7.9744,8.0334,8.0770,16.4919,53.52179,37.09884062748618,-8.093077520017918,0,0.0000,0,0.0000,3,0.0783,0,0.0000,2,0.0522,0,0.0000
307,0,3818,1239.6104,11.466913288287005,0.6090205551492942,3.0016,8.1011,8.1056,8.0377,17.0084,53.876456,37.09870410255864,-8.09142089528939,3,0.0786,1,0.0262,7,0.1833,2,0.0524,3,0.0786,0,0.0000
176,0,3792,1231.1688,3.327103988090648,0.6144715614915522,3.0095,7.8149,7.6617,7.8249,16.2521,51.780994,37.09607247692377,-8.150072242032136,2,0.0527,1,0.0264,9,0.2373,0,0.0000,1,0.0264,1,0.0264
304,1469,3791,1230.8442,61.904976416137416,0.41077691024478946,2.9966,7.8446,7.7982,7.8066,16.2564,52.110013,37.1076260237525,-8.086940058182075,1,0.0264,0,0.0000,11,0.2902,1,0.0264,1,0.0264,1,0.0264
919,0,3771,1224.3506,1.0193899943234441,0.1997427240775797,3.0080,7.4848,7.5442,7.4291,15.5765,49.906574,37.08987701884093,-8.106216251857058,0,0.0000,1,0.0265,0,0.0000,0,0.0000,0,0.0000,1,0.0265
590,0,3758,1220.1299,1.024236526433428,0.1997780597046565,3.0019,8.9763,9.0817,9.0365,19.2927,60.210005,37.09520022868313,-8.109214675361052,1,0.0266,0,0.0000,6,0.1597,1,0.0266,0,0.0000,1,0.0266
585,587,3655,1186.6883,19.861252097403234,0.59794847412528,2.9929,9.1456,9.1633,9.1658,19.7874,61.054917,37.097719197813056,-8.098325324836937,2,0.0547,0,0.0000,0,0.0000,0,0.0000,0,0.0000,0,0.0000
684,0,3574,1160.3896,3.5482602208936247,0.398048799620623,2.9933,7.4519,7.5753,7.5087,15.5492,50.079566,37.09844731529613,-8.0912679664803,0,0.0000,1,0.0280,5,0.1399,0,0.0000,0,0.0000,0,0.0000
909,0,3481,1130.1948,10.015161345265378,0.39986087652886737,3.0132,8.9250,9.0517,8.9362,19.2442,59.806579,37.09757726237788,-8.09209268050538,2,0.0575,1,0.0287,0,0.0000,1,0.0287,1,0.0287,1,0.0287
158,1136,3472,1127.2727,9.735988559867396,0.6092654341485078,3.0026,7.4516,7.6040,7.4951,15.5907,50.11265,37.09825894083205,-8.090860640080308,0,0.0000,2,0.0576,4,0.1152,1,0.0288,3,0.0864,2,0.0576
574,0,3446,1118.8312,5.976294313877985,0.4006203502555105,3.0096,8.0990,8.1242,8.0624,16.9611,53.967864,37.09974115688388,-8.090962154894296,0,0.0000,0,0.0000,6,0.1741,2,0.0580,0,0.0000,1,0.0290
906,0,3413,1108.1169,4.180823961412753,0.3992128010375749,2.9944,8.9021,8.9950,8.8655,19.2584,59.472763,37.09621604142201,-8.093770426359338,1,0.0293,0,0.0000,0,0.0000,0,0.0000,1,0.0293,0,0.0000
285,0,3376,1096.1039,4.625998383753386,0.4106179842836912,3.0024,8.7764,8.8913,8.8371,19.1380,58.899405,37.09777747095627,-8.092146307811285,0,0.0000,1,0.0296,3,0.0889,0,0.0000,2,0.0592,0,0.0000
155,1127,3352,1088.3117,8.096041317842456,0.5087825273005804,2.9967,8.8219,8.8923,8.9454,18.8237,59.243568,37.09717220712243,-8.090938660673677,4,0.1193,0,0.0000,8,0.2387,0,0.0000,1,0.0298,1,0.0298
263,946,3338,1083.7662,17.922508061861247,0.39960764218523775,3.0030,7.7663,7.7525,7.9023,16.1971,52.047262,37.09858867201808,-8.091693360798702,3,0.0899,0,0.0000,52,1.5578,1,0.0300,1,0.0300,0,0.0000
237,0,3302,1072.0779,49.20154606067773,1.3998987182342646,2.9979,7.4240,7.4352,7.5842,15.4116,49.874095,37.09853610948884,-8.09148954864096,1,0.0303,1,0.0303,9,0.2726,0,0.0000,1,0.0303,1,0.0303
152,1118,3285,1066.5584,6.570981880851843,0.888776603800298,2.9979,8.8502,8.9507,8.8776,18.7629,59.285614,37.09773118532743,-8.092379462843109,1,0.0304,1,0.0304,5,0.1522,0,0.0000,1,0.0304,0,0.0000
190,1214,3109,1009.4156,11.837571860893966,0.7910285923471783,3.0029,8.0312,7.8572,7.7819,16.2782,52.600666,37.09479970210424,-8.110087204367792,0,0.0000,1,0.0322,6,0.1930,0,0.0000,3,0.0965,1,0.0322
333,0,3085,1001.6234,1.2255642139340763,0.4095943831246008,2.9987,8.5822,8.7015,8.6233,18.3699,57.571102,37.11178643147319,-8.075148845747119,4,0.1297,0,0.0000,5,0.1621,0,0.0000,1,0.0324,2,0.0648
506,0,3059,993.1818,4.1800934768403835,0.39879474835118817,2.9997,7.8996,7.7666,7.8607,16.6420,52.282158,37.095964101001684,-8.10005611614796,1,0.0327,1,0.0327,7,0.2288,0,0.0000,0,0.0000,1,0.0327
41,157,3038,986.3636,7.7723667446212445,0.8039802770480425,3.0007,8.3196,8.3427,8.2093,17.3934,55.27024,37.105146361565524,-8.077055919936331,2,0.0658,0,0.0000,7,0.2304,0,0.0000,0,0.0000,0,0.0000
29,776,3038,986.3636,7.21116302369533,0.4004262956656879,2.9954,7.5194,7.4638,7.4523,15.1406,49.85659,37.09495138352406,-8.094164465847179,1,0.0329,2,0.0658,2,0.0658,0,0.0000,1,0.0329,2,0.0658
133,0,3022,981.1688,6.642727133333485,0.2995744615180987,3.0030,7.6926,7.9537,7.9341,16.4633,52.400913,37.09632281098736,-8.110700914259946,2,0.0662,1,0.0331,5,0.1655,1,0.0331,3,0.0993,5,0.1655
434,791,3005,975.6494,19.495133251815172,0.3981347717307545,2.9947,7.4626,7.6552,7.5667,15.4060,50.41016,37.09541419842575,-8.099025352079202,0,0.0000,0,0.0000,0,0.0000,1,0.0333,0,0.0000,0,0.0000
32,776,2945,956.1688,9.145530897030687,0.4978265535066148,3.0037,7.4146,7.4846,7.3447,15.5983,49.430676,37.08900905366544,-8.101411240071107,0,0.0000,1,0.0340,7,0.2377,4,0.1358,2,0.0679,1,0.0340
13,616,2934,952.5974,3.2908313218663063,0.3005284395733615,3.0038,7.4806,7.5153,7.4260,15.3879,49.826609,37.100993962457515,-8.086353356834747,0,0.0000,2,0.0682,4,0.1363,0,0.0000,2,0.0682,0,0.0000
274,628,2800,909.0909,28.387532193149838,0.9851878502752099,2.9896,9.0404,9.2164,9.1811,19.4286,60.9729,37.097242905104295,-8.09233652192331,2,0.0714,0,0.0000,0,0.0000,0,0.0000,0,0.0000,0,0.0000
16,0,2657,862.6623,1.8503180291003676,0.30060341575646,3.0038,8.3338,8.5073,8.3146,17.4817,55.901799,37.091330001492096,-8.09961745885253,1,0.0376,0,0.0000,5,0.1882,0,0.0000,0,0.0000,1,0.0376
48,259,2593,841.8831,30.794710114063832,0.9993768670799831,3.0000,7.5480,7.3999,7.4385,15.5823,49.747632,37.115460564206195,-8.063471249857034,0,0.0000,0,0.0000,6,0.2314,0,0.0000,0,0.0000,0,0.0000
605,0,2526,820.1299,9.251671362281884,0.4996059992345476,2.9921,8.1124,8.0934,7.9949,17.5463,53.779363,37.099255563621824,-8.090710017523094,3,0.1188,1,0.0396,7,0.2771,0,0.0000,1,0.0396,1,0.0396
592,2330,2483,806.1688,33.92394378909215,1.2030199550665341,3.0077,7.5360,7.6021,7.5920,15.5203,50.511523,37.0926720658161,-8.097454924801424,1,0.0403,3,0.1208,7,0.2819,2,0.0805,1,0.0403,0,0.0000
234,941,2407,781.4935,73.06263231584074,1.400746049238894,3.0050,8.1280,7.7432,7.8488,16.5019,52.711093,37.095822538269104,-8.100206032530217,0,0.0000,0,0.0000,6,0.2493,0,0.0000,2,0.0831,0,0.0000
912,0,2406,781.1688,6.177749695131452,0.4984733283283908,3.0037,7.5794,7.4077,7.3757,15.4796,49.695262,37.09713030056041,-8.092564786401846,1,0.0416,3,0.1247,0,0.0000,1,0.0416,1,0.0416,1,0.0416
35,0,2331,756.8182,7.619832747637458,0.5975263473046184,2.9923,7.4003,7.6542,7.5530,15.7898,50.238773,37.107719785074956,-8.075499784169496,0,0.0000,0,0.0000,4,0.1716,1,0.0429,0,0.0000,1,0.0429
580,0,2315,751.6234,5.597884869657962,0.4992823359180826,3.0078,7.9019,8.0575,7.9097,16.3810,53.042398,37.10393488264873,-8.130084143967933,2,0.0864,1,0.0432,0,0.0000,0,0.0000,0,0.0000,2,0.0864
736,0,2264,735.0649,4.552076785688851,0.40132942181517195,3.0066,7.4430,7.6122,7.4982,15.6170,50.118737,37.10136424423494,-8.091913391955378,0,0.0000,1,0.0442,10,0.4417,0,0.0000,1,0.0442,0,0.0000
747,0,2236,725.9740,8.224635893543507,0.4015834481261413,3.0157,7.4289,7.5711,7.5331,15.5760,50.073618,37.094843531889815,-8.09579847710438,0,0.0000,1,0.0447,0,0.0000,1,0.0447,1,0.0447,0,0.0000
396,1658,2226,722.7273,2.061355615651108,0.3001882992097785,3.0027,8.1132,8.2013,7.9942,17.2282,54.019151,37.089306925711256,-8.096642855517986,1,0.0449,1,0.0449,9,0.4043,1,0.0449,2,0.0898,0,0.0000
104,224,2215,719.1558,6.64382410611848,0.3996593914236495,2.9941,8.9278,8.9977,8.8641,19.1535,59.532524,37.09211558975705,-8.094704499615258,3,0.1354,0,0.0000,5,0.2257,0,0.0000,0,0.0000,0,0.0000
519,0,2159,700.9740,2.1548725594468103,0.29975389813037523,2.9898,8.4090,8.3062,8.1783,17.3432,55.318666,37.10103033403325,-8.086973690283005,1,0.0463,0,0.0000,6,0.2779,0,0.0000,3,0.1390,0,0.0000
753,0,2136,693.5065,1.5201449150223925,0.29811864789112946,2.9972,9.3596,9.3904,9.4036,20.5243,62.563455,37.0919375005669,-8.104875552228695,0,0.0000,0,0.0000,5,0.2341,0,0.0000,0,0.0000,0,0.0000
676,2629,2072,672.7273,28.885800540101368,1.2027782225401304,3.0063,7.4894,7.5145,7.6260,15.4990,50.28848,37.095706564203255,-8.09563097308281,1,0.0483,0,0.0000,5,0.2413,0,0.0000,0,0.0000,1,0.0483
163,0,2063,669.8052,22.080817174934634,0.7139543733916082,3.0058,8.4983,8.5715,8.6049,17.9021,57.055012,37.09032530803654,-8.104966475641604,1,0.0485,0,0.0000,4,0.1939,0,0.0000,0,0.0000,0,0.0000
661,0,2045,663.9610,1.744415135989299,0.2995328129419455,2.9907,8.1570,8.2494,8.1848,17.5731,54.647081,37.10175492283859,-8.09394570200431,1,0.0489,0,0.0000,4,0.1956,0,0.0000,2,0.0978,4,0.1956
548,0,2025,657.4675,6.742406706270493,0.4998766864123551,3.0064,9.3862,9.3215,9.3121,20.3901,62.266114,37.08908924901086,-8.103935977614086,1,0.0494,0,0.0000,8,0.3951,0,0.0000,0,0.0000,0,0.0000
309,1484,1899,616.5584,15.517499148751412,0.6081729509450915,2.9995,7.5882,7.5361,7.3934,15.7004,50.039221,37.089007607974565,-8.121240308135166,0,0.0000,1,0.0527,6,0.3160,1,0.0527,2,0.1053,0,0.0000
280,292,1893,614.6104,6.874144687027227,0.4127408436355233,3.0005,8.2805,8.1368,8.0623,17.0544,54.399308,37.097760539021984,-8.093634783873377,1,0.0528,0,0.0000,4,0.2113,1,0.0528,1,0.0528,1,0.0528
554,2063,1887,612.6623,38.626669839000854,0.6007017768212709,2.9947,8.6603,8.6508,8.8484,18.4727,58.13204,37.10780563966645,-8.086513442703378,1,0.0530,0,0.0000,3,0.1590,0,0.0000,0,0.0000,1,0.0530
667,0,1856,602.5974,13.815596722271243,0.5997100794893712,3.0000,9.3093,9.4003,9.3033,20.4364,62.250938,37.09700871753002,-8.094315075549874,1,0.0539,0,0.0000,3,0.1616,0,0.0000,1,0.0539,0,0.0000
527,0,1826,592.8571,2.146767361775825,0.3991337766249974,2.9951,7.7563,7.9628,7.7913,16.4556,52.245208,37.096221040859966,-8.099351682953936,1,0.0548,0,0.0000,4,0.2191,2,0.1095,1,0.0548,0,0.0000
344,0,1786,579.8701,110.82152600697567,1.5018843193102338,3.0006,9.2268,9.3544,9.3371,20.1305,62.040627,37.09519252316363,-8.10209164137154,1,0.0560,0,0.0000,0,0.0000,0,0.0000,0,0.0000,0,0.0000
613,2231,1769,574.3506,8.721920467693518,0.5013326880122934,3.0074,7.3431,7.4268,7.5907,15.2759,49.690277,37.09794294614167,-8.092347718879951,0,0.0000,0,0.0000,3,0.1696,0,0.0000,0,0.0000,1,0.0565
761,0,1676,544.1558,3.264580903764981,0.29850213849722457,2.9952,8.8490,8.9499,8.8300,18.7393,59.175257,37.098763643185706,-8.09355881135101,0,0.0000,0,0.0000,0,0.0000,2,0.1193,0,0.0000,1,0.0597
180,649,1661,539.2857,13.741711521695446,0.7939621554704481,3.0157,7.4521,7.3149,7.5882,15.4720,49.678338,37.09778585257757,-8.092028676201867,0,0.0000,0,0.0000,0,0.0000,0,0.0000,0,0.0000,0,0.0000
453,0,1661,539.2857,23.53996564167864,0.7000662138454864,3.0018,7.5942,7.5328,7.6039,15.4810,50.513041,37.09526701126632,-8.095636409510666,0,0.0000,0,0.0000,2,0.1204,0,0.0000,1,0.0602,0,0.0000
220,1277,1644,533.7662,6.701811879365075,0.4108973826382685,2.9970,8.8875,8.9240,8.9422,18.7397,59.452628,37.09808914137509,-8.092570594014042,3,0.1825,0,0.0000,4,0.2433,0,0.0000,0,0.0000,2,0.1217
262,1370,1635,530.8442,37.99125830954992,0.9935823208042575,3.0000,7.6544,7.5119,7.5920,15.8997,50.574141,37.094727554857435,-8.099084778765455,0,0.0000,0,0.0000,0,0.0000,0,0.0000,0,0.0000,0,0.0000
353,908,1598,518.8312,2.322393312490076,0.6072805922357062,3.0000,7.3767,7.2966,7.3048,15.6364,48.840194,37.097487253434544,-8.100162819020793,0,0.0000,1,0.0626,2,0.1252,1,0.0626,1,0.0626,2,0.1252
928,0,1598,518.8312,6.657668749004958,0.29960502411910594,2.9969,8.8648,8.8473,8.8567,18.9218,59.041965,37.093360070901525,-8.100872159830788,0,0.0000,1,0.0626,0,0.0000,0,0.0000,0,0.0000,0,0.0000
50,59,1593,517.2078,0.8197146605161376,0.19950018824084,2.9962,9.3923,9.4840,9.4696,20.4281,62.990898,37.09637392049751,-8.09029336678899,0,0.0000,0,0.0000,6,0.3766,0,0.0000,0,0.0000,0,0.0000
313,0,1578,512.3377,18.048873198962166,0.7093836595608451,3.0140,7.5209,7.4278,7.5913,15.7649,50.088745,37.08798863708519,-8.105962013530753,0,0.0000,0,0.0000,6,0.3802,0,0.0000,0,0.0000,0,0.0000
751,0,1435,465.9091,4.1448327597420445,0.30141696983796273,3.0007,7.6077,7.4537,7.3763,15.7275,49.861408,37.07771344505213,-8.109834915735199,1,0.0697,0,0.0000,5,0.3484,0,0.0000,1,0.0697,0,0.0000
52,63,1425,462.6623,4.273953438851605,0.3977327070125703,2.9902,7.6147,7.8372,7.8140,16.0442,51.702105,37.098594155243354,-8.088478099848244,0,0.0000,0,0.0000,3,0.2105,0,0.0000,0,0.0000,0,0.0000
275,631,1400,454.5455,60.91978528159005,1.2957328443442073,2.9964,8.9886,9.1264,9.0493,19.8150,60.365107,37.09691862590141,-8.091526669886676,1,0.0714,0,0.0000,0,0.0000,0,0.0000,0,0.0000,0,0.0000
38,57,1384,449.3506,20.278884180547877,1.0959045606653184,2.9964,8.6871,8.8345,8.7370,19.0296,58.352681,37.099093028385184,-8.084945904549242,0,0.0000,0,0.0000,0,0.0000,0,0.0000,0,0.0000,1,0.0723
265,0,1384,449.3506,3.717078939361392,0.30103022332677654,3.0022,7.5715,7.6279,7.5137,15.3772,50.473642,37.09342174966654,-8.09593750126743,0,0.0000,1,0.0723,2,0.1445,0,0.0000,0,0.0000,0,0.0000
702,0,1372,445.4545,2.2447492481366487,0.199224507856578,3.0015,7.5897,7.5394,7.4672,15.0751,50.213761,37.10192672098676,-8.084098515389167,0,0.0000,2,0.1458,1,0.0729,0,0.0000,0,0.0000,0,0.0000
741,2679,1367,443.8312,3.5351562969195536,0.6026927807610551,3.0044,9.2963,9.3848,9.3804,20.0644,62.358859,37.091642574566706,-8.097881875242946,0,0.0000,0,0.0000,0,0.0000,0,0.0000,0,0.0000,1,0.0732
219,0,1319,428.2468,57.19709039205476,0.7925961855742344,2.9954,9.4564,9.2593,9.2502,19.9356,62.146338,37.08784165427853,-8.100911387397423,0,0.0000,1,0.0758,0,0.0000,0,0.0000,0,0.0000,0,0.0000
557,0,1309,425.0000,14.839710977849107,0.2998111029800424,3.0015,7.8885,8.1314,7.9992,16.7319,53.375844,37.097659742376365,-8.0927218724605,0,0.0000,0,0.0000,0,0.0000,0,0.0000,2,0.1528,1,0.0764
84,0,1301,422.4026,40.35512992870651,1.401510269162098,2.9985,8.1422,8.4350,8.4312,17.6795,55.57442,37.09915133862027,-8.090002888444227,0,0.0000,0,0.0000,3,0.2306,0,0.0000,0,0.0000,0,0.0000
167,0,1298,421.4286,8.721883278832012,0.5102679975014396,2.9931,7.5254,7.3336,7.4569,15.4122,49.590894,37.089031175178484,-8.108348836754123,0,0.0000,0,0.0000,2,0.1541,0,0.0000,0,0.0000,0,0.0000
338,0,1215,394.4805,160.2748576133482,1.1952741428581124,3.0000,8.2881,8.0889,8.0436,16.7128,54.267901,37.10152814909639,-8.08916440150056,0,0.0000,0,0.0000,3,0.2469,0,0.0000,1,0.0823,1,0.0823
81,655,1212,393.5065,6.245560515903066,0.3025489080114933,3.0083,7.4794,7.5017,7.3144,15.4884,49.545314,37.08629947948337,-8.101049154824672,0,0.0000,0,0.0000,2,0.1650,0,0.0000,1,0.0825,0,0.0000
122,1080,1205,391.2338,55.49779865019549,1.296250136066769,2.9934,8.1062,7.9759,7.9602,16.7021,53.427237,37.09556316194121,-8.095369502844799,1,0.0830,0,0.0000,4,0.3320,0,0.0000,0,0.0000,0,0.0000
33,785,1199,389.2857,20.241531490184112,0.902433742432168,3.0042,7.2577,7.4379,7.3536,15.8082,48.99829,37.092926292515294,-8.097617152168823,1,0.0834,1,0.0834,0,0.0000,0,0.0000,1,0.0834,0,0.0000
30,779,1162,377.2727,20.550246172845878,0.8005177015743238,3.0034,7.5293,7.5207,7.5792,15.7134,50.286876,37.09265554638487,-8.09751875889312,1,0.0861,0,0.0000,0,0.0000,0,0.0000,1,0.0861,0,0.0000
539,0,1130,366.8831,51.830175689937164,1.3939195672319038,3.0035,7.5823,7.5018,7.2796,15.6451,49.697133,37.10538026394211,-8.084154079269414,0,0.0000,0,0.0000,3,0.2655,0,0.0000,0,0.0000,0,0.0000
28,53,1130,366.8831,30.209552692670123,0.9997226807583318,2.9991,8.8885,9.2805,9.1133,19.2912,60.627354,37.096607143350866,-8.089533185106731,2,0.1770,0,0.0000,0,0.0000,0,0.0000,0,0.0000,1,0.0885
100,2728,1110,360.3896,13.305371218269423,0.5016960433816136,3.0171,8.5640,8.8000,8.8468,18.9432,58.246225,37.10109374647344,-8.084920447208669,1,0.0901,0,0.0000,0,0.0000,0,0.0000,0,0.0000,1,0.0901
618,2345,1087,352.9221,21.0908975261225,0.7026441683984176,3.0000,8.7065,8.9255,8.9660,18.9089,59.106495,37.10200908117279,-8.085973480477756,0,0.0000,0,0.0000,13,1.1960,0,0.0000,0,0.0000,0,0.0000
777,0,1084,351.9481,3.2962479353942626,0.29619467163427476,2.9787,7.4576,7.6946,7.5360,15.8782,50.418164,37.108948018477854,-8.082687392699267,0,0.0000,0,0.0000,0,0.0000,0,0.0000,0,0.0000,0,0.0000
421,95,1075,349.0260,9.551771296678588,0.500272169515144,3.0121,9.4112,9.4614,9.4567,20.5181,62.953907,37.09723027450447,-8.09137338038673,1,0.0930,0,0.0000,0,0.0000,0,0.0000,0,0.0000,0,0.0000
559,0,1062,344.8052,12.07364216134501,0.6000426219982061,3.0019,7.2976,7.4143,7.5264,15.6026,49.418249,37.10196869196421,-8.084459906061173,0,0.0000,0,0.0000,3,0.2825,0,0.0000,1,0.0942,0,0.0000
19,45,983,319.1558,3.553680639569257,0.29893056010724584,3.0031,7.5351,7.7823,7.7599,16.1495,51.282971,37.08817783072088,-8.104336842859707,0,0.0000,0,0.0000,0,0.0000,1,0.1017,1,0.1017,0,0.0000
622,0,974,316.2338,95.97202392672122,1.0104775481706283,2.9979,9.1253,8.9713,9.0277,19.3511,60.276171,37.10410053046736,-8.094008596930466,0,0.0000,0,0.0000,2,0.2053,0,0.0000,0,0.0000,0,0.0000
204,1244,925,300.3247,7.418185939584975,0.6098614721458194,2.9913,7.2876,7.4519,7.4768,15.5827,49.369481,37.07739960165885,-8.1122125151894,0,0.0000,0,0.0000,13,1.4054,0,0.0000,2,0.2162,1,0.1081
108,0,924,300.0000,66.72951590330345,1.196949785476387,3.0065,7.7489,7.8528,8.0714,16.3420,52.606786,37.106121507693125,-8.07267479639932,0,0.0000,1,0.1082,16,1.7316,0,0.0000,1,0.1082,1,0.1082
543,0,911,295.7792,5.5271941934968085,0.40303139707871843,3.0088,7.7816,7.1164,7.2953,15.4819,49.318189,37.09055666697119,-8.104859678477531,0,0.0000,0,0.0000,0,0.0000,0,0.0000,0,0.0000,0,0.0000
335,0,885,287.3377,41.043164303570684,1.294306382350835,3.0023,7.9921,7.8565,7.7401,16.8102,52.419277,37.094157129149494,-8.10544167788603,0,0.0000,0,0.0000,3,0.3390,0,0.0000,1,0.1130,0,0.0000
156,1130,885,287.3377,19.541150368716384,0.8869297851332173,2.9785,8.8260,8.9989,8.8023,18.9153,59.171469,37.09741838099785,-8.09472631714146,0,0.0000,1,0.1130,0,0.0000,0,0.0000,0,0.0000,0,0.0000
603,0,879,285.3896,22.11937579560117,1.193846290095249,3.0011,7.7941,7.3299,7.5131,14.8896,50.304869,37.09885436366739,-8.090236557257418,0,0.0000,0,0.0000,0,0.0000,0,0.0000,0,0.0000,0,0.0000
592,2168,876,284.4156,33.8915160644,1.195553528527691,2.9954,7.5571,7.6313,7.6484,15.2112,50.748276,37.097854008845296,-8.096104874391827,0,0.0000,0,0.0000,2,0.2283,0,0.0000,0,0.0000,0,0.0000
739,0,852,276.6234,7.079263939733921,0.5958968650887515,2.9870,7.2453,7.4707,7.6984,15.5023,49.809801,37.09690211560049,-8.093632060922012,0,0.0000,1,0.1174,0,0.0000,0,0.0000,0,0.0000,0,0.0000
159,1139,849,275.6494,25.80610106437872,1.0918288968055914,3.0000,7.2556,7.5312,7.5477,15.2097,49.632297,37.09959478427094,-8.091024098678197,1,0.1178,2,0.2356,0,0.0000,0,0.0000,1,0.1178,0,0.0000
432,0,831,269.8052,43.46538751428778,0.9866370200749598,2.9806,7.7184,7.8255,7.6522,16.1697,51.546811,37.09757615176878,-8.091346177499991,0,0.0000,0,0.0000,0,0.0000,0,0.0000,0,0.0000,0,0.0000
195,1229,830,269.4805,76.48692869248522,1.3932674962159952,3.0036,8.7229,8.9265,8.8217,18.6277,58.824651,37.097968953175204,-8.091261293644473,0,0.0000,0,0.0000,0,0.0000,0,0.0000,0,0.0000,0,0.0000
17,0,827,268.5065,30.704314040094793,1.0994870741630962,2.9988,8.0435,8.4027,8.2515,16.9250,54.883676,37.08283420608744,-8.109961003315465,1,0.1209,1,0.1209,0,0.0000,0,0.0000,0,0.0000,1,0.1209
767,0,808,262.3377,12.338232016179346,0.5022621616037953,2.9926,7.3020,7.5965,7.5458,15.5520,49.8763,37.09089518730898,-8.095918575608724,0,0.0000,1,0.1238,0,0.0000,0,0.0000,1,0.1238,1,0.1238
339,0,806,261.6883,1.9253494151620651,0.40769157632630754,2.9926,9.1055,9.3114,9.2717,19.1266,61.530286,37.07205055214754,-8.112781299436975,0,0.0000,0,0.0000,1,0.1241,0,0.0000,0,0.0000,0,0.0000
755,0,799,259.4156,1.5320450882568502,0.19955238151467514,2.9987,8.3492,8.3842,8.4718,17.2365,56.01144,37.0939253926251,-8.100454431064882,1,0.1252,0,0.0000,0,0.0000,0,0.0000,0,0.0000,0,0.0000
153,1121,778,252.5974,16.201000590735575,1.1914635240801512,2.9910,8.6645,8.7918,8.4537,18.5219,57.577648,37.09862560983043,-8.086624130056665,0,0.0000,0,0.0000,0,0.0000,0,0.0000,0,0.0000,0,0.0000
278,0,774,251.2987,9.63891624925047,0.6049113300678486,2.9857,7.8605,7.7209,7.5556,16.3669,51.415233,37.073106470625234,-8.113918626799132,0,0.0000,0,0.0000,2,0.2584,1,0.1292,0,0.0000,0,0.0000
95,902,772,250.6494,212.69485690129267,8.758779141810033,2.9922,9.1917,9.2720,9.3860,19.7617,61.888394,37.09911346455751,-8.090704255476618,0,0.0000,0,0.0000,10,1.2953,0,0.0000,0,0.0000,0,0.0000
359,830,772,250.6494,48.27195834370403,1.1984219088182821,2.9870,7.4054,7.4858,7.7902,15.0687,50.403018,37.09823150766071,-8.095257558761048,0,0.0000,0,0.0000,22,2.8497,1,0.1295,0,0.0000,1,0.1295
456,0,767,249.0260,7.388217221663453,0.4056369149109091,3.0196,7.5906,7.7771,7.6584,15.2777,51.169048,37.07044130846597,-8.11345939396404,0,0.0000,0,0.0000,1,0.1304,0,0.0000,1,0.1304,0,0.0000
20,47,746,242.2078,18.891296133559237,0.6980674373767068,2.9933,7.8727,8.1501,7.9853,16.3727,53.351367,37.086817451963704,-8.10869736556297,0,0.0000,0,0.0000,0,0.0000,0,0.0000,0,0.0000,0,0.0000
136,0,721,234.0909,25.799059396982194,0.9015950005501508,3.0153,8.8488,8.7878,8.9528,19.2594,59.087379,37.10183904158952,-8.09039841414864,0,0.0000,0,0.0000,0,0.0000,0,0.0000,0,0.0000,0,0.0000
631,0,685,222.4026,60.103141056166756,1.4021787992869204,2.9942,9.1825,9.0934,9.1255,20.1285,60.891986,37.10431848497368,-8.086486827082236,0,0.0000,0,0.0000,1,0.1460,0,0.0000,0,0.0000,0,0.0000
126,634,647,210.0649,45.60905547488417,1.2997320098154697,2.9969,9.1731,8.9227,9.1994,19.3787,60.656012,37.09594258671452,-8.091945499199227,1,0.1546,0,0.0000,0,0.0000,0,0.0000,0,0.0000,0,0.0000
588,0,646,209.7403,6.163985017744749,0.5027733193969949,3.0015,7.7585,7.6130,7.5464,15.8916,50.928777,37.091105428235046,-8.104220900469619,0,0.0000,0,0.0000,3,0.4644,0,0.0000,0,0.0000,2,0.3096
296,1451,645,209.4156,91.11849954442461,1.0014775368132331,3.0078,7.5922,7.5318,7.2620,15.6465,49.746698,37.08133850686818,-8.104878497143458,0,0.0000,0,0.0000,2,0.3101,0,0.0000,0,0.0000,0,0.0000
616,0,641,208.1169,8.024442991055547,0.40435621740762145,3.0109,7.7176,7.5273,7.3978,15.1357,50.317317,37.09100702928852,-8.108153098173732,0,0.0000,0,0.0000,1,0.1560,0,0.0000,0,0.0000,0,0.0000
185,0,640,207.7922,39.74326247192743,1.2026769386501763,3.0157,7.9797,7.7313,7.4563,16.1297,51.482781,37.08824043440213,-8.102953500322418,0,0.0000,0,0.0000,1,0.1563,0,0.0000,0,0.0000,0,0.0000
938,0,639,207.4675,0.4200048498797567,0.30264454703383714,3.0126,7.2473,7.5258,7.4022,15.2535,49.278466,37.09534240382286,-8.095612372446292,0,0.0000,0,0.0000,0,0.0000,0,0.0000,0,0.0000,0,0.0000
92,0,621,201.6234,0.10188447603364979,1.3041362146248565,3.0048,7.3929,7.4718,7.4605,15.6957,49.611932,37.10040711972472,-8.083207675648662,0,0.0000,0,0.0000,1,0.1610,0,0.0000,0,0.0000,0,0.0000
577,0,617,200.3247,1.0351756271367327,0.29975881122016457,2.9919,8.9238,8.6726,8.8266,19.0162,58.717877,37.098182592132645,-8.092122486656839,0,0.0000,0,0.0000,0,0.0000,0,0.0000,1,0.1621,0,0.0000
302,923,592,192.2078,11.045361779503903,0.5048222880242236,2.9898,7.6571,7.5794,7.2635,15.2787,49.999781,37.10651582598922,-8.09175680652409,0,0.0000,0,0.0000,4,0.6757,0,0.0000,0,0.0000,0,0.0000
769,0,563,182.7922,71.60733630733557,0.501197490377146,2.9893,9.1812,8.9663,8.8988,19.0568,60.102789,37.07135315699224,-8.113426026614647,1,0.1776,0,0.0000,0,0.0000,0,0.0000,0,0.0000,0,0.0000
26,49,544,176.6234,30.34076877097802,0.796880393285593,2.9723,7.5441,7.3824,7.0478,15.1581,48.831691,37.09892359284465,-8.087434872116154,0,0.0000,0,0.0000,0,0.0000,0,0.0000,0,0.0000,0,0.0000
59,283,538,174.6753,158.23820264454667,1.899599556253745,2.9926,9.5409,9.2900,9.5037,19.8178,62.965651,37.08356455108343,-8.106789407603095,0,0.0000,0,0.0000,0,0.0000,0,0.0000,0,0.0000,0,0.0000
520,0,504,163.6364,15.563279138143319,0.6023845475508397,3.0239,8.2599,8.4702,8.3016,17.4603,55.625973,37.10311652585559,-8.083610624457325,1,0.1984,0,0.0000,0,0.0000,0,0.0000,0,0.0000,0,0.0000
374,764,497,161.3636,99.45125312189901,0.6136204107033629,2.9960,7.8209,7.5513,8.1992,16.3682,52.380926,37.10342442803949,-8.085186703485643,0,0.0000,0,0.0000,1,0.2012,0,0.0000,0,0.0000,0,0.0000
371,755,493,160.0649,42.95751114162422,0.6066473906833308,2.9878,8.1765,8.1440,8.5720,16.5538,55.316795,37.10131207938136,-8.086954721014285,1,0.2028,0,0.0000,0,0.0000,1,0.2028,0,0.0000,0,0.0000
110,706,490,159.0909,9.950944647954772,1.2136601867851304,3.0204,7.4224,7.6878,7.4449,15.6939,50.122612,37.083873657111724,-8.102775688127839,0,0.0000,0,0.0000,0,0.0000,0,0.0000,0,0.0000,1,0.2041
281,295,485,157.4675,21.12388797494554,0.7934785974394415,2.9814,8.1216,8.0454,8.5814,17.1175,54.996557,37.09715244879531,-8.097589316162805,0,0.0000,0,0.0000,0,0.0000,0,0.0000,0,0.0000,0,0.0000
397,1661,483,156.8182,15.586135450110426,0.592552634684936,2.9917,8.1118,8.2112,8.2692,16.8675,54.649193,37.09105032062633,-8.10583282408693,0,0.0000,0,0.0000,0,0.0000,1,0.2070,0,0.0000,0,0.0000
662,0,473,153.5714,16.457316898644347,0.7022005018421761,3.0190,9.3975,9.0275,9.1860,19.8034,61.357844,37.10871852835231,-8.083125499825872,0,0.0000,0,0.0000,0,0.0000,0,0.0000,1,0.2114,1,0.2114
570,0,469,152.2727,12.551863427355345,0.6967306632095817,3.0043,7.3156,7.4670,7.4328,15.4670,49.367335,37.097268548891044,-8.094090575145234,0,0.0000,0,0.0000,0,0.0000,0,0.0000,0,0.0000,0,0.0000
305,1472,465,150.9740,124.00032038124658,0.8931179578586291,3.0280,7.9075,8.3032,7.6086,16.2366,52.932108,37.10534719736074,-8.089570417283548,0,0.0000,0,0.0000,0,0.0000,0,0.0000,0,0.0000,0,0.0000
105,79,459,149.0260,46.74830013890152,1.0087669193095372,2.9847,9.0022,9.3028,9.1198,19.3420,60.94414,37.095842280058726,-8.094846942091072,0,0.0000,0,0.0000,0,0.0000,0,0.0000,0,0.0000,0,0.0000
123,247,452,146.7532,56.62039155559202,1.490963347717724,2.9934,8.0796,7.9336,8.0332,16.9602,53.43646,37.09013765905911,-8.108224117947355,0,0.0000,0,0.0000,8,1.7699,0,0.0000,0,0.0000,0,0.0000
196,0,445,144.4805,26.590152720073323,0.8781638293787166,2.9797,7.7775,7.5888,8.0427,16.3169,52.019843,37.09702952550897,-8.097704682508708,2,0.4494,0,0.0000,0,0.0000,0,0.0000,0,0.0000,0,0.0000
765,0,442,143.5065,77.66867333623618,1.5021726524128634,2.9955,8.3032,7.7285,8.2624,16.5045,53.986946,37.09069479020954,-8.103510130412166,0,0.0000,0,0.0000,0,0.0000,0,0.0000,0,0.0000,0,0.0000
708,0,438,142.2078,7.129136780081274,0.3980701629701815,2.9954,8.8333,9.1895,8.8995,19.4703,59.827397,37.08468490785963,-8.108287961885654,0,0.0000,0,0.0000,1,0.2283,0,0.0000,0,0.0000,0,0.0000
221,1280,435,141.2338,56.853330680302214,1.078835409769814,2.9908,8.5563,8.7034,8.8138,19.1632,57.941264,37.09940566190515,-8.09094619567541,0,0.0000,0,0.0000,0,0.0000,0,0.0000,0,0.0000,0,0.0000
197,0,427,138.6364,28.509857995169504,1.0030959076847907,3.0070,7.6417,7.4684,7.4426,14.9625,50.116815,37.09792110938124,-8.094757756775135,0,0.0000,0,0.0000,0,0.0000,0,0.0000,0,0.0000,0,0.0000
286,0,425,137.9870,40.87993765101713,1.2019552647366243,3.0165,8.8071,8.5247,8.8635,19.0047,58.211647,37.09587669995368,-8.097028601478112,0,0.0000,2,0.4706,0,0.0000,0,0.0000,0,0.0000,0,0.0000
454,0,423,137.3377,45.075510869353096,1.2964366029058505,3.0260,7.9267,7.7329,7.3617,15.3830,51.158345,37.09852204987092,-8.093461146595402,0,0.0000,0,0.0000,0,0.0000,0,0.0000,0,0.0000,0,0.0000
229,232,420,136.3636,35.96154331025623,1.4046488286483856,3.0143,8.9119,9.3857,9.0048,19.2952,60.671953,37.0873036211602,-8.111574587393784,0,0.0000,0,0.0000,5,1.1905,0,0.0000,0,0.0000,0,0.0000
279,0,419,136.0390,28.76036886564282,1.1883108162423641,2.9880,8.1289,7.9642,7.8067,16.3317,53.110549,37.07072297590783,-8.115197479531272,0,0.0000,0,0.0000,0,0.0000,0,0.0000,0,0.0000,0,0.0000
544,0,417,135.3896,59.70831814544092,1.1966148992236572,3.0000,7.3933,7.2542,7.5923,15.8177,49.421631,37.0981349387271,-8.093602618295781,0,0.0000,1,0.2398,0,0.0000,0,0.0000,0,0.0000,0,0.0000
318,734,404,131.1688,20.915554486879028,0.7851386776950098,2.9851,7.2921,7.7946,7.4381,14.8342,50.054975,37.07019484482186,-8.114350292715148,0,0.0000,0,0.0000,0,0.0000,1,0.2475,0,0.0000,0,0.0000
329,749,404,131.1688,15.397880093295976,1.0836060016167046,3.0025,9.4158,9.2995,9.1411,20.3342,61.903144,37.0827731956179,-8.106870474446007,0,0.0000,0,0.0000,0,0.0000,0,0.0000,0,0.0000,0,0.0000
112,849,392,127.2727,122.62938921305599,1.89407722910448,3.0102,9.4107,9.0077,9.0536,20.4107,61.048699,37.07928402826189,-8.107818005751955,0,0.0000,0,0.0000,0,0.0000,0,0.0000,0,0.0000,0,0.0000
288,0,388,125.9740,47.47206242263163,1.3966035753565549,2.9793,7.7990,8.0077,7.9227,15.9923,52.731856,37.09009302346766,-8.109032428024728,0,0.0000,0,0.0000,0,0.0000,0,0.0000,0,0.0000,0,0.0000
507,0,378,122.7273,15.071360817006159,0.8971857932107202,2.9947,7.8466,7.8677,7.8783,15.8704,52.427937,37.08975343916953,-8.108802730461719,0,0.0000,0,0.0000,0,0.0000,0,0.0000,0,0.0000,0,0.0000
345,1568,359,116.5584,24.177283721263183,0.980792471233693,2.9888,9.1811,9.1671,9.2925,20.1894,61.423928,37.083140170542656,-8.105366829946252,0,0.0000,0,0.0000,1,0.2786,0,0.0000,0,0.0000,0,0.0000
217,1268,358,116.2338,127.87210884840128,1.783736834146457,2.9860,7.9330,8.1732,7.9106,18.0726,53.370615,37.08908625147923,-8.10660148440675,0,0.0000,0,0.0000,0,0.0000,0,0.0000,0,0.0000,0,0.0000
688,0,350,113.6364,30.95998712323798,0.493532163707438,2.9914,7.7914,8.0686,7.7171,16.9143,52.3936,37.07107904608311,-8.113430844815422,0,0.0000,0,0.0000,2,0.5714,0,0.0000,0,0.0000,0,0.0000
297,1454,340,110.3896,254.74585958627554,2.282865117640185,2.9763,7.5647,7.5147,7.5676,14.7118,50.326677,37.08799011155118,-8.097577286361945,0,0.0000,0,0.0000,0,0.0000,0,0.0000,0,0.0000,1,0.2941
310,1487,339,110.0649,42.61433619102546,1.517687096884117,3.0177,7.5723,7.3245,7.4838,15.2655,49.734484,37.08562275578867,-8.113594438927265,2,0.5900,0,0.0000,6,1.7699,0,0.0000,0,0.0000,0,0.0000
207,803,333,108.1169,65.49269103431129,1.0868655351905134,2.9970,8.9670,8.9249,9.1652,20.3814,60.126877,37.0970670872034,-8.090710202203315,0,0.0000,0,0.0000,7,2.1021,0,0.0000,0,0.0000,0,0.0000
53,65,333,108.1169,34.41198400835375,1.0255790869215946,3.0120,7.5225,7.8559,8.1832,16.6336,52.358739,37.10117130114779,-8.083263096995225,0,0.0000,0,0.0000,0,0.0000,0,0.0000,0,0.0000,0,0.0000
98,870,329,106.8182,6.625860187058028,0.3980201922107974,2.9878,7.2675,7.5684,8.2097,15.8754,51.212371,37.07067404637979,-8.115422676036356,0,0.0000,0,0.0000,1,0.3040,0,0.0000,0,0.0000,0,0.0000
118,0,321,104.2208,15.495422320067883,0.602013120893389,2.9906,7.5358,7.8193,7.6667,15.4860,51.159564,37.07280855921984,-8.115010964488732,0,0.0000,0,0.0000,1,0.3115,0,0.0000,1,0.3115,0,0.0000
36,0,304,98.7013,41.27987178689555,1.3059936538338661,2.9803,7.1875,7.6316,7.6349,14.5164,49.897698,37.108978306946526,-8.074958148598233,0,0.0000,0,0.0000,0,0.0000,0,0.0000,0,0.0000,0,0.0000
82,658,303,98.3766,60.08696105780191,0.9848028263508879,2.9768,7.2838,7.5578,7.3762,15.5182,49.372706,37.08539790599027,-8.102832215377125,0,0.0000,0,0.0000,0,0.0000,0,0.0000,0,0.0000,0,0.0000
79,1017,298,96.7532,36.0304539291947,1.1827054330796907,2.9865,8.5101,8.2215,7.6611,15.8289,54.205772,37.07369934881479,-8.117525484362641,0,0.0000,0,0.0000,0,0.0000,0,0.0000,0,0.0000,0,0.0000
113,0,297,96.4286,34.591094932040654,1.0875550705838848,3.0000,7.7946,7.9125,8.1246,15.9057,52.959293,37.09243591521944,-8.101572084550238,0,0.0000,0,0.0000,4,1.3468,0,0.0000,0,0.0000,0,0.0000
354,911,276,89.6104,12.456744616446288,1.0763278234264124,2.9746,7.6413,7.2283,7.5181,15.5217,49.750688,37.09787655473427,-8.094862531371446,0,0.0000,0,0.0000,2,0.7246,0,0.0000,0,0.0000,0,0.0000
428,0,260,84.4156,33.629428485795565,1.1935570969301112,3.0157,7.9115,7.9500,8.4962,16.8500,54.128116,37.09517408257093,-8.09993803466873,0,0.0000,0,0.0000,2,0.7692,0,0.0000,0,0.0000,0,0.0000
347,1574,254,82.4675,12.562422595155521,0.7093857772003007,3.0000,8.0709,7.8425,7.8819,15.5512,52.878347,37.08396897654912,-8.103999323720108,0,0.0000,0,0.0000,0,0.0000,0,0.0000,0,0.0000,1,0.3937
421,94,253,82.1429,9.058270672093267,0.48650972556926475,2.9644,7.4704,7.3992,7.1976,15.6957,49.038103,37.10452584743538,-8.085153296129349,0,0.0000,0,0.0000,0,0.0000,0,0.0000,0,0.0000,0,0.0000
42,160,251,81.4935,55.5641944246938,1.5862506100855975,2.9801,7.9681,8.5697,8.2231,17.7809,55.024542,37.082709683107666,-8.103131712222549,1,0.3984,0,0.0000,0,0.0000,0,0.0000,0,0.0000,0,0.0000
168,0,250,81.1688,35.14639254760742,1.09932710647583,2.9840,7.5520,7.6480,7.5080,15.5000,50.46224,37.08508179300686,-8.112279147067127,0,0.0000,0,0.0000,0,0.0000,0,0.0000,0,0.0000,0,0.0000
627,0,239,77.5974,10.922103735579162,0.5027761602101205,2.9832,8.0251,8.4561,8.4351,18.7950,55.369624,37.08589115944787,-8.115377650494608,0,0.0000,0,0.0000,2,0.8368,0,0.0000,0,0.0000,0,0.0000
308,0,235,76.2987,32.199249078872356,1.28861657989786,2.9957,8.3745,8.4851,8.2298,16.9574,55.754213,37.09874730502157,-8.094994010589588,0,0.0000,0,0.0000,1,0.4255,0,0.0000,2,0.8511,0,0.0000
782,0,225,73.0519,30.73392103612423,0.6015485708734819,3.0223,8.5600,7.8889,7.7378,16.0089,53.747956,37.09997770564756,-8.091538052119738,0,0.0000,0,0.0000,0,0.0000,0,0.0000,0,0.0000,0,0.0000
669,2614,225,73.0519,0.1033122996571991,0.0999497384329636,3.0222,6.9600,7.0489,7.3867,15.6622,47.5456,37.10126945616374,-8.088525447470582,0,0.0000,0,0.0000,0,0.0000,0,0.0000,0,0.0000,0,0.0000
31,782,224,72.7273,62.85781778182302,1.3060867685292448,3.0179,9.2589,8.9955,9.1250,19.9911,60.843393,37.08787942820908,-8.107791029347919,0,0.0000,0,0.0000,0,0.0000,0,0.0000,0,0.0000,0,0.0000
289,0,222,72.0779,135.11801430985733,2.0165581203795773,3.0135,7.8153,7.9865,8.1081,17.0991,53.133243,37.09306764430888,-8.108619601544753,0,0.0000,0,0.0000,0,0.0000,0,0.0000,0,0.0000,0,0.0000
34,788,217,70.4545,64.60159262643981,1.4207639117394721,2.9908,8.9493,9.3871,9.0000,19.4885,60.747235,37.08590503362929,-8.1040292673459,0,0.0000,0,0.0000,0,0.0000,0,0.0000,0,0.0000,0,0.0000
54,286,214,69.4805,20.338118300053747,0.8049906387713285,3.0095,8.1075,7.4579,7.3785,16.4206,50.986355,37.074374652874845,-8.111967298484634,0,0.0000,0,0.0000,0,0.0000,0,0.0000,1,0.4673,0,0.0000
18,0,213,69.1558,39.55884078298936,1.4854109592281037,2.9812,8.7230,7.6197,8.4836,17.3099,55.169437,37.08307584345487,-8.110807031562572,1,0.4695,0,0.0000,2,0.9390,0,0.0000,0,0.0000,1,0.4695
181,652,211,68.5065,63.704449135916576,1.4165991746243976,3.0095,7.6967,7.0474,7.3081,15.7109,49.004597,37.100130666457765,-8.0901625443337,0,0.0000,0,0.0000,1,0.4739,0,0.0000,0,0.0000,0,0.0000
690,0,197,63.9610,7.4134898076807785,0.49485582256982796,2.9949,7.1726,7.9492,7.4975,14.9543,50.265533,37.07056651102744,-8.115981558812265,0,0.0000,0,0.0000,0,0.0000,0,0.0000,0,0.0000,0,0.0000
246,313,194,62.9870,74.69778171104471,0.6144567548919837,2.9845,9.2113,9.2062,9.2629,18.2835,61.512165,37.09113881248837,-8.105792372069143,1,0.5155,0,0.0000,0,0.0000,0,0.0000,0,0.0000,0,0.0000
435,794,193,62.6623,38.65571735065836,1.0009612743718639,3.0000,7.3679,7.2798,7.2850,15.0363,48.73943,37.09568263678405,-8.100360384510383,0,0.0000,0,0.0000,0,0.0000,0,0.0000,0,0.0000,0,0.0000
143,199,186,60.3896,478.2270059483026,2.1158199015484063,3.0000,7.9086,8.2796,8.1613,16.7688,54.109839,37.09975663575118,-8.092561029250533,0,0.0000,0,0.0000,0,0.0000,0,0.0000,0,0.0000,0,0.0000
422,96,181,58.7662,6.5938644482029805,0.30598639614052253,3.0000,7.3370,7.7624,7.8287,15.3978,50.951326,37.07077028425316,-8.11413240207817,0,0.0000,0,0.0000,1,0.5525,0,0.0000,0,0.0000,0,0.0000
170,0,180,58.4416,12.433385438389248,0.5078738694389661,3.0167,7.7500,7.8333,7.6833,13.7611,51.703556,37.07106921723564,-8.115253367621388,0,0.0000,0,0.0000,1,0.5556,1,0.5556,0,0.0000,0,0.0000
457,0,165,53.5714,24.428550100908048,1.2030753064446333,3.0427,7.3879,7.8545,7.3333,15.8424,50.168364,37.070740756232155,-8.118155922164396,0,0.0000,0,0.0000,0,0.0000,0,0.0000,0,0.0000,0,0.0000
164,0,162,52.5974,44.183485766987744,1.6260507566693387,2.9938,8.2284,8.3457,8.8642,18.4198,56.529815,37.08265859949792,-8.112984421828344,1,0.6173,0,0.0000,0,0.0000,0,0.0000,0,0.0000,0,0.0000
696,0,161,52.2727,27.911620659164235,0.8195891259591789,3.0190,7.9503,7.5280,7.9130,15.5963,51.980932,37.08481896367766,-8.1081682281171,0,0.0000,0,0.0000,0,0.0000,0,0.0000,0,0.0000,0,0.0000
49,262,156,50.6494,13.095471605077966,1.5230931229405589,3.0325,7.7885,7.0897,7.4615,16.0385,49.643782,37.08296299182713,-8.113280993351513,0,0.0000,0,0.0000,0,0.0000,0,0.0000,0,0.0000,0,0.0000
602,0,148,48.0519,0.3153676571590558,0.20208127492544595,3.0000,7.3649,7.6486,8.0000,15.2838,51.141216,37.0950936568024,-8.100709644063835,0,0.0000,0,0.0000,0,0.0000,0,0.0000,0,0.0000,0,0.0000
200,719,147,47.7273,1.0162828355824864,0.7115763581934432,3.0204,8.1361,7.2381,7.1429,15.2585,50.037755,37.0964843469648,-8.092985693638742,0,0.0000,0,0.0000,1,0.6803,0,0.0000,0,0.0000,0,0.0000
93,0,141,45.7792,0.10011400862312922,1.5901108037495444,2.9716,7.9078,8.0071,7.9787,15.9149,53.096525,37.091196304366825,-8.09269251402868,0,0.0000,0,0.0000,0,0.0000,0,0.0000,0,0.0000,0,0.0000
704,0,140,45.4545,2.7080272082771573,0.29022823678595705,2.9571,7.7429,8.3143,8.0000,15.1286,53.461,37.0992361925389,-8.088831468088287,0,0.0000,0,0.0000,0,0.0000,0,0.0000,0,0.0000,0,0.0000
135,0,132,42.8571,24.548045922781675,0.7931633823700533,3.0076,8.1364,7.6136,7.5833,15.9470,51.851818,37.08981924518433,-8.099330493652689,0,0.0000,0,0.0000,0,0.0000,0,0.0000,0,0.0000,0,0.0000
779,0,129,41.8831,19.833337946455607,0.915013602537702,3.0388,7.9225,7.7287,7.9147,15.9767,52.368527,37.074851207466054,-8.110398959124385,0,0.0000,0,0.0000,0,0.0000,0,0.0000,0,0.0000,0,0.0000
317,0,122,39.6104,83.06231171185853,1.6937201726632038,3.0000,7.6475,7.6967,7.1967,14.3197,50.090656,37.087165196877166,-8.100869489812187,0,0.0000,1,0.8197,0,0.0000,0,0.0000,0,0.0000,0,0.0000
306,1475,120,38.9610,352.35586598714195,2.056925442814827,2.9750,8.2583,7.9917,8.0833,16.8417,54.0745,37.10689530027472,-8.09114219294754,0,0.0000,0,0.0000,0,0.0000,0,0.0000,0,0.0000,0,0.0000
372,758,118,38.3117,110.96932310977225,1.076944630024797,2.9661,8.1695,7.9407,7.7712,17.7203,53.069661,37.0985255964921,-8.091902824724997,0,0.0000,0,0.0000,0,0.0000,0,0.0000,0,0.0000,0,0.0000
119,0,117,37.9870,38.70253858810816,1.2726478933269139,2.9744,8.5556,7.9915,7.9487,16.1966,54.434958,37.07171593084358,-8.11232811221172,0,0.0000,0,0.0000,0,0.0000,0,0.0000,0,0.0000,0,0.0000
90,876,114,37.0130,4.095156089255684,0.2988311197412636,2.9825,7.7632,7.6579,7.6842,15.0877,51.345176,37.07150427146802,-8.11427470717489,0,0.0000,0,0.0000,0,0.0000,0,0.0000,0,0.0000,0,0.0000
340,0,112,36.3636,23.354624973876135,0.8741562656526056,2.9911,9.1607,9.3214,9.0446,18.1696,61.170447,37.07187023998325,-8.11425541483358,0,0.0000,0,0.0000,0,0.0000,0,0.0000,0,0.0000,0,0.0000
160,1142,109,35.3896,89.40397187329214,2.2759903767786986,2.9908,7.3945,7.1743,7.1284,15.5596,48.216055,37.098193945064835,-8.095957251362307,0,0.0000,0,0.0000,0,0.0000,0,0.0000,0,0.0000,0,0.0000
714,0,109,35.3896,8.299509538423031,0.5052183062658397,2.9817,7.6972,8.2385,7.7064,17.4862,52.537982,37.09780774745728,-8.09157574227074,0,0.0000,0,0.0000,1,0.9174,0,0.0000,0,0.0000,0,0.0000
375,767,109,35.3896,205.126982522667,1.1809410365349655,3.0183,8.2477,7.8624,8.8073,16.5321,55.371743,37.10014082208136,-8.087598133743047,1,0.9174,0,0.0000,0,0.0000,0,0.0000,0,0.0000,0,0.0000
157,1133,108,35.0649,81.67861323886447,1.6799797321911214,2.9815,8.9537,8.6944,9.3056,18.5833,59.897593,37.10196772755571,-8.089437419984623,0,0.0000,0,0.0000,0,0.0000,0,0.0000,0,0.0000,0,0.0000
124,0,107,34.7403,40.04951428030139,1.382334288035598,3.0093,8.2804,7.7757,8.5701,18.4112,54.72486,37.08860502265935,-8.094877286024193,0,0.0000,0,0.0000,0,0.0000,0,0.0000,0,0.0000,0,0.0000
398,1664,106,34.4156,25.420879004136573,1.203457913871081,3.0377,7.9811,8.2358,8.6698,16.9906,55.304057,37.089187841474846,-8.109145125779333,0,0.0000,0,0.0000,0,0.0000,0,0.0000,0,0.0000,0,0.0000
525,0,106,34.4156,104.72877077375139,0.9136899618875411,3.0190,7.7358,7.6038,8.0755,16.1698,52.033868,37.07698925088485,-8.113478265339301,0,0.0000,0,0.0000,0,0.0000,0,0.0000,0,0.0000,0,0.0000
242,0,105,34.0909,50.059251656899086,1.514167530032305,3.0192,8.9905,7.2476,7.2762,17.2095,52.254095,37.100794036368356,-8.090448648974913,0,0.0000,0,0.0000,0,0.0000,0,0.0000,0,0.0000,0,0.0000
154,1124,102,33.1169,103.97927752579793,1.8170532489767173,3.0000,8.1471,8.9608,8.5294,18.9020,56.972157,37.099301419232894,-8.090647766316373,0,0.0000,0,0.0000,0,0.0000,0,0.0000,0,0.0000,0,0.0000
134,0,100,32.4675,29.59975525379181,0.9914372244477272,2.9500,8.3100,7.9400,7.7900,15.9800,53.4227,37.08137592542434,-8.103317042829165,0,0.0000,0,0.0000,0,0.0000,0,0.0000,0,0.0000,0,0.0000
55,289,99,32.1429,78.56783252292209,1.7005455241058816,3.0202,7.6768,7.5354,8.1818,15.3030,51.986061,37.07293747718273,-8.111604977974107,0,0.0000,0,0.0000,0,0.0000,0,0.0000,0,0.0000,0,0.0000
282,298,97,31.4935,50.77880818081885,1.6213459034555966,3.0000,8.2371,8.4639,8.2990,15.6392,55.555567,37.09730654502119,-8.09176294460566,0,0.0000,0,0.0000,0,0.0000,0,0.0000,0,0.0000,0,0.0000
698,0,93,30.1948,26.087214644237232,1.2998423352036428,3.0000,7.9570,7.7634,7.9892,17.0430,52.688387,37.08258827050764,-8.109722236402414,0,0.0000,0,0.0000,0,0.0000,0,0.0000,0,0.0000,0,0.0000
594,0,92,29.8701,31.826220735259678,1.1808982776558916,2.9348,7.1522,7.8478,7.7174,15.6848,50.483696,37.071869637855144,-8.11390478710189,1,1.0870,0,0.0000,0,0.0000,0,0.0000,0,0.0000,1,1.0870
550,137,90,29.2208,18.574810383054945,1.0041513542334235,3.0111,8.0556,7.9333,8.4000,15.2111,54.197667,37.0694830689999,-8.114173429194759,0,0.0000,0,0.0000,0,0.0000,0,0.0000,0,0.0000,0,0.0000
85,0,83,26.9481,90.51384823496748,1.8560242274912389,3.0244,7.6988,8.8072,9.1084,17.5060,56.921205,37.08484272224752,-8.109996371419713,0,0.0000,0,0.0000,0,0.0000,0,0.0000,0,0.0000,0,0.0000
171,0,82,26.6234,22.712387767838845,1.1785217369044272,2.9753,8.1341,7.5366,7.7683,14.3049,52.086464,37.06847355453736,-8.114807201624226,0,0.0000,0,0.0000,0,0.0000,0,0.0000,0,0.0000,0,0.0000
971,0,80,25.9740,33.99301031827927,0.5914478376507751,3.0000,8.1500,7.9625,7.1125,15.5250,51.611,37.093401006423406,-8.090584556596108,0,0.0000,0,0.0000,0,0.0000,0,0.0000,0,0.0000,0,0.0000
14,619,73,23.7013,9.90420035140155,0.5861437039016045,2.9726,8.4521,7.3973,7.0411,14.5342,50.867671,37.07443563052526,-8.112020162014694,0,0.0000,0,0.0000,0,0.0000,0,0.0000,0,0.0000,0,0.0000
996,0,68,22.0779,17.72216986207401,0.5029194085475277,2.9559,7.4706,8.9412,7.6029,18.3529,53.36603,37.09567091837897,-8.095965345746642,0,0.0000,0,0.0000,0,0.0000,0,0.0000,0,0.0000,0,0.0000
330,752,59,19.1558,80.0087489596868,1.9888293056164765,2.9831,9.8475,9.4068,8.9322,21.3898,62.636949,37.079495002926805,-8.114106433636215,0,0.0000,0,0.0000,0,0.0000,0,0.0000,0,0.0000,0,0.0000
80,1020,55,17.8571,82.48873818137429,1.618092411214655,3.0182,8.7636,8.2727,7.5091,17.3091,54.545454,37.074467808226665,-8.115446180507558,0,0.0000,0,0.0000,1,1.8182,0,0.0000,0,0.0000,0,0.0000
346,1571,54,17.5325,58.271730723204435,1.4602354477953028,2.9815,9.8889,8.6667,9.1481,19.7407,61.564259,37.07255766259988,-8.111721986378368,0,0.0000,0,0.0000,0,0.0000,0,0.0000,0,0.0000,0,0.0000
99,873,51,16.5584,67.75895709991455,1.3624210977554316,3.1000,7.0588,8.5490,6.9020,15.6275,50.021373,37.07118172220015,-8.116408848900921,0,0.0000,0,0.0000,0,0.0000,0,0.0000,0,0.0000,0,0.0000
247,316,48,15.5844,153.56440631548563,1.1863799691200267,3.0208,9.4375,8.0833,9.8542,19.2708,60.833333,37.09227200782929,-8.108944647405927,0,0.0000,0,0.0000,0,0.0000,0,0.0000,0,0.0000,0,0.0000
205,1247,42,13.6364,118.84385249728248,1.1545111097040632,2.9762,7.9524,6.4286,7.5952,15.0714,48.835952,37.08153976225205,-8.10354190931012,0,0.0000,0,0.0000,0,0.0000,0,0.0000,0,0.0000,0,0.0000
348,1577,42,13.6364,70.07939665658134,1.500924942039308,3.0714,7.5476,8.1429,8.0952,14.9048,52.856905,37.0737216331922,-8.111109488862681,0,0.0000,0,0.0000,0,0.0000,0,0.0000,0,0.0000,0,0.0000
319,737,37,12.0130,94.5102163778769,1.8640009100372719,3.1081,8.2703,8.4054,7.4324,15.2703,53.573784,37.0692770645129,-8.115963767802564,1,2.7027,0,0.0000,0,0.0000,0,0.0000,0,0.0000,1,2.7027
376,770,36,11.6883,608.3703456333706,1.6427192040852137,3.0286,8.4722,7.5278,8.0278,14.7500,53.395278,37.095820531832004,-8.091609021574492,0,0.0000,0,0.0000,0,0.0000,0,0.0000,0,0.0000,0,0.0000
373,761,31,10.0649,104.24253156108242,1.4712291571401765,3.0000,9.2581,8.2258,7.9032,19.0000,56.416452,37.09935213678164,-8.088523059582624,0,0.0000,0,0.0000,0,0.0000,0,0.0000,0,0.0000,0,0.0000
132,0,28,9.0909,,,3.1071,6.8571,6.0357,5.5714,14.5000,41.0325,37.09744717265939,-8.101498469762742,0,0.0000,0,0.0000,0,0.0000,0,0.0000,0,0.0000,0,0.0000
169,202,24,7.7922,66.74630014101665,1.6695266067981722,2.9583,8.2917,8.4583,10.0000,14.8333,59.445,37.082515859748675,-8.101194602438364,0,0.0000,0,0.0000,0,0.0000,0,0.0000,0,0.0000,0,0.0000
669,2618,19,6.1688,0.108343651311265,0.09960165412889499,3.0000,6.4737,8.4211,7.8947,14.8947,50.643684,37.094884653396406,-8.119585667995374,0,0.0000,0,0.0000,0,0.0000,0,0.0000,0,0.0000,0,0.0000
75,69,18,5.8442,111.89047220018175,1.0222330888112374,3.0000,9.2778,10.5556,10.7778,20.0556,68.025556,37.07373601324595,-8.111908349883977,0,0.0000,0,0.0000,0,0.0000,0,0.0000,0,0.0000,0,0.0000
669,2616,17,5.5195,0.09387163511093881,0.09445789850809885,3.0000,7.8824,7.4706,6.0000,12.4118,47.451176,37.09841033020424,-8.101683551354816,0,0.0000,0,0.0000,0,0.0000,0,0.0000,0,0.0000,0,0.0000
91,879,13,4.2208,137.63899935208835,1.5106565585503209,3.0000,5.0000,7.3077,8.6923,17.5385,46.666154,37.083118516060026,-8.101688075826562,0,0.0000,0,0.0000,0,0.0000,0,0.0000,0,0.0000,0,0.0000
94,1044,12,3.8961,36.41983652114868,1.454331964254379,3.0000,6.8333,4.0833,6.9167,12.0000,39.630833,37.07395375379837,-8.114629250940881,0,0.0000,0,0.0000,0,0.0000,0,0.0000,0,0.0000,0,0.0000
15,622,9,2.9221,26.758531888326008,0.93630168835322,2.7778,7.1111,6.1111,6.5556,13.8889,43.948889,37.06819341331518,-8.109915490579676,0,0.0000,0,0.0000,0,0.0000,0,0.0000,0,0.0000,0,0.0000
248,319,7,2.2727,210.1366729736328,2.026363577161517,3.0000,7.5714,8.8571,8.4286,20.2857,55.238572,37.08992162197898,-8.091043496058141,0,0.0000,0,0.0000,0,0.0000,0,0.0000,0,0.0000,0,0.0000
132,59,7,2.2727,,,3.0000,6.0000,7.0000,3.7143,18.7143,37.142857,37.09443493004299,-8.086574685122036,0,0.0000,0,0.0000,0,0.0000,0,0.0000,0,0.0000,0,0.0000
76,71,5,1.6234,282.9810333251953,1.3459040880203221,3.0000,9.8000,7.4000,10.4000,28.2000,61.334,37.06840510457211,-8.114119929988107,0,0.0000,0,0.0000,0,0.0000,0,0.0000,0,0.0000,0,0.0000
759,0,2,0.6494,5.631880044937135,0.43662078678607996,3.0000,2.0000,4.0000,12.5000,16.5000,41.115,37.11136495465466,-8.04255622875603,0,0.0000,0,0.0000,0,0.0000,0,0.0000,0,0.0000,0,0.0000
443,861,2,0.6494,21.94407844543457,0.696105688810345,3.0000,9.5000,4.5000,12.0000,24.0000,57.779999,37.08612845972459,-8.11103066956477,0,0.0000,0,0.0000,0,0.0000,0,0.0000,0,0.0000,0,0.0000
260,211,2,0.6494,54.36705780029297,1.37650853395462,3.0000,9.5000,10.5000,10.0000,22.5000,66.67,37.07687247413064,-8.109409940674345,0,0.0000,0,0.0000,0,0.0000,0,0.0000,0,0.0000,0,0.0000
103,77,2,0.6494,94.68061065673828,1.5855120420455902,3.0000,7.5000,14.5000,9.0000,29.5000,68.889999,37.100244411205665,-8.05598768441368,0,0.0000,0,0.0000,0,0.0000,0,0.0000,0,0.0000,0,0.0000
587,0,2,0.6494,5.9290554523468,0.420690864324565,3.0000,8.5000,5.5000,8.5000,12.5000,50.0,37.0761211050347,-8.122167852105129,0,0.0000,0,0.0000,0,0.0000,0,0.0000,0,0.0000,0,0.0000
425,0,2,0.6494,1.46597868204117,0.45965495705605,3.0000,13.5000,9.0000,4.0000,25.0000,58.889999,37.07737604692923,-8.07094379792504,0,0.0000,0,0.0000,0,0.0000,0,0.0000,0,0.0000,0,0.0000
728,0,1,0.3247,9.13454151153564,0.43776220083237,3.0000,4.0000,7.0000,8.0000,5.0000,42.220001,37.14173090949362,-8.0311344314299,0,0.0000,0,0.0000,0,0.0000,0,0.0000,0,0.0000,0,0.0000
501,0,1,0.3247,8.83206176757812,0.58725273609161,3.0000,4.0000,5.0000,5.0000,1.0000,31.110001,37.06613003152033,-8.09968452262398,0,0.0000,0,0.0000,0,0.0000,0,0.0000,0,0.0000,0,0.0000
272,0,1,0.3247,40.35965728759766,0.9070035815239,2.0000,7.0000,13.0000,13.0000,30.0000,73.330002,37.10468166288916,-8.05823977803019,0,0.0000,0,0.0000,0,0.0000,0,0.0000,0,0.0000,0,0.0000
325,0,1,0.3247,40.85479736328125,0.79048264026642,3.0000,0.0000,3.0000,15.0000,9.0000,40.0,37.09169272676464,-8.09362836221198,0,0.0000,0,0.0000,0,0.0000,0,0.0000,0,0.0000,0,0.0000
634,0,1,0.3247,27.59297180175781,1.15586876869202,3.0000,3.0000,9.0000,6.0000,17.0000,40.0,37.06013093645464,-8.08509941464801,0,0.0000,0,0.0000,0,0.0000,0,0.0000,0,0.0000,0,0.0000
198,855,1,0.3247,2.69277310371399,0.60738152265549,3.0000,14.0000,11.0000,6.0000,19.0000,68.889999,37.06561444493342,-8.11085988876013,0,0.0000,0,0.0000,0,0.0000,0,0.0000,0,0.0000,0,0.0000
388,691,1,0.3247,50.95423126220703,0.98115503787994,3.0000,4.0000,4.0000,4.0000,10.0000,26.67,37.07023163765248,-8.10667958904157,0,0.0000,0,0.0000,0,0.0000,0,0.0000,0,0.0000,0,0.0000
8,184,1,0.3247,33.39799499511719,1.13915991783142,3.0000,4.0000,7.0000,1.0000,28.0000,26.67,37.13813942628517,-8.01784118279521,0,0.0000,0,0.0000,0,0.0000,0,0.0000,0,0.0000,0,0.0000
188,1208,1,0.3247,1.2333060503006,0.70152795314789,3.0000,10.0000,10.0000,2.0000,5.0000,48.889999,37.07398495576189,-8.10173178951127,0,0.0000,0,0.0000,0,0.0000,0,0.0000,0,0.0000,0,0.0000
299,1460,1,0.3247,82.4647216796875,0.87324678897858,3.0000,2.0000,4.0000,12.0000,7.0000,40.0,37.13391313507553,-8.00898037649706,0,0.0000,0,0.0000,0,0.0000,0,0.0000,0,0.0000,0,0.0000
69,664,1,0.3247,2.70009732246399,0.60378921031952,3.0000,7.0000,11.0000,8.0000,29.0000,57.779999,37.0955622026886,-8.10642366012437,0,0.0000,0,0.0000,0,0.0000,0,0.0000,0,0.0000,0,0.0000
618,2246,1,0.3247,6.5919904708862305,0.53845328092575,3.0000,4.0000,11.0000,12.0000,34.0000,60.0,37.063651,-8.094306,0,0.0000,0,0.0000,0,0.0000,0,0.0000,0,0.0000,0,0.0000
276,0,1,0.3247,3.13593649864197,0.35368436574936,3.0000,14.0000,7.0000,0.0000,20.0000,46.669998,37.0684460367127,-8.101134664049649,0,0.0000,0,0.0000,0,0.0000,0,0.0000,0,0.0000,0,0.0000
502,0,1,0.3247,41.7682991027832,0.94885575771332,3.0000,1.0000,5.0000,12.0000,30.0000,40.0,37.12826972240038,-8.02593613911386,0,0.0000,0,0.0000,0,0.0000,0,0.0000,0,0.0000,0,0.0000
226,0,1,0.3247,349.9839172363281,2.61215257644653,3.0000,1.0000,13.0000,11.0000,8.0000,55.560001,37.07393031700553,-8.12681548322776,0,0.0000,0,0.0000,0,0.0000,0,0.0000,0,0.0000,0,0.0000
449,888,1,0.3247,27.23236274719238,0.61291933059692,3.0000,9.0000,4.0000,5.0000,30.0000,40.0,37.07151995232713,-8.11461383185529,0,0.0000,0,0.0000,0,0.0000,0,0.0000,0,0.0000,0,0.0000
712,0,1,0.3247,66.7664794921875,0.82578659057617,3.0000,1.0000,8.0000,4.0000,21.0000,28.889999,37.14058253491039,-8.0370149176413,0,0.0000,0,0.0000,0,0.0000,0,0.0000,0,0.0000,0,0.0000
187,1205,1,0.3247,0.45022869110107,0.41436892747879,3.0000,8.0000,8.0000,4.0000,24.0000,44.439999,37.08989438462181,-8.1646279629333,0,0.0000,0,0.0000,0,0.0000,0,0.0000,0,0.0000,0,0.0000
390,818,1,0.3247,8.01486587524414,0.57476377487183,3.0000,5.0000,5.0000,7.0000,14.0000,37.779999,37.11630045256284,-8.14260386673955,0,0.0000,0,0.0000,0,0.0000,0,0.0000,0,0.0000,0,0.0000
253,0,1,0.3247,25.40563011169434,0.9566730260849,3.0000,12.0000,6.0000,3.0000,5.0000,46.669998,37.0916327735107,-8.11273683611401,0,0.0000,0,0.0000,0,0.0000,0,0.0000,0,0.0000,0,0.0000
595,0,1,0.3247,0.42926001548767,0.09124775975943,3.0000,5.0000,5.0000,9.0000,6.0000,42.220001,37.07832541026568,-8.1100920606085,0,0.0000,0,0.0000,0,0.0000,0,0.0000,0,0.0000,0,0.0000
597,0,1,0.3247,33.10132598876953,0.69284927845001,3.0000,0.0000,5.0000,15.0000,2.0000,44.439999,37.08120751479336,-8.11299278722959,0,0.0000,0,0.0000,0,0.0000,0,0.0000,0,0.0000,0,0.0000
258,205,1,0.3247,6.85396862030029,0.37032979726791,3.0000,4.0000,7.0000,4.0000,12.0000,33.330002,37.08787893104365,-8.1564321750156,0,0.0000,0,0.0000,0,0.0000,0,0.0000,0,0.0000,0,0.0000
416,0,1,0.3247,81.21759796142578,1.78518831729889,4.0000,15.0000,11.0000,15.0000,14.0000,91.110001,37.08128991018695,-8.08868145067852,0,0.0000,0,0.0000,0,0.0000,0,0.0000,0,0.0000,0,0.0000
351,30,1,0.3247,0.44632142782211,0.22952139377594,3.0000,13.0000,9.0000,11.0000,13.0000,73.330002,37.06543033013119,-8.11111583327711,0,0.0000,0,0.0000,0,0.0000,0,0.0000,0,0.0000,0,0.0000
722,0,1,0.3247,1.33342015743256,0.31127402186394,3.0000,6.0000,4.0000,5.0000,25.0000,33.330002,37.07897095458067,-8.11282215305256,0,0.0000,0,0.0000,0,0.0000,0,0.0000,0,0.0000,0,0.0000
148,193,1,0.3247,12.46322631835938,3.19110107421875,3.0000,5.0000,13.0000,15.0000,34.0000,73.330002,37.06948198505885,-8.11154240947173,0,0.0000,0,0.0000,0,0.0000,0,0.0000,0,0.0000,0,0.0000
615,0,1,0.3247,163.8800811767578,1.04122233390808,3.0000,10.0000,0.0000,13.0000,30.0000,51.110001,37.0901986159148,-8.12877817731948,0,0.0000,0,0.0000,0,0.0000,0,0.0000,0,0.0000,0,0.0000
444,864,1,0.3247,67.42179870605469,1.41978681087494,3.0000,7.0000,14.0000,6.0000,20.0000,60.0,37.05941623004652,-8.08458770963507,0,0.0000,0,0.0000,0,0.0000,0,0.0000,0,0.0000,0,0.0000
257,1364,1,0.3247,60.93227005004883,2.8764925003051802,5.0000,9.0000,13.0000,13.0000,24.0000,77.779999,37.13570409749206,-8.01571108195516,0,0.0000,0,0.0000,0,0.0000,0,0.0000,0,0.0000,0,0.0000
392,824,1,0.3247,64.03555297851562,1.21993541717529,3.0000,11.0000,4.0000,12.0000,31.0000,60.0,37.11076304759706,-8.13236236372417,0,0.0000,0,0.0000,0,0.0000,0,0.0000,0,0.0000,0,0.0000
213,827,1,0.3247,34.44655990600586,0.73810964822769,3.0000,7.0000,0.0000,14.0000,21.0000,46.669998,37.07581333027809,-8.11879458715528,0,0.0000,0,0.0000,0,0.0000,0,0.0000,0,0.0000,0,0.0000
393,0,1,0.3247,5.09693670272827,0.37573805451393,3.0000,2.0000,12.0000,13.0000,9.0000,60.0,37.073402,-8.101721,0,0.0000,0,0.0000,0,0.0000,0,0.0000,0,0.0000,0,0.0000
6,178,1,0.3247,126.30503845214844,1.85126030445099,3.0000,11.0000,13.0000,7.0000,27.0000,68.889999,37.08882997768589,-8.12203697074932,0,0.0000,0,0.0000,0,0.0000,0,0.0000,0,0.0000,0,0.0000
43,265,1,0.3247,8.04955101013184,0.60594522953033,3.0000,9.0000,15.0000,4.0000,3.0000,62.220001,37.07713928862196,-8.12980221260226,0,0.0000,0,0.0000,0,0.0000,0,0.0000,0,0.0000,0,0.0000
140,1104,1,0.3247,6.52218723297119,0.39989161491394,3.0000,9.0000,6.0000,12.0000,11.0000,60.0,37.07604265223964,-8.13364247298617,0,0.0000,0,0.0000,0,0.0000,0,0.0000,0,0.0000,0,0.0000
